date,BND,VT
2011-01-03,0.4,0.6
2011-01-04,0.4004285144156928,0.5995714855843072
2011-01-05,0.3992789699191769,0.6007210300808231
2011-01-06,0.4011899132171982,0.5988100867828018
2011-01-07,0.40289619396934745,0.5971038060306526
2011-01-10,0.4044778504559921,0.595522149544008
2011-01-11,0.401879062352672,0.598120937647328
2011-01-12,0.39809861921213757,0.6019013807878625
2011-01-13,0.398992756531541,0.601007243468459
2011-01-14,0.3972390813131063,0.6027609186868937
2011-01-18,0.39626705347260727,0.6037329465273927
2011-01-19,0.3986750554034432,0.6013249445965567
2011-01-20,0.39906415508100995,0.6009358449189901
2011-01-21,0.39894846625070585,0.6010515337492941
2011-01-24,0.39734148908893285,0.6026585109110673
2011-01-25,0.39865674264145556,0.6013432573585444
2011-01-26,0.3963486607579824,0.6036513392420175
2011-01-27,0.3960938966368454,0.6039061033631546
2011-01-28,0.4018855990778191,0.5981144009221809
2011-01-31,0.39931728587429194,0.6006827141257081
2011-02-01,0.39425658395853924,0.6057434160414608
2011-02-02,0.3945199164651316,0.6054800835348684
2011-02-03,0.39342096831431145,0.6065790316856886
2011-02-04,0.3923206828756689,0.6076793171243311
2011-02-07,0.39172464586893957,0.6082753541310605
2011-02-08,0.389775353229242,0.6102246467707579
2011-02-09,0.39188137667014245,0.6081186233298576
2011-02-10,0.3924328167411663,0.6075671832588337
2011-02-11,0.39184520557220304,0.608154794427797
2011-02-14,0.39153836271149317,0.6084616372885069
2011-02-15,0.3923971457039317,0.6076028542960684
2011-02-16,0.3907134579070071,0.6092865420929928
2011-02-17,0.3897402300757095,0.6102597699242904
2011-02-18,0.3889830113310569,0.611016988668943
2011-02-22,0.39602313840816195,0.603976861591838
2011-02-23,0.3966771257955141,0.6033228742044859
2011-02-24,0.3965743001682171,0.6034256998317828
2011-02-25,0.3947050190454625,0.6052949809545375
2011-02-28,0.3931102325983699,0.6068897674016301
2011-03-01,0.3962270084122233,0.6037729915877768
2011-03-02,0.3944414243698589,0.6055585756301411
2011-03-03,0.3898999284284263,0.6101000715715738
2011-03-04,0.39251451872747944,0.6074854812725204
2011-03-07,0.3941653870048874,0.6058346129951125
2011-03-08,0.39265846364215545,0.6073415363578446
2011-03-09,0.3934602210743189,0.606539778925681
2011-03-10,0.4000697546839107,0.5999302453160893
2011-03-11,0.3992122150639774,0.6007877849360226
2011-03-14,0.4015283332925499,0.5984716667074501
2011-03-15,0.4061021756744667,0.5938978243255333
2011-03-16,0.41291295113199583,0.5870870488680042
2011-03-17,0.4072367267717853,0.5927632732282148
2011-03-18,0.4052799602013461,0.5947200397986538
2011-03-21,0.3998566544747004,0.6001433455252996
2011-03-22,0.400260476146655,0.5997395238533451
2011-03-23,0.3998255083604948,0.6001744916395051
2011-03-24,0.3963567363920466,0.6036432636079535
2011-03-25,0.3964659756337027,0.6035340243662972
2011-03-28,0.3969383547032496,0.6030616452967504
2011-03-29,0.3948208179358613,0.6051791820641388
2011-03-30,0.3928833434579784,0.6071166565420216
2011-03-31,0.39290232154656296,0.607097678453437
2011-04-01,0.4,0.6
2011-04-04,0.39991855873959004,0.60008144126041
2011-04-05,0.3993779157045524,0.6006220842954475
2011-04-06,0.39782998007688813,0.6021700199231119
2011-04-07,0.3985761066495663,0.6014238933504338
2011-04-08,0.3981883435538008,0.6018116564461993
2011-04-11,0.3989315074734671,0.6010684925265329
2011-04-12,0.40222019323369057,0.5977798067663094
2011-04-13,0.40228516394887,0.59771483605113
2011-04-14,0.4013476998301343,0.5986523001698657
2011-04-15,0.40200132868160077,0.5979986713183992
2011-04-18,0.4064908632017884,0.5935091367982116
2011-04-19,0.4047348337059542,0.5952651662940458
2011-04-20,0.39984985493406444,0.6001501450659354
2011-04-21,0.3983758092838374,0.6016241907161625
2011-04-25,0.3987599797825607,0.6012400202174393
2011-04-26,0.3978612986904478,0.6021387013095522
2011-04-27,0.3957432666678694,0.6042567333321305
2011-04-28,0.39563261195279303,0.6043673880472069
2011-04-29,0.39494490474727256,0.6050550952527274
2011-05-02,0.39570338922851744,0.6042966107714826
2011-05-03,0.3977757258067302,0.6022242741932698
2011-05-04,0.40041235381210066,0.5995876461878994
2011-05-05,0.40436616150969207,0.5956338384903078
2011-05-06,0.4034451144669505,0.5965548855330496
2011-05-09,0.40236953346478105,0.5976304665352189
2011-05-10,0.39916044206268797,0.600839557937312
2011-05-11,0.40370816541442806,0.596291834585572
2011-05-12,0.40327978174672385,0.5967202182532761
2011-05-13,0.4064699945009955,0.5935300054990045
2011-05-16,0.4078585048798038,0.5921414951201962
2011-05-17,0.4075162853386264,0.5924837146613737
2011-05-18,0.40476332040537966,0.5952366795946203
2011-05-19,0.4041480014074428,0.5958519985925571
2011-05-20,0.4069046241127594,0.5930953758872405
2011-05-23,0.41125893571666217,0.5887410642833377
2011-05-24,0.41061864570793655,0.5893813542920634
2011-05-25,0.40933375243850983,0.5906662475614901
2011-05-26,0.4079068100290609,0.5920931899709391
2011-05-27,0.40640116034423424,0.5935988396557657
2011-05-31,0.4032605422053827,0.5967394577946173
2011-06-01,0.40955487421432096,0.5904451257856791
2011-06-02,0.40828711686324487,0.5917128831367552
2011-06-03,0.40947901817275933,0.5905209818272407
2011-06-06,0.41266711886665325,0.5873328811333467
2011-06-07,0.41187859728281606,0.588121402717184
2011-06-08,0.4138346337711371,0.586165366228863
2011-06-09,0.411298247771473,0.5887017522285269
2011-06-10,0.4165138349060069,0.5834861650939932
2011-06-13,0.41577380952061943,0.5842261904793806
2011-06-14,0.41108521940290493,0.5889147805970951
2011-06-15,0.41821626614607965,0.5817837338539202
2011-06-16,0.4192298909125046,0.5807701090874954
2011-06-17,0.4179440941148204,0.5820559058851795
2011-06-20,0.4174447421150451,0.5825552578849549
2011-06-21,0.41315221120076634,0.5868477887992336
2011-06-22,0.4148515324185463,0.5851484675814537
2011-06-23,0.41674663219430974,0.5832533678056903
2011-06-24,0.4194598804760555,0.5805401195239445
2011-06-27,0.4167745193400825,0.5832254806599175
2011-06-28,0.4125876594245752,0.5874123405754248
2011-06-29,0.4089577440213603,0.5910422559786398
2011-06-30,0.4055968676198393,0.5944031323801607
2011-07-01,0.4,0.6
2011-07-05,0.4013202932918521,0.598679706708148
2011-07-06,0.4021337188553495,0.5978662811446505
2011-07-07,0.39935874005782473,0.6006412599421752
2011-07-08,0.40296742880217906,0.5970325711978209
2011-07-11,0.4093823856136403,0.5906176143863597
2011-07-12,0.41144218936435556,0.5885578106356444
2011-07-13,0.40935544225083964,0.5906445577491605
2011-07-14,0.41025705531854023,0.5897429446814598
2011-07-15,0.4092258126823604,0.5907741873176396
2011-07-18,0.41196070161081905,0.5880392983891809
2011-07-19,0.40862182577743655,0.5913781742225636
2011-07-20,0.40673142434936876,0.5932685756506313
2011-07-21,0.4023176365749473,0.5976823634250528
2011-07-22,0.402917494860935,0.597082505139065
2011-07-25,0.40398221716491534,0.5960177828350847
2011-07-26,0.40418876805661097,0.595811231943389
2011-07-27,0.4089674026550925,0.5910325973449075
2011-07-28,0.41007058812455766,0.5899294118754423
2011-07-29,0.4117530180840467,0.5882469819159534
2011-08-01,0.4143572159542293,0.5856427840457706
2011-08-02,0.4215588191327964,0.5784411808672035
2011-08-03,0.42076241237243717,0.5792375876275628
2011-08-04,0.4371677291276254,0.5628322708723745
2011-08-05,0.43452769724063234,0.5654723027593676
2011-08-08,0.4545857514320442,0.5454142485679557
2011-08-09,0.44190162603552374,0.5580983739644763
2011-08-10,0.456220525098809,0.543779474901191
2011-08-11,0.4421297116386288,0.5578702883613712
2011-08-12,0.4406956859301374,0.5593043140698626
2011-08-15,0.43485125031230415,0.5651487496876958
2011-08-16,0.4381498190194172,0.5618501809805828
2011-08-17,0.43749714642110676,0.5625028535788932
2011-08-18,0.4492806426955218,0.5507193573044781
2011-08-19,0.4532815591913262,0.5467184408086739
2011-08-22,0.4525452519231758,0.5474547480768241
2011-08-23,0.44338995891969785,0.5566100410803022
2011-08-24,0.44084855630045755,0.5591514436995424
2011-08-25,0.44684574792535087,0.5531542520746491
2011-08-26,0.4432838803354598,0.5567161196645403
2011-08-29,0.43609857788334816,0.563901422116652
2011-08-30,0.4367407465106183,0.5632592534893818
2011-08-31,0.43413839558114753,0.5658616044188525
2011-09-01,0.43691331961371516,0.5630866803862848
2011-09-02,0.44366090463704844,0.5563390953629516
2011-09-06,0.44853713172198817,0.5514628682780118
2011-09-07,0.4412275874142075,0.5587724125857925
2011-09-08,0.44546376457934245,0.5545362354206577
2011-09-09,0.4529486429096592,0.5470513570903409
2011-09-12,0.4525006144385739,0.547499385561426
2011-09-13,0.4499137572535042,0.5500862427464959
2011-09-14,0.4476933705350463,0.5523066294649537
2011-09-15,0.4430974016262441,0.5569025983737559
2011-09-16,0.4424502446749077,0.5575497553250923
2011-09-19,0.44801383692824076,0.5519861630717593
2011-09-20,0.44839554252886604,0.5516044574711338
2011-09-21,0.45679555836145225,0.5432044416385476
2011-09-22,0.46796238633670406,0.5320376136632959
2011-09-23,0.46485783456498436,0.5351421654350156
2011-09-26,0.4588817633169372,0.5411182366830628
2011-09-27,0.4536401383378545,0.5463598616621456
2011-09-28,0.45856177125425146,0.5414382287457484
2011-09-29,0.4550773929329712,0.5449226070670289
2011-09-30,0.4638164687395311,0.5361835312604689
2011-10-03,0.4,0.6
2011-10-04,0.3943908848469449,0.605609115153055
2011-10-05,0.38898206067840263,0.6110179393215973
2011-10-06,0.3831500520254878,0.6168499479745122
2011-10-07,0.3846665990465997,0.6153334009534002
2011-10-10,0.37574632487561976,0.6242536751243802
2011-10-11,0.3765551007059225,0.6234448992940774
2011-10-12,0.3719334013915219,0.6280665986084781
2011-10-13,0.3734931882002171,0.626506811799783
2011-10-14,0.3691589649843823,0.6308410350156178
2011-10-17,0.3757139595734333,0.6242860404265668
2011-10-18,0.37092832970562095,0.629071670294379
2011-10-19,0.375057319230178,0.6249426807698221
2011-10-20,0.3752671706990905,0.6247328293009096
2011-10-21,0.36939032528924104,0.630609674710759
2011-10-24,0.36604178210891264,0.6339582178910874
2011-10-25,0.371441932532663,0.628558067467337
2011-10-26,0.36758015355497486,0.6324198464450251
2011-10-27,0.35641860234365585,0.6435813976563441
2011-10-28,0.35797993678785506,0.6420200632121449
2011-10-31,0.36768232213834945,0.6323176778616506
2011-11-01,0.37622444948512845,0.6237755505148715
2011-11-02,0.3719642256372934,0.6280357743627065
2011-11-03,0.36668794059707494,0.6333120594029251
2011-11-04,0.368965886029522,0.631034113970478
2011-11-07,0.36794348877689814,0.6320565112231019
2011-11-08,0.3643812234540337,0.6356187765459664
2011-11-09,0.37565538447527824,0.6243446155247219
2011-11-10,0.37293347505412344,0.6270665249458766
2011-11-11,0.36766994765251476,0.6323300523474852
2011-11-14,0.3712187735613849,0.6287812264386152
2011-11-15,0.3709747094982326,0.6290252905017674
2011-11-16,0.37500944955060245,0.6249905504493976
2011-11-17,0.3787729287858236,0.6212270712141764
2011-11-18,0.37841494745963544,0.6215850525403646
2011-11-21,0.38381239545827095,0.6161876045417289
2011-11-22,0.38440275292887177,0.6155972470711282
2011-11-23,0.39097627471556107,0.6090237252844389
2011-11-25,0.3913884684432757,0.6086115315567244
2011-11-28,0.38264545673445816,0.6173545432655417
2011-11-29,0.38147590963826683,0.6185240903617332
2011-11-30,0.37044360189976605,0.629556398100234
2011-12-01,0.37141498709943266,0.6285850129005672
2011-12-02,0.37227743536128605,0.627722564638714
2011-12-05,0.36953947350873056,0.6304605264912695
2011-12-06,0.36980276913695675,0.6301972308630432
2011-12-07,0.36933247401310726,0.6306675259868927
2011-12-08,0.3762882344192744,0.6237117655807257
2011-12-09,0.3713857914922928,0.6286142085077071
2011-12-12,0.37716130865401815,0.6228386913459819
2011-12-13,0.3802490538305323,0.6197509461694677
2011-12-14,0.383619401172232,0.616380598827768
2011-12-15,0.3826205807102053,0.6173794192897947
2011-12-16,0.3828813797568679,0.6171186202431321
2011-12-19,0.385687857968664,0.614312142031336
2011-12-20,0.3777417400335411,0.6222582599664588
2011-12-21,0.3776589230781108,0.6223410769218891
2011-12-22,0.375418972091792,0.624581027908208
2011-12-23,0.37430547578617734,0.6256945242138227
2011-12-27,0.3740675283758907,0.6259324716241094
2011-12-28,0.378525099634563,0.6214749003654371
2011-12-29,0.37597963371925724,0.6240203662807428
2011-12-30,0.37560433436158036,0.6243956656384196
2012-01-03,0.4,0.6
2012-01-04,0.4001153651199156,0.5998846348800844
2012-01-05,0.4012874352896108,0.5987125647103891
2012-01-06,0.40325216672365904,0.5967478332763411
2012-01-09,0.40262436954479935,0.5973756304552007
2012-01-10,0.39884541141233626,0.6011545885876638
2012-01-11,0.39974586695154257,0.6002541330484574
2012-01-12,0.3986423484542413,0.6013576515457587
2012-01-13,0.4014810714716679,0.5985189285283322
2012-01-17,0.399267016701843,0.6007329832981569
2012-01-18,0.39604155763739224,0.6039584423626078
2012-01-19,0.3936936313394167,0.6063063686605832
2012-01-20,0.39270995142822984,0.60729004857177
2012-01-23,0.392161431217145,0.607838568782855
2012-01-24,0.39311230935006647,0.6068876906499336
2012-01-25,0.39092056273553605,0.6090794372644639
2012-01-26,0.39243284767762404,0.6075671523223759
2012-01-27,0.3925462913840693,0.6074537086159306
2012-01-30,0.3942964638520419,0.6057035361479581
2012-01-31,0.3939703749803462,0.6060296250196537
2012-02-01,0.3904509118677352,0.6095490881322647
2012-02-02,0.3898939110777695,0.6101060889222305
2012-02-03,0.3862753526286624,0.6137246473713377
2012-02-06,0.3869946451424433,0.6130053548575567
2012-02-07,0.38587545387511996,0.61412454612488
2012-02-08,0.38468792971893223,0.6153120702810678
2012-02-09,0.38441577997750853,0.6155842200224915
2012-02-10,0.3877652181524627,0.6122347818475373
2012-02-13,0.3856617872485356,0.6143382127514644
2012-02-14,0.3869322500121649,0.613067749987835
2012-02-15,0.3870766149614937,0.6129233850385063
2012-02-16,0.38388580423871543,0.6161141957612845
2012-02-17,0.38270154033709136,0.6172984596629086
2012-02-21,0.38246074875651237,0.6175392512434876
2012-02-22,0.3839491479050548,0.6160508520949451
2012-02-23,0.3832161206087509,0.616783879391249
2012-02-24,0.38204891042138517,0.6179510895786149
2012-02-27,0.3830641700936527,0.6169358299063473
2012-02-28,0.3817043914229294,0.6182956085770706
2012-02-29,0.3830087451428173,0.6169912548571828
2012-03-01,0.3803636414273288,0.6196363585726712
2012-03-02,0.38256347591955864,0.6174365240804414
2012-03-05,0.38357072420069166,0.6164292757993083
2012-03-06,0.3898797403683287,0.6101202596316713
2012-03-07,0.38733649225002514,0.6126635077499749
2012-03-08,0.3830591911344527,0.6169408088655474
2012-03-09,0.3830313733965319,0.616968626603468
2012-03-12,0.3835985838546242,0.6164014161453758
2012-03-13,0.3787589178924728,0.6212410821075272
2012-03-14,0.3782489208821376,0.6217510791178624
2012-03-15,0.37689523491588073,0.6231047650841192
2012-03-16,0.3760933492369508,0.6239066507630492
2012-03-19,0.37479567223214133,0.6252043277678587
2012-03-20,0.37668730067657746,0.6233126993234225
2012-03-21,0.3778056833656897,0.6221943166343102
2012-03-22,0.38094150881989836,0.6190584911801017
2012-03-23,0.37954715531775224,0.6204528446822477
2012-03-26,0.37607458178040293,0.623925418219597
2012-03-27,0.377869123144669,0.6221308768553311
2012-03-28,0.37956497943519807,0.6204350205648019
2012-03-29,0.38046544634035206,0.6195345536596478
2012-03-30,0.3790560102091912,0.6209439897908088
2012-04-02,0.4,0.6
2012-04-03,0.40137715777470195,0.598622842225298
2012-04-04,0.40576127591602634,0.5942387240839737
2012-04-05,0.40673401411909965,0.5932659858809004
2012-04-09,0.40967133812139744,0.5903286618786026
2012-04-10,0.41525729080631313,0.5847427091936869
2012-04-11,0.4121373919248684,0.5878626080751316
2012-04-12,0.40800219462464765,0.5919978053753523
2012-04-13,0.41261934826993424,0.5873806517300657
2012-04-16,0.41179023043455953,0.5882097695654406
2012-04-17,0.4080712237130401,0.5919287762869598
2012-04-18,0.4097229571263391,0.590277042873661
2012-04-19,0.410742522868384,0.589257477131616
2012-04-20,0.4099436744168641,0.590056325583136
2012-04-23,0.4133827013704267,0.5866172986295733
2012-04-24,0.4122105510989515,0.5877894489010485
2012-04-25,0.40891460161331683,0.5910853983866832
2012-04-26,0.4072021076440241,0.592797892355976
2012-04-27,0.40684151122577167,0.5931584887742283
2012-04-30,0.40799568652088963,0.5920043134791104
2012-05-01,0.4064380653917521,0.5935619346082479
2012-05-02,0.40772083779132595,0.5922791622086742
2012-05-03,0.41007090018298953,0.5899290998170106
2012-05-04,0.4146674623410328,0.5853325376589673
2012-05-07,0.4135397193507788,0.5864602806492211
2012-05-08,0.4162256621503248,0.5837743378496753
2012-05-09,0.4184053911701245,0.5815946088298756
2012-05-10,0.4176239241728718,0.5823760758271282
2012-05-11,0.41859376323266734,0.5814062367673327
2012-05-14,0.4230544219720831,0.5769455780279169
2012-05-15,0.4251826456792673,0.5748173543207327
2012-05-16,0.4269617318365609,0.5730382681634391
2012-05-17,0.43056147130970385,0.5694385286902961
2012-05-18,0.4325019270197184,0.5674980729802815
2012-05-21,0.42798992009728537,0.5720100799027147
2012-05-22,0.42802638105214685,0.5719736189478531
2012-05-23,0.42903654375573813,0.5709634562442619
2012-05-24,0.429500564007654,0.5704994359923459
2012-05-25,0.43029674798090556,0.5697032520190944
2012-05-29,0.42695555079705727,0.5730444492029428
2012-05-30,0.4327503092087634,0.5672496907912367
2012-05-31,0.4330459265776049,0.5669540734223951
2012-06-01,0.43957757719238616,0.5604224228076138
2012-06-04,0.43832823484482086,0.5616717651551791
2012-06-05,0.43656334856741585,0.563436651432584
2012-06-06,0.4294723481062587,0.5705276518937412
2012-06-07,0.42955978691078067,0.5704402130892193
2012-06-08,0.42937133176110437,0.5706286682388956
2012-06-11,0.43277215675244296,0.567227843247557
2012-06-12,0.4288069653682778,0.5711930346317221
2012-06-13,0.4313411469005586,0.5686588530994413
2012-06-14,0.42946366107514355,0.5705363389248564
2012-06-15,0.4269758199809661,0.5730241800190339
2012-06-18,0.42678530905211526,0.5732146909478848
2012-06-19,0.4229867010388841,0.577013298961116
2012-06-20,0.422146280272834,0.5778537197271659
2012-06-21,0.4290002649755955,0.5709997350244046
2012-06-22,0.42618876431294184,0.5738112356870582
2012-06-25,0.43171326949387046,0.5682867305061297
2012-06-26,0.4300524540983845,0.5699475459016156
2012-06-27,0.42792825429013176,0.5720717457098683
2012-06-28,0.4289079034529098,0.5710920965470903
2012-06-29,0.4209607070185376,0.5790392929814623
2012-07-02,0.4,0.6
2012-07-03,0.3971097569502766,0.6028902430497233
2012-07-05,0.400079319882296,0.5999206801177039
2012-07-06,0.40293943453425907,0.5970605654657409
2012-07-09,0.4040314535637344,0.5959685464362655
2012-07-10,0.40618304011412937,0.5938169598858707
2012-07-11,0.40535886984766767,0.5946411301523324
2012-07-12,0.40823948584474157,0.5917605141552585
2012-07-13,0.4044537851904173,0.5955462148095827
2012-07-16,0.4046489035223277,0.5953510964776724
2012-07-17,0.40307868203833347,0.5969213179616665
2012-07-18,0.40221063529660667,0.5977893647033934
2012-07-19,0.4006885723071851,0.5993114276928149
2012-07-20,0.4046131397504057,0.5953868602495943
2012-07-23,0.4081520087488612,0.5918479912511387
2012-07-24,0.4111528645838489,0.5888471354161512
2012-07-25,0.410504179077366,0.5894958209226341
2012-07-26,0.4051680671075055,0.5948319328924945
2012-07-27,0.39943621001295754,0.6005637899870425
2012-07-30,0.4004588378916955,0.5995411621083045
2012-07-31,0.401598566595265,0.5984014334047351
2012-08-01,0.40203986971112343,0.5979601302888766
2012-08-02,0.40491944837366595,0.595080551626334
2012-08-03,0.3980831824454083,0.6019168175545917
2012-08-06,0.39712824744425185,0.6028717525557482
2012-08-07,0.39482563185380565,0.6051743681461944
2012-08-08,0.3949723206827861,0.6050276793172139
2012-08-09,0.39432405684617,0.60567594315383
2012-08-10,0.39415091062014207,0.605849089379858
2012-08-13,0.3947357922767214,0.6052642077232786
2012-08-14,0.394041533413071,0.605958466586929
2012-08-15,0.3930407553134009,0.606959244686599
2012-08-16,0.3904243071452525,0.6095756928547474
2012-08-17,0.39062062745142134,0.6093793725485785
2012-08-20,0.3908072742419725,0.6091927257580274
2012-08-21,0.39118097332847274,0.6088190266715273
2012-08-22,0.39233985331909565,0.6076601466809043
2012-08-23,0.3940614451184746,0.6059385548815255
2012-08-24,0.3936579589538238,0.6063420410461762
2012-08-27,0.39412491671443856,0.6058750832855614
2012-08-28,0.3941588369421132,0.6058411630578868
2012-08-29,0.39436561772401274,0.6056343822759872
2012-08-30,0.39695170302907146,0.6030482969709285
2012-08-31,0.39611489149697937,0.6038851085030206
2012-09-04,0.396211253348574,0.603788746651426
2012-09-05,0.39656705647180596,0.603432943528194
2012-09-06,0.3905844425980723,0.6094155574019278
2012-09-07,0.3883213360441014,0.6116786639558985
2012-09-10,0.390097285215406,0.6099027147845939
2012-09-11,0.38831366543574564,0.6116863345642544
2012-09-12,0.38700024362719015,0.6129997563728098
2012-09-13,0.3833790608674266,0.6166209391325733
2012-09-14,0.38040259948717714,0.6195974005128229
2012-09-17,0.38192219839062047,0.6180778016093795
2012-09-18,0.38296345019618144,0.6170365498038186
2012-09-19,0.3827941969943693,0.6172058030056308
2012-09-20,0.38404389086253177,0.6159561091374681
2012-09-21,0.3842953153807711,0.6157046846192288
2012-09-24,0.38511026002042736,0.6148897399795726
2012-09-25,0.38754081879094554,0.6124591812090544
2012-09-26,0.3897600258163931,0.610239974183607
2012-09-27,0.38666485866204975,0.6133351413379502
2012-09-28,0.3892490471180369,0.6107509528819631
2012-10-01,0.4,0.6
2012-10-02,0.39905752645227005,0.6009424735477299
2012-10-03,0.399270016819006,0.600729983180994
2012-10-04,0.39675587879532337,0.6032441212046767
2012-10-05,0.3964040144367859,0.6035959855632141
2012-10-08,0.39779492377664105,0.602205076223359
2012-10-09,0.4000984596830645,0.5999015403169354
2012-10-10,0.4017187538878329,0.5982812461121672
2012-10-11,0.4007643838756461,0.5992356161243538
2012-10-12,0.40193566980831086,0.5980643301916891
2012-10-15,0.39970305088568525,0.6002969491143147
2012-10-16,0.39616673402049923,0.6038332659795007
2012-10-17,0.3941612228005651,0.605838777199435
2012-10-18,0.39453420058158933,0.6054657994184106
2012-10-19,0.3986347900740882,0.6013652099259118
2012-10-22,0.39730578024990787,0.6026942197500922
2012-10-23,0.40208319394253034,0.5979168060574696
2012-10-24,0.4022220569491852,0.5977779430508148
2012-10-25,0.4003164203317012,0.5996835796682988
2012-10-26,0.4015797075082334,0.5984202924917665
2012-10-31,0.4022279033086279,0.5977720966913721
2012-11-01,0.3983164017796473,0.6016835982203527
2012-11-02,0.40094046315635584,0.5990595368436441
2012-11-05,0.4009576811123963,0.5990423188876037
2012-11-06,0.398203103223524,0.6017968967764761
2012-11-07,0.40327638595505977,0.5967236140449402
2012-11-08,0.40609154345700177,0.5939084565429982
2012-11-09,0.4057620574204456,0.5942379425795543
2012-11-12,0.405925987388636,0.594074012611364
2012-11-13,0.40738809199255216,0.5926119080074478
2012-11-14,0.4101881327772421,0.5898118672227579
2012-11-15,0.41052625860292263,0.5894737413970774
2012-11-16,0.4096281521654857,0.5903718478345144
2012-11-19,0.40457585678399527,0.5954241432160047
2012-11-20,0.4045125807793281,0.5954874192206718
2012-11-21,0.4034429857806646,0.5965570142193354
2012-11-23,0.3996779660774829,0.600322033922517
2012-11-26,0.4002199160273263,0.5997800839726737
2012-11-27,0.40215586592835917,0.5978441340716407
2012-11-28,0.4002438228885833,0.5997561771114167
2012-11-29,0.39909302573816724,0.6009069742618327
2012-11-30,0.39872603393679096,0.6012739660632089
2012-12-03,0.39950999307123247,0.6004900069287675
2012-12-04,0.39941027467606827,0.6005897253239316
2012-12-05,0.3988870978363513,0.6011129021636487
2012-12-06,0.39795092486979655,0.6020490751302034
2012-12-07,0.397008576345217,0.602991423654783
2012-12-10,0.39705185850085195,0.6029481414991481
2012-12-11,0.39500148759143144,0.6049985124085685
2012-12-12,0.39419871163581394,0.6058012883641861
2012-12-13,0.3952244067326835,0.6047755932673164
2012-12-14,0.39521973403205346,0.6047802659679465
2012-12-17,0.39280809059622324,0.6071919094037769
2012-12-18,0.38992285348038186,0.6100771465196182
2012-12-19,0.3909081835686732,0.6090918164313267
2012-12-20,0.3894488876187583,0.6105511123812418
2012-12-21,0.391810718868498,0.608189281131502
2012-12-24,0.39058698402445635,0.6094130159755438
2012-12-26,0.3911736090541032,0.6088263909458969
2012-12-27,0.3911292200673155,0.6088707799326846
2012-12-28,0.39264708012708177,0.6073529198729183
2012-12-31,0.3893165569549323,0.6106834430450677
2013-01-02,0.4,0.6
2013-01-03,0.40061845768844073,0.5993815423115593
2013-01-04,0.3998468623234179,0.6001531376765821
2013-01-07,0.400915131378404,0.5990848686215959
2013-01-08,0.40205579072171027,0.5979442092782898
2013-01-09,0.40091479265691565,0.5990852073430845
2013-01-10,0.3983965333899413,0.6016034666100588
2013-01-11,0.39870981915339493,0.6012901808466051
2013-01-14,0.39856812337018804,0.6014318766298119
2013-01-15,0.3991190034895926,0.6008809965104074
2013-01-16,0.39956373364406184,0.6004362663559382
2013-01-17,0.397605647504414,0.6023943524955859
2013-01-18,0.3977420036342987,0.6022579963657012
2013-01-22,0.3965763030499446,0.6034236969500554
2013-01-23,0.39713419752580476,0.6028658024741952
2013-01-24,0.39632457506337593,0.6036754249366241
2013-01-25,0.394251219909464,0.605748780090536
2013-01-28,0.39489412378771355,0.6051058762122865
2013-01-29,0.3933376231367988,0.6066623768632011
2013-01-30,0.39340378009446997,0.60659621990553
2013-01-31,0.3944826095608339,0.6055173904391662
2013-02-01,0.391594090651706,0.6084059093482941
2013-02-04,0.3958088454132268,0.6041911545867732
2013-02-05,0.39377769051618855,0.6062223094838114
2013-02-06,0.3941193753135697,0.6058806246864303
2013-02-07,0.39540235579250865,0.6045976442074914
2013-02-08,0.3939053965212332,0.6060946034787668
2013-02-11,0.39394318828226815,0.606056811717732
2013-02-12,0.3932602760745773,0.6067397239254226
2013-02-13,0.3924840415583341,0.607515958441666
2013-02-14,0.3931965275795145,0.6068034724204856
2013-02-15,0.3935967829393901,0.60640321706061
2013-02-19,0.3914393163071183,0.6085606836928817
2013-02-20,0.3943318101464857,0.6056681898535142
2013-02-21,0.3970387058528888,0.6029612941471112
2013-02-22,0.3947224407709493,0.6052775592290507
2013-02-25,0.40000923230807667,0.5999907676919233
2013-02-26,0.3986077202482484,0.6013922797517517
2013-02-27,0.39592461182193445,0.6040753881780655
2013-02-28,0.39650490582644526,0.6034950941735547
2013-03-01,0.39603045895330435,0.6039695410466956
2013-03-04,0.39541540608631864,0.6045845939136814
2013-03-05,0.3930564279187509,0.606943572081249
2013-03-06,0.3922895922601092,0.6077104077398909
2013-03-07,0.39107864865528447,0.6089213513447155
2013-03-08,0.3894659218903857,0.6105340781096144
2013-03-11,0.3886724837138411,0.611327516286159
2013-03-12,0.39035415818371255,0.6096458418162874
2013-03-13,0.39020431895300917,0.6097956810469909
2013-03-14,0.38861399445482847,0.6113860055451715
2013-03-15,0.3895777333061477,0.6104222666938522
2013-03-18,0.39158096843268897,0.608419031567311
2013-03-19,0.39337451578972127,0.6066254842102787
2013-03-20,0.3910846770429079,0.608915322957092
2013-03-21,0.393018787996305,0.6069812120036949
2013-03-22,0.3916205655300731,0.6083794344699269
2013-03-25,0.39301610825884875,0.6069838917411512
2013-03-26,0.39131183800529395,0.608688161994706
2013-03-27,0.3920709586946841,0.6079290413053159
2013-03-28,0.39114050875652007,0.6088594912434799
2013-04-01,0.4,0.6
2013-04-02,0.39859830796788637,0.6014016920321136
2013-04-03,0.40138038998267317,0.5986196100173269
2013-04-04,0.4007228509114232,0.5992771490885769
2013-04-05,0.4021711149324124,0.5978288850675876
2013-04-08,0.40089722534818345,0.5991027746518165
2013-04-09,0.3999009475826127,0.6000990524173873
2013-04-10,0.3961998936950215,0.6038001063049785
2013-04-11,0.39513982407283715,0.6048601759271628
2013-04-12,0.3967494910979779,0.6032505089020221
2013-04-15,0.4030313854757907,0.5969686145242092
2013-04-16,0.3990902478766177,0.6009097521233823
2013-04-17,0.4035094363234733,0.5964905636765268
2013-04-18,0.404778995218751,0.595221004781249
2013-04-19,0.40191384898799043,0.5980861510120097
2013-04-22,0.401440525948554,0.598559474051446
2013-04-23,0.39871809672334135,0.6012819032766586
2013-04-24,0.39765956171430217,0.6023404382856978
2013-04-25,0.3961593975643298,0.6038406024356703
2013-04-26,0.3971049715410707,0.6028950284589293
2013-04-29,0.39496413632192473,0.6050358636780753
2013-04-30,0.3938044219682727,0.6061955780317274
2013-05-01,0.3965347023292747,0.6034652976707252
2013-05-02,0.3947545907322338,0.6052454092677662
2013-05-03,0.3910498864315758,0.6089501135684242
2013-05-06,0.39075756398701716,0.6092424360129829
2013-05-07,0.3895230399269717,0.6104769600730283
2013-05-08,0.3880969272180228,0.6119030727819772
2013-05-09,0.38890100666731053,0.6110989933326895
2013-05-10,0.38821652221422664,0.6117834777857734
2013-05-13,0.38813440179630315,0.6118655982036968
2013-05-14,0.3861604279196569,0.6138395720803431
2013-05-15,0.3855401766633927,0.6144598233366073
2013-05-16,0.38713275713289785,0.6128672428671021
2013-05-17,0.3846827401732571,0.6153172598267429
2013-05-20,0.38436887290738087,0.6156311270926191
2013-05-21,0.38425436370601695,0.615745636293983
2013-05-22,0.3858631084182544,0.6141368915817456
2013-05-23,0.38691809756064344,0.6130819024393566
2013-05-24,0.3883861911040289,0.6116138088959712
2013-05-28,0.38615074284126677,0.6138492571587332
2013-05-29,0.3881447084966504,0.6118552915033496
2013-05-30,0.3868046189008767,0.6131953810991233
2013-05-31,0.39050521249500697,0.609494787504993
2013-06-03,0.3888224168022297,0.6111775831977703
2013-06-04,0.3896225746044083,0.6103774253955917
2013-06-05,0.39357683406098165,0.6064231659390183
2013-06-06,0.39190967577316965,0.6080903242268303
2013-06-07,0.3891570871870465,0.6108429128129534
2013-06-10,0.3884144652508299,0.6115855347491701
2013-06-11,0.3917059272603012,0.6082940727396988
2013-06-12,0.3925507730618608,0.6074492269381391
2013-06-13,0.39008958535326216,0.6099104146467378
2013-06-14,0.3924136994785844,0.6075863005214156
2013-06-17,0.38977545248936796,0.610224547510632
2013-06-18,0.38780054327535896,0.612199456724641
2013-06-19,0.39063744243606885,0.6093625575639312
2013-06-20,0.39583877859839467,0.6041612214016053
2013-06-21,0.39439455397832746,0.6056054460216725
2013-06-24,0.39702298477194836,0.6029770152280516
2013-06-25,0.39441521068904656,0.6055847893109534
2013-06-26,0.39342076271438176,0.6065792372856182
2013-06-27,0.3919103466521111,0.6080896533478889
2013-06-28,0.39299858549704114,0.6070014145029589
2013-07-01,0.4,0.6
2013-07-02,0.4014041048001952,0.5985958951998048
2013-07-03,0.4008540388645693,0.5991459611354307
2013-07-05,0.3964606184791498,0.6035393815208501
2013-07-08,0.3966192847092159,0.603380715290784
2013-07-09,0.3952920382108466,0.6047079617891534
2013-07-10,0.3943791229142319,0.6056208770857681
2013-07-11,0.39079034432821336,0.6092096556717866
2013-07-12,0.3910406086894907,0.6089593913105094
2013-07-15,0.3904527928616787,0.6095472071383213
2013-07-16,0.3915121658316641,0.6084878341683359
2013-07-17,0.3910705567582408,0.6089294432417591
2013-07-18,0.3894603731750865,0.6105396268249135
2013-07-19,0.390076390790787,0.609923609209213
2013-07-22,0.3891317420897568,0.6108682579102432
2013-07-23,0.38894268676219346,0.6110573132378064
2013-07-24,0.3889648050760821,0.611035194923918
2013-07-25,0.38839737708144145,0.6116026229185585
2013-07-26,0.38918366510404795,0.6108163348959521
2013-07-29,0.39042495508928093,0.609575044910719
2013-07-30,0.3904538096988613,0.6095461903011388
2013-07-31,0.3904545951943113,0.6095454048056886
2013-08-01,0.38615807338817104,0.613841926611829
2013-08-02,0.3862328460370256,0.6137671539629744
2013-08-05,0.38683848902867224,0.6131615109713278
2013-08-06,0.3878172973665841,0.6121827026334159
2013-08-07,0.38952140984320077,0.6104785901567993
2013-08-08,0.3875071580618353,0.6124928419381648
2013-08-09,0.3879738096654206,0.6120261903345794
2013-08-12,0.38766351243808395,0.6123364875619162
2013-08-13,0.3857173860669128,0.6142826139330873
2013-08-14,0.38611681584240864,0.6138831841575915
2013-08-15,0.3880413572187654,0.6119586427812346
2013-08-16,0.3877252332076936,0.6122747667923064
2013-08-19,0.3889771624503708,0.6110228375496293
2013-08-20,0.38891125990472536,0.6110887400952746
2013-08-21,0.390469985128118,0.609530014871882
2013-08-22,0.38857976155448765,0.6114202384455124
2013-08-23,0.3877252332076936,0.6122747667923064
2013-08-26,0.38923896725806895,0.6107610327419312
2013-08-27,0.3940647843007279,0.6059352156992721
2013-08-28,0.39328860518124886,0.6067113948187511
2013-08-29,0.39339173558362056,0.6066082644163795
2013-08-30,0.3943258093354448,0.6056741906645552
2013-09-03,0.39163448525140765,0.6083655147485924
2013-09-04,0.38889394908550595,0.611106050914494
2013-09-05,0.38676609693975816,0.6132339030602418
2013-09-06,0.3870487850957346,0.6129512149042654
2013-09-09,0.38442667765993965,0.6155733223400603
2013-09-10,0.3816496581707617,0.6183503418292383
2013-09-11,0.381621061286456,0.6183789387135441
2013-09-12,0.3827977994026811,0.617202200597319
2013-09-13,0.38241469599816263,0.6175853040018373
2013-09-16,0.3810557687277253,0.6189442312722747
2013-09-17,0.38071361534293424,0.6192863846570656
2013-09-18,0.3780068308901804,0.6219931691098196
2013-09-19,0.37848718482229327,0.6215128151777068
2013-09-20,0.3805788726690785,0.6194211273309215
2013-09-23,0.38111189911132265,0.6188881008886774
2013-09-24,0.38203063659174447,0.6179693634082555
2013-09-25,0.38273851147093907,0.6172614885290609
2013-09-26,0.38162876572347687,0.6183712342765231
2013-09-27,0.38244632985885835,0.6175536701411416
2013-09-30,0.384034815625738,0.6159651843742621
2013-10-01,0.4,0.6
2013-10-02,0.40061117282335384,0.5993888271766462
2013-10-03,0.4021525793769313,0.5978474206230687
2013-10-04,0.40089210072671827,0.5991078992732817
2013-10-07,0.4030169861314577,0.5969830138685424
2013-10-08,0.40550796713994935,0.5944920328600506
2013-10-09,0.4048749476997694,0.5951250523002306
2013-10-10,0.40003324589557904,0.5999667541044209
2013-10-11,0.3984581066909002,0.6015418933090998
2013-10-14,0.3973883814703079,0.602611618529692
2013-10-15,0.3989876475412443,0.6010123524587557
2013-10-16,0.3973661744010426,0.6026338255989574
2013-10-17,0.39584471469585997,0.6041552853041401
2013-10-18,0.3946963170639611,0.6053036829360389
2013-10-21,0.3941536073241952,0.6058463926758048
2013-10-22,0.3932283636547137,0.6067716363452863
2013-10-23,0.3954499177367098,0.6045500822632902
2013-10-24,0.39416813365127046,0.6058318663487295
2013-10-25,0.39418480486730084,0.6058151951326992
2013-10-28,0.39402089075195845,0.6059791092480415
2013-10-29,0.3936208921915877,0.6063791078084123
2013-10-30,0.3942625266401362,0.6057374733598637
2013-10-31,0.3955034919234707,0.6044965080765293
2013-11-01,0.39498268823518257,0.6050173117648175
2013-11-04,0.3937655093458925,0.6062344906541075
2013-11-05,0.39483688537083406,0.6051631146291659
2013-11-06,0.394131010025386,0.6058689899746141
2013-11-07,0.39798190196674554,0.6020180980332543
2013-11-08,0.39432227533002456,0.6056777246699755
2013-11-11,0.39394863295963056,0.6060513670403694
2013-11-12,0.3944955234881329,0.6055044765118672
2013-11-13,0.39381803509763663,0.6061819649023633
2013-11-14,0.3933821518063043,0.6066178481936957
2013-11-15,0.3917471827495948,0.6082528172504053
2013-11-18,0.3923111028788014,0.6076888971211986
2013-11-19,0.39261851898705263,0.6073814810129474
2013-11-20,0.393121545466847,0.6068784545331529
2013-11-21,0.3915191650780824,0.6084808349219175
2013-11-22,0.39115120387886343,0.6088487961211365
2013-11-25,0.39222649771349005,0.60777350228651
2013-11-26,0.3921741005449797,0.6078258994550203
2013-11-27,0.3911874997694685,0.6088125002305316
2013-11-29,0.39114225247868684,0.6088577475213132
2013-12-02,0.39187579868516736,0.6081242013148326
2013-12-03,0.3933883850767781,0.6066116149232219
2013-12-04,0.39390161225877307,0.6060983877412268
2013-12-05,0.3943584851491315,0.6056415148508685
2013-12-06,0.39186215918903033,0.6081378408109698
2013-12-09,0.391893908698464,0.6081060913015359
2013-12-10,0.39276618605263586,0.6072338139473641
2013-12-11,0.395125004915047,0.604874995084953
2013-12-12,0.395628866315493,0.604371133684507
2013-12-13,0.39598058519382623,0.6040194148061738
2013-12-16,0.394275149093758,0.605724850906242
2013-12-17,0.39567838551811396,0.604321614481886
2013-12-18,0.39231761374459834,0.6076823862554016
2013-12-19,0.3918326339162933,0.6081673660837067
2013-12-20,0.390942156165245,0.609057843834755
2013-12-23,0.38876820044528854,0.6112317995547115
2013-12-24,0.3876993296393828,0.6123006703606172
2013-12-26,0.38649502592760776,0.6135049740723922
2013-12-27,0.38577076950507344,0.6142292304949265
2013-12-30,0.38551412362098564,0.6144858763790143
2013-12-31,0.3844666551612578,0.6155333448387423
2014-01-02,0.4,0.6
2014-01-03,0.3997840237867745,0.6002159762132254
2014-01-06,0.4006499612973478,0.5993500387026521
2014-01-07,0.3998423555918975,0.6001576444081025
2014-01-08,0.39902356391414223,0.6009764360858577
2014-01-09,0.3995133089131581,0.6004866910868419
2014-01-10,0.3990477419403002,0.6009522580596998
2014-01-13,0.4020723518442358,0.5979276481557642
2014-01-14,0.39954645498595537,0.6004535450140447
2014-01-15,0.3986664320709366,0.6013335679290633
2014-01-16,0.3991209085760352,0.6008790914239648
2014-01-17,0.40028235323211897,0.5997176467678811
2014-01-21,0.3996317056341787,0.6003682943658214
2014-01-22,0.39860768726578255,0.6013923127342176
2014-01-23,0.40145905701247364,0.5985409429875264
2014-01-24,0.40840438764433823,0.5915956123556618
2014-01-27,0.4092283733843416,0.5907716266156584
2014-01-28,0.4074490903364734,0.5925509096635266
2014-01-29,0.4104423033623141,0.5895576966376859
2014-01-30,0.4080274816969623,0.5919725183030377
2014-01-31,0.4108551890438934,0.5891448109561066
2014-02-03,0.41651170871154525,0.5834882912884547
2014-02-04,0.41412374675176616,0.5858762532482338
2014-02-05,0.41378862860736343,0.5862113713926367
2014-02-06,0.40996822681993894,0.5900317731800612
2014-02-07,0.4075639164212955,0.5924360835787046
2014-02-10,0.4078806047708443,0.5921193952291557
2014-02-11,0.4042094166379902,0.5957905833620097
2014-02-12,0.40333917518214224,0.5966608248178579
2014-02-13,0.4030695508395874,0.5969304491604127
2014-02-14,0.4017933431379049,0.5982066568620951
2014-02-18,0.4010607381839152,0.5989392618160848
2014-02-19,0.40240244562620797,0.597597554373792
2014-02-20,0.4010269105038339,0.5989730894961661
2014-02-21,0.40116406317800807,0.5988359368219919
2014-02-24,0.3996066548433248,0.6003933451566751
2014-02-25,0.4006858427458243,0.5993141572541757
2014-02-26,0.40114693841783544,0.5988530615821646
2014-02-27,0.4005526931716795,0.5994473068283206
2014-02-28,0.399732381560653,0.6002676184393471
2014-03-03,0.40352185140056124,0.5964781485994388
2014-03-04,0.3986517408892136,0.6013482591107864
2014-03-05,0.39885612955925875,0.6011438704407412
2014-03-06,0.39718931365804677,0.6028106863419532
2014-03-07,0.3972369092548066,0.6027630907451934
2014-03-10,0.39846493329044996,0.60153506670955
2014-03-11,0.3996829228966968,0.6003170771033032
2014-03-12,0.40042885149658286,0.5995711485034171
2014-03-13,0.404401411901866,0.595598588098134
2014-03-14,0.4045001949987971,0.595499805001203
2014-03-17,0.40212689194541656,0.5978731080545834
2014-03-18,0.4005679058116588,0.5994320941883412
2014-03-19,0.40179654649373475,0.5982034535062651
2014-03-20,0.40114012949473354,0.5988598705052665
2014-03-21,0.4022307879440136,0.5977692120559864
2014-03-24,0.4024645838198675,0.5975354161801324
2014-03-25,0.40091499712015083,0.5990850028798492
2014-03-26,0.40254828214402116,0.597451717855979
2014-03-27,0.4021706186348815,0.5978293813651185
2014-03-28,0.40021989056067964,0.5997801094393205
2014-03-31,0.39816122462280007,0.6018387753771999
2014-04-01,0.4,0.6
2014-04-02,0.3991660926960589,0.600833907303941
2014-04-03,0.39989252197848835,0.6001074780215118
2014-04-04,0.4026937206269176,0.5973062793730823
2014-04-07,0.4048021228405662,0.5951978771594338
2014-04-08,0.4040856408699729,0.5959143591300272
2014-04-09,0.40120661887871045,0.5987933811212895
2014-04-10,0.40643729111867505,0.593562708881325
2014-04-11,0.4084767731244623,0.5915232268755377
2014-04-14,0.4071292731967111,0.5928707268032889
2014-04-15,0.4072888796766078,0.5927111203233921
2014-04-16,0.4046117834910915,0.5953882165089085
2014-04-17,0.40302023083940525,0.5969797691605948
2014-04-21,0.4027168011207485,0.5972831988792515
2014-04-22,0.40183302958440664,0.5981669704155933
2014-04-23,0.4026987010374291,0.597301298962571
2014-04-24,0.40263702505708066,0.5973629749429193
2014-04-25,0.4046226309595892,0.5953773690404107
2014-04-28,0.4036279436672857,0.5963720563327143
2014-04-29,0.4025380356565879,0.597461964343412
2014-04-30,0.40218698716904494,0.597813012830955
2014-05-01,0.40229109672650337,0.5977089032734967
2014-05-02,0.40247604610778387,0.5975239538922161
2014-05-05,0.40217135063057957,0.5978286493694204
2014-05-06,0.4034871865696773,0.5965128134303227
2014-05-07,0.40260424822773927,0.5973957517722607
2014-05-08,0.40308146526919286,0.5969185347308071
2014-05-09,0.4027074597281139,0.5972925402718862
2014-05-12,0.40036449616388453,0.5996355038361154
2014-05-13,0.40092412192266574,0.5990758780773343
2014-05-14,0.40213493075390805,0.597865069246092
2014-05-15,0.4042906016905311,0.5957093983094689
2014-05-16,0.4032113249475853,0.5967886750524146
2014-05-19,0.40288441104994444,0.5971155889500556
2014-05-20,0.40460065471844864,0.5953993452815515
2014-05-21,0.40275666052515274,0.5972433394748473
2014-05-22,0.40165726362577486,0.5983427363742251
2014-05-23,0.4008639698182662,0.5991360301817338
2014-05-27,0.3999970241081359,0.6000029758918641
2014-05-28,0.4012162099091363,0.5987837900908637
2014-05-29,0.39956296719180556,0.6004370328081946
2014-05-30,0.39983780764816346,0.6001621923518365
2014-06-02,0.3983137373200969,0.6016862626799032
2014-06-03,0.39807893311709674,0.6019210668829033
2014-06-04,0.39787444269200056,0.6021255573079993
2014-06-05,0.3963552211298732,0.6036447788701269
2014-06-06,0.39501863559944755,0.6049813644005524
2014-06-09,0.39454579436688203,0.605454205633118
2014-06-10,0.3942695745975559,0.605730425402444
2014-06-11,0.3952015423316564,0.6047984576683437
2014-06-12,0.39674137835965273,0.6032586216403474
2014-06-13,0.3960268206224625,0.6039731793775374
2014-06-16,0.3961226650885732,0.6038773349114268
2014-06-17,0.39510450162257693,0.6048954983774231
2014-06-18,0.3943388560849416,0.6056611439150584
2014-06-19,0.39371475696135133,0.6062852430386486
2014-06-20,0.3934799286850408,0.6065200713149592
2014-06-23,0.3937732014387115,0.6062267985612884
2014-06-24,0.39539352029127295,0.6046064797087272
2014-06-25,0.39528950366681787,0.6047104963331821
2014-06-26,0.3956484449210137,0.6043515550789863
2014-06-27,0.39483965846507973,0.6051603415349202
2014-06-30,0.3948126615817387,0.6051873384182613
2014-07-01,0.4,0.6
2014-07-02,0.39916351038639164,0.6008364896136084
2014-07-03,0.39780368768061924,0.6021963123193808
2014-07-07,0.3996222070943163,0.6003777929056836
2014-07-08,0.40198593023537205,0.598014069764628
2014-07-09,0.40121840549211496,0.5987815945078852
2014-07-10,0.4028604484564831,0.5971395515435169
2014-07-11,0.4031349777085702,0.5968650222914297
2014-07-14,0.40135384977735916,0.5986461502226409
2014-07-15,0.4019102984068939,0.5980897015931061
2014-07-16,0.400958242349487,0.599041757650513
2014-07-17,0.40458501332242425,0.5954149866775759
2014-07-18,0.4020647415210394,0.5979352584789606
2014-07-21,0.4026049126116038,0.5973950873883963
2014-07-22,0.40173239995770893,0.5982676000422911
2014-07-23,0.40100155223867867,0.5989984477613213
2014-07-24,0.4003424727578409,0.599657527242159
2014-07-25,0.40177839794036835,0.5982216020596316
2014-07-28,0.40171976405614157,0.5982802359438584
2014-07-29,0.40300426117019655,0.5969957388298035
2014-07-30,0.40197992885351047,0.5980200711464897
2014-07-31,0.40608602063198973,0.5939139793680103
2014-08-01,0.40771918665390156,0.5922808133460984
2014-08-04,0.4065029522778559,0.5934970477221441
2014-08-05,0.40863273844401005,0.59136726155599
2014-08-06,0.40917694239736935,0.5908230576026307
2014-08-07,0.41118835422787103,0.588811645772129
2014-08-08,0.40921180482298714,0.5907881951770129
2014-08-11,0.40817773268544844,0.5918222673145515
2014-08-12,0.4082493335323716,0.5917506664676285
2014-08-13,0.4072673359862069,0.592732664013793
2014-08-14,0.40636284360745156,0.5936371563925485
2014-08-15,0.40691966469393265,0.5930803353060673
2014-08-18,0.4043550273639888,0.5956449726360111
2014-08-19,0.4037059325733068,0.5962940674266932
2014-08-20,0.4031613949615405,0.5968386050384595
2014-08-21,0.4029232459444939,0.5970767540555061
2014-08-22,0.4031546197999006,0.5968453802000995
2014-08-25,0.4021263278325226,0.5978736721674774
2014-08-26,0.4020130962795397,0.5979869037204603
2014-08-27,0.40197107759004935,0.5980289224099505
2014-08-28,0.4030970217646101,0.5969029782353898
2014-08-29,0.40252141578501827,0.5974785842149817
2014-09-02,0.40131758713686616,0.5986824128631338
2014-09-03,0.4012303925122964,0.5987696074877036
2014-09-04,0.40158525181844396,0.5984147481815562
2014-09-05,0.4009622325360338,0.5990377674639662
2014-09-08,0.40224218901253245,0.5977578109874674
2014-09-09,0.40310373674277683,0.5968962632572232
2014-09-10,0.40185236492596677,0.5981476350740333
2014-09-11,0.4021768955141033,0.5978231044858968
2014-09-12,0.40299379295096444,0.5970062070490355
2014-09-15,0.4036168446927197,0.5963831553072804
2014-09-16,0.40193925988220186,0.5980607401177982
2014-09-17,0.4025341494968824,0.5974658505031176
2014-09-18,0.4013657700957708,0.5986342299042292
2014-09-19,0.4028323608774692,0.5971676391225308
2014-09-22,0.4049171408703374,0.5950828591296626
2014-09-23,0.4066839828901386,0.5933160171098614
2014-09-24,0.4046092369686088,0.5953907630313914
2014-09-25,0.4091606115324436,0.5908393884675565
2014-09-26,0.40752904152708735,0.5924709584729126
2014-09-29,0.4090194798443608,0.5909805201556393
2014-09-30,0.4093206658042488,0.5906793341957512
2014-10-01,0.4,0.6
2014-10-02,0.400552014240866,0.5994479857591339
2014-10-03,0.3986723067475348,0.6013276932524652
2014-10-06,0.3989864959025197,0.6010135040974803
2014-10-07,0.40299781484485764,0.5970021851551424
2014-10-08,0.3999173562277953,0.6000826437722045
2014-10-09,0.4051057130923376,0.5948942869076623
2014-10-10,0.40880102046011707,0.591198979539883
2014-10-13,0.411187063924555,0.588812936075445
2014-10-14,0.4111704065894154,0.5888295934105847
2014-10-15,0.41333610626126244,0.5866638937387376
2014-10-16,0.41322542745517143,0.5867745725448285
2014-10-17,0.41004636403570305,0.589953635964297
2014-10-20,0.40816095223602694,0.591839047763973
2014-10-21,0.40434947935832777,0.5956505206416721
2014-10-22,0.4064275903777691,0.5935724096222309
2014-10-23,0.4031556347263266,0.5968443652736733
2014-10-24,0.4020998974543523,0.5979001025456476
2014-10-27,0.40233697665901175,0.5976630233409882
2014-10-28,0.39909186957580906,0.6009081304241909
2014-10-29,0.3995254918801256,0.6004745081198745
2014-10-30,0.39838084016824926,0.6016191598317506
2014-10-31,0.3948524010256915,0.6051475989743085
2014-11-03,0.3956088537316264,0.6043911462683736
2014-11-04,0.39641869107173444,0.6035813089282656
2014-11-05,0.39615703002898606,0.603842969971014
2014-11-06,0.39544619454300606,0.604553805456994
2014-11-07,0.39610336745524566,0.6038966325447545
2014-11-10,0.3949014211717758,0.6050985788282242
2014-11-11,0.3943913919490666,0.6056086080509333
2014-11-12,0.3949495315729627,0.6050504684270374
2014-11-13,0.39520251312052984,0.6047974868794702
2014-11-14,0.3946335639255223,0.6053664360744778
2014-11-17,0.39506447772515113,0.6049355222748488
2014-11-18,0.39385033239510236,0.6061496676048975
2014-11-19,0.3934742322342615,0.6065257677657384
2014-11-20,0.3940765455640879,0.6059234544359121
2014-11-21,0.39257946336689753,0.6074205366331025
2014-11-24,0.39214544425549414,0.607854555744506
2014-11-25,0.3923475122868289,0.6076524877131712
2014-11-26,0.3920783029411621,0.6079216970588379
2014-11-28,0.39383050379955625,0.6061694962004439
2014-12-01,0.3952593339729421,0.6047406660270578
2014-12-02,0.39388150162455443,0.6061184983754455
2014-12-03,0.39289398943690484,0.6071060105630952
2014-12-04,0.393918389760381,0.6060816102396189
2014-12-05,0.3928746288271018,0.6071253711728981
2014-12-08,0.3953902429432299,0.6046097570567701
2014-12-09,0.39622170890998726,0.6037782910900127
2014-12-10,0.4003459644000767,0.5996540355999233
2014-12-11,0.4000736688303737,0.5999263311696262
2014-12-12,0.4049248328259318,0.5950751671740683
2014-12-15,0.40711504929927844,0.5928849507007216
2014-12-16,0.4080824997320902,0.5919175002679099
2014-12-17,0.4029156094343576,0.5970843905656424
2014-12-18,0.3983736098095391,0.601626390190461
2014-12-19,0.39810440198597613,0.6018955980140238
2014-12-22,0.3966106765289657,0.6033893234710345
2014-12-23,0.39568408325232396,0.6043159167476759
2014-12-24,0.3951020686296336,0.6048979313703664
2014-12-26,0.3942474161613599,0.6057525838386402
2014-12-29,0.3952812855406167,0.6047187144593833
2014-12-30,0.3967155925981415,0.6032844074018585
2014-12-31,0.3987553881763626,0.6012446118236375
2015-01-02,0.4,0.6
2015-01-05,0.40539638381178456,0.5946036161882154
2015-01-06,0.40852782634209833,0.5914721736579016
2015-01-07,0.40558311260043667,0.5944168873995633
2015-01-08,0.4016005678152267,0.5983994321847732
2015-01-09,0.4036184110955823,0.5963815889044176
2015-01-12,0.40519595968793276,0.5948040403120672
2015-01-13,0.40526422436074594,0.5947357756392541
2015-01-14,0.4069159951815439,0.593084004818456
2015-01-15,0.4087633452054232,0.5912366547945769
2015-01-16,0.40510225816240497,0.5948977418375951
2015-01-20,0.40439750628613913,0.5956024937138609
2015-01-21,0.40216511431997953,0.5978348856800204
2015-01-22,0.39947607917441563,0.6005239208255844
2015-01-23,0.4020391088968473,0.5979608911031526
2015-01-26,0.40012237512059956,0.5998776248794004
2015-01-27,0.4017759279831359,0.5982240720168642
2015-01-28,0.4056928576845259,0.594307142315474
2015-01-29,0.4034184606793364,0.5965815393206636
2015-01-30,0.4082186422799191,0.591781357720081
2015-02-02,0.4047303675049423,0.5952696324950577
2015-02-03,0.4005190369811525,0.5994809630188475
2015-02-04,0.4016741002178574,0.5983258997821426
2015-02-05,0.3983202934708952,0.6016797065291049
2015-02-06,0.3990095007268122,0.6009904992731877
2015-02-09,0.3995563009642008,0.6004436990357992
2015-02-10,0.39711212802388307,0.602887871976117
2015-02-11,0.39766212913210536,0.6023378708678947
2015-02-12,0.39477119859108095,0.605228801408919
2015-02-13,0.3927189623202329,0.6072810376797672
2015-02-17,0.39149837756971556,0.6085016224302844
2015-02-18,0.3913960189854348,0.6086039810145651
2015-02-19,0.39150025594072885,0.6084997440592711
2015-02-20,0.3896532895375255,0.6103467104624745
2015-02-23,0.39075003234064387,0.6092499676593561
2015-02-24,0.39088962889480633,0.6091103711051937
2015-02-25,0.39115663536732304,0.6088433646326769
2015-02-26,0.39087739171626906,0.609122608283731
2015-02-27,0.3911921107902299,0.6088078892097702
2015-03-02,0.3895875305280347,0.6104124694719653
2015-03-03,0.39055135582772316,0.609448644172277
2015-03-04,0.39192610553975077,0.6080738944602492
2015-03-05,0.39172585187657566,0.6082741481234244
2015-03-06,0.39330254421988714,0.6066974557801128
2015-03-09,0.39312788372384894,0.6068721162761511
2015-03-10,0.39844261187450764,0.6015573881254923
2015-03-11,0.39858495399624055,0.6014150460037594
2015-03-12,0.39584988496839735,0.6041501150316027
2015-03-13,0.39714598910063126,0.6028540108993687
2015-03-16,0.3947196422914195,0.6052803577085806
2015-03-17,0.39530981623932115,0.6046901837606787
2015-03-18,0.39281113281547225,0.6071888671845277
2015-03-19,0.3939324431943382,0.6060675568056618
2015-03-20,0.39128190774939925,0.6087180922506007
2015-03-23,0.3911316396714724,0.6088683603285276
2015-03-24,0.3922890405819865,0.6077109594180136
2015-03-25,0.39505418399464126,0.6049458160053587
2015-03-26,0.3953274481584305,0.6046725518415693
2015-03-27,0.3948190395902318,0.6051809604097683
2015-03-30,0.3934447868582126,0.6065552131417874
2015-03-31,0.3954032345308024,0.6045967654691977
2015-04-01,0.4,0.6
2015-04-02,0.39809374693527905,0.601906253064721
2015-04-06,0.39621986129131637,0.6037801387086835
2015-04-07,0.3968222853309658,0.6031777146690341
2015-04-08,0.3952758372290609,0.604724162770939
2015-04-09,0.39415214386249137,0.6058478561375086
2015-04-10,0.3929033527181925,0.6070966472818075
2015-04-13,0.39417082167055406,0.6058291783294459
2015-04-14,0.39357890826471,0.6064210917352899
2015-04-15,0.3924530539686413,0.6075469460313587
2015-04-16,0.39217132048066466,0.6078286795193354
2015-04-17,0.3954768128482441,0.604523187151756
2015-04-20,0.3939689669882637,0.6060310330117363
2015-04-21,0.3930796671342588,0.6069203328657413
2015-04-22,0.3912160705436082,0.6087839294563919
2015-04-23,0.3906658937728191,0.6093341062271809
2015-04-24,0.39040481780790104,0.609595182192099
2015-04-27,0.39027078575621693,0.609729214243783
2015-04-28,0.38893450812310776,0.6110654918768922
2015-04-29,0.389674790549311,0.6103252094506889
2015-04-30,0.39240887450773215,0.6075911254922679
2015-05-01,0.38932251806212315,0.6106774819378769
2015-05-04,0.38879028052823383,0.6112097194717662
2015-05-05,0.391226066639736,0.608773933360264
2015-05-06,0.3910881612769021,0.6089118387230978
2015-05-07,0.3913165804208873,0.6086834195791128
2015-05-08,0.388430472668504,0.611569527331496
2015-05-11,0.38860326001870904,0.611396739981291
2015-05-12,0.3885376996494077,0.6114623003505922
2015-05-13,0.38782417867586005,0.61217582132414
2015-05-14,0.3859522958356847,0.6140477041643153
2015-05-15,0.3864624095535467,0.6135375904464534
2015-05-18,0.3857075394126793,0.6142924605873207
2015-05-19,0.38548157268447314,0.6145184273155267
2015-05-20,0.38555521906617013,0.6144447809338299
2015-05-21,0.3854238681223036,0.6145761318776964
2015-05-22,0.38619923975455484,0.6138007602454452
2015-05-26,0.38975053871270376,0.6102494612872962
2015-05-27,0.3878163962684466,0.6121836037315534
2015-05-28,0.38866244508209835,0.6113375549179018
2015-05-29,0.3904319451752417,0.6095680548247584
2015-06-01,0.3896375001089347,0.6103624998910653
2015-06-02,0.38859402674125354,0.6114059732587463
2015-06-03,0.38664965504645304,0.613350344953547
2015-06-04,0.38955540808218864,0.6104445919178114
2015-06-05,0.39009449188460166,0.6099055081153983
2015-06-08,0.39141521521002104,0.6085847847899789
2015-06-09,0.3912837790141474,0.6087162209858524
2015-06-10,0.38696068912148807,0.613039310878512
2015-06-11,0.3876608653023028,0.6123391346976971
2015-06-12,0.389026571599835,0.610973428400165
2015-06-15,0.39038112879328346,0.6096188712067165
2015-06-16,0.3903506589245227,0.6096493410754774
2015-06-17,0.39043833987783716,0.6095616601221628
2015-06-18,0.3878158192116593,0.6121841807883408
2015-06-19,0.3896123943315824,0.6103876056684175
2015-06-22,0.3858216165961264,0.6141783834038735
2015-06-23,0.38489640170903466,0.6151035982909652
2015-06-24,0.3869329130448337,0.6130670869551663
2015-06-25,0.387284270630735,0.612715729369265
2015-06-26,0.386645398188565,0.613354601811435
2015-06-29,0.3939733837416653,0.6060266162583346
2015-06-30,0.3931168679356584,0.6068831320643415
2015-07-01,0.4,0.6
2015-07-02,0.400554117592271,0.5994458824077289
2015-07-06,0.40396196543356383,0.596038034566436
2015-07-07,0.4041591775421754,0.5958408224578248
2015-07-08,0.4099808254188959,0.5900191745811041
2015-07-09,0.407292570192572,0.5927074298074281
2015-07-10,0.4012709164845383,0.5987290835154617
2015-07-13,0.39903846832973733,0.6009615316702627
2015-07-14,0.39805788438486195,0.601942115615138
2015-07-15,0.3994300545081973,0.6005699454918028
2015-07-16,0.3975125076574432,0.6024874923425568
2015-07-17,0.39792408432750903,0.6020759156724909
2015-07-20,0.3976759612484137,0.6023240387515864
2015-07-21,0.39880844030826373,0.6011915596917363
2015-07-22,0.40005209490685373,0.5999479050931462
2015-07-23,0.40165816836557766,0.5983418316344222
2015-07-24,0.4047006932282314,0.5952993067717688
2015-07-27,0.40715362287663037,0.5928463771233696
2015-07-28,0.40409102406788466,0.5959089759321154
2015-07-29,0.4023584129694408,0.597641587030559
2015-07-30,0.4021743851711008,0.5978256148288991
2015-07-31,0.4027654095142497,0.5972345904857503
2015-08-03,0.40433622258894997,0.5956637774110501
2015-08-04,0.40347194211218834,0.5965280578878116
2015-08-05,0.4025028038311502,0.5974971961688498
2015-08-06,0.40417576502321767,0.5958242349767823
2015-08-07,0.4049137275399035,0.5950862724600966
2015-08-10,0.4014073854829968,0.5985926145170031
2015-08-11,0.4054052185745211,0.5945947814254788
2015-08-12,0.4059080154767004,0.5940919845232997
2015-08-13,0.4057216693418185,0.5942783306581814
2015-08-14,0.4049232218648473,0.5950767781351527
2015-08-17,0.4050119021325952,0.5949880978674049
2015-08-18,0.4057911869903007,0.5942088130096993
2015-08-19,0.40879498673862236,0.5912050132613775
2015-08-20,0.414348933017683,0.5856510669823171
2015-08-21,0.42153465556274666,0.5784653444372533
2015-08-24,0.43132649925796757,0.5686735007420324
2015-08-25,0.43051792952973367,0.5694820704702663
2015-08-26,0.42239749636312046,0.5776025036368796
2015-08-27,0.41742860728650844,0.5825713927134915
2015-08-28,0.417547892851022,0.582452107148978
2015-08-31,0.41877372114936307,0.5812262788506369
2015-09-01,0.42714208097316886,0.5728579190268311
2015-09-02,0.4228883390346024,0.5771116609653976
2015-09-03,0.4227248849999688,0.5772751150000311
2015-09-04,0.4280925393375249,0.5719074606624751
2015-09-08,0.4210175488775723,0.5789824511224276
2015-09-09,0.4232659410579971,0.5767340589420029
2015-09-10,0.421214912176707,0.5787850878232931
2015-09-11,0.4212131043923227,0.5787868956076773
2015-09-14,0.42246802930362454,0.5775319706963755
2015-09-15,0.41893919565145954,0.5810608043485405
2015-09-16,0.415726396735952,0.584273603264048
2015-09-17,0.41710112197636723,0.5828988780236327
2015-09-18,0.4225528193567497,0.5774471806432503
2015-09-21,0.42135796939105896,0.5786420306089411
2015-09-22,0.4260657945344165,0.5739342054655835
2015-09-23,0.4271549834166913,0.5728450165833088
2015-09-24,0.42798882766983604,0.572011172330164
2015-09-25,0.4273669441158944,0.5726330558841055
2015-09-28,0.43375240604476484,0.5662475939552352
2015-09-29,0.4337518074248645,0.5662481925751355
2015-09-30,0.4299805997365077,0.5700194002634923
2015-10-01,0.4,0.6
2015-10-02,0.3969694882632459,0.603030511736754
2015-10-05,0.391305799800922,0.6086942001990779
2015-10-06,0.3919572308442009,0.6080427691557991
2015-10-07,0.3889965676563178,0.6110034323436823
2015-10-08,0.38658987946374035,0.6134101205362597
2015-10-09,0.38619791582392393,0.613802084176076
2015-10-12,0.3870070462806058,0.6129929537193941
2015-10-13,0.38955013838041547,0.6104498616195847
2015-10-14,0.3905421834343156,0.6094578165656844
2015-10-15,0.38634809158115996,0.61365190841884
2015-10-16,0.38594061351906905,0.6140593864809311
2015-10-19,0.38650268609371297,0.613497313906287
2015-10-20,0.38640839522339143,0.6135916047766086
2015-10-21,0.3882973290480986,0.6117026709519015
2015-10-22,0.38552173044124466,0.6144782695587553
2015-10-23,0.3827339703632115,0.6172660296367884
2015-10-26,0.38370452693966584,0.616295473060334
2015-10-27,0.38523352876608574,0.6147664712339144
2015-10-28,0.3825852486451895,0.6174147513548104
2015-10-29,0.382855402491136,0.617144597508864
2015-10-30,0.3842117530664375,0.6157882469335625
2015-11-02,0.38077865561185176,0.6192213443881484
2015-11-03,0.3795904337551872,0.6204095662448129
2015-11-04,0.38083224243223673,0.6191677575677632
2015-11-05,0.38071164046570577,0.6192883595342942
2015-11-06,0.3805690428376779,0.619430957162322
2015-11-09,0.38262773287952795,0.617372267120472
2015-11-10,0.3830103312869288,0.6169896687130713
2015-11-11,0.3831993696257773,0.6168006303742227
2015-11-12,0.38604938856395965,0.6139506114360405
2015-11-13,0.38914592584141416,0.6108540741585857
2015-11-16,0.38604198669922,0.6139580133007799
2015-11-17,0.3863860912605761,0.6136139087394239
2015-11-18,0.3832128148037994,0.6167871851962006
2015-11-19,0.38273654331179974,0.6172634566882002
2015-11-20,0.38224169351515613,0.617758306484844
2015-11-23,0.38328309917178155,0.6167169008282185
2015-11-24,0.3828131380925089,0.6171868619074911
2015-11-25,0.3827625718580829,0.6172374281419171
2015-11-27,0.3830379001354197,0.6169620998645804
2015-11-30,0.3834790046478669,0.6165209953521332
2015-12-01,0.3818743620806793,0.6181256379193206
2015-12-02,0.3841214892747267,0.6158785107252733
2015-12-03,0.38497133788487253,0.6150286621151274
2015-12-04,0.3824625914884159,0.6175374085115841
2015-12-07,0.38494758591425576,0.6150524140857443
2015-12-08,0.3874310225305286,0.6125689774694714
2015-12-09,0.3885672784223558,0.6114327215776443
2015-12-10,0.388824686839046,0.611175313160954
2015-12-11,0.39432640523108936,0.6056735947689106
2015-12-14,0.39245446312006443,0.6075455368799355
2015-12-15,0.3897370017572764,0.6102629982427237
2015-12-16,0.385750265377786,0.614249734622214
2015-12-17,0.3896005824039139,0.6103994175960861
2015-12-18,0.3933315815165665,0.6066684184834336
2015-12-21,0.3912271443855745,0.6087728556144256
2015-12-22,0.3888252944129688,0.6111747055870312
2015-12-23,0.3855744760828018,0.6144255239171981
2015-12-24,0.3862391213155017,0.6137608786844982
2015-12-28,0.3867698768647354,0.6132301231352646
2015-12-29,0.3838821586096058,0.6161178413903942
2015-12-30,0.3857741201017599,0.6142258798982402
2015-12-31,0.38829432556635346,0.6117056744336464
2016-01-04,0.4,0.6
2016-01-05,0.40025465018359097,0.599745349816409
2016-01-06,0.4049159715340943,0.5950840284659058
2016-01-07,0.4106362345660662,0.5893637654339338
2016-01-08,0.4137955235722093,0.5862044764277907
2016-01-11,0.41264432636616016,0.5873556736338398
2016-01-12,0.41192737278657393,0.588072627213426
2016-01-13,0.4180050845011789,0.5819949154988211
2016-01-14,0.413796055636086,0.5862039443639141
2016-01-15,0.4211300533409456,0.5788699466590543
2016-01-19,0.4200867664469078,0.5799132335530922
2016-01-20,0.4242903902271556,0.5757096097728444
2016-01-21,0.42272691185986633,0.5772730881401337
2016-01-22,0.41662001668624804,0.583379983313752
2016-01-25,0.4204417238255165,0.5795582761744835
2016-01-26,0.4167503177015235,0.5832496822984766
2016-01-27,0.41895005004808106,0.5810499499519188
2016-01-28,0.4183016846892008,0.5816983153107992
2016-01-29,0.4134897493479389,0.586510250652061
2016-02-01,0.4126830218439427,0.5873169781560573
2016-02-02,0.4193575824207996,0.5806424175792004
2016-02-03,0.41734320733729413,0.5826567926627058
2016-02-04,0.4170222559419454,0.5829777440580546
2016-02-05,0.4209979510895697,0.5790020489104303
2016-02-08,0.42601210691473484,0.5739878930852652
2016-02-09,0.4277347474525535,0.5722652525474464
2016-02-10,0.4280990614642366,0.5719009385357634
2016-02-11,0.4315534333834147,0.5684465666165853
2016-02-12,0.42644738466538124,0.5735526153346188
2016-02-16,0.42164345517725754,0.5783565448227426
2016-02-17,0.41686777763828986,0.5831322223617101
2016-02-18,0.4187425448170631,0.5812574551829369
2016-02-19,0.41873544311367683,0.5812645568863232
2016-02-22,0.41513397646432965,0.5848660235356704
2016-02-23,0.41871506872860625,0.5812849312713937
2016-02-24,0.418710745069848,0.581289254930152
2016-02-25,0.416442222703847,0.583557777296153
2016-02-26,0.4165207913290905,0.5834792086709095
2016-02-29,0.41825034297699004,0.5817496570230101
2016-03-01,0.4113579207787064,0.5886420792212935
2016-03-02,0.40963135607942497,0.590368643920575
2016-03-03,0.4077497403441691,0.5922502596558308
2016-03-04,0.4059944266166312,0.5940055733833688
2016-03-07,0.40593548091317233,0.5940645190868277
2016-03-08,0.40988961078057295,0.590110389219427
2016-03-09,0.4081729476057754,0.5918270523942246
2016-03-10,0.408314931740229,0.591685068259771
2016-03-11,0.40285275327557335,0.5971472467244267
2016-03-14,0.40393265426309066,0.5960673457369092
2016-03-15,0.40552711380857137,0.5944728861914286
2016-03-16,0.40394838700695496,0.596051612993045
2016-03-17,0.4022792873476853,0.5977207126523146
2016-03-18,0.4020640409337731,0.5979359590662269
2016-03-21,0.4016259923528334,0.5983740076471666
2016-03-22,0.4019872085197149,0.5980127914802851
2016-03-23,0.4049219676212473,0.5950780323787527
2016-03-24,0.4051401823645327,0.5948598176354672
2016-03-28,0.4044066009693831,0.5955933990306169
2016-03-29,0.40278313174272873,0.5972168682572713
2016-03-30,0.4012337459531791,0.5987662540468208
2016-03-31,0.4018234219952942,0.5981765780047059
2016-04-01,0.4,0.6
2016-04-04,0.40096073062277404,0.599039269377226
2016-04-05,0.40460518060657924,0.5953948193934206
2016-04-06,0.401699288767496,0.5983007112325041
2016-04-07,0.4060835968440842,0.5939164031559159
2016-04-08,0.4036272583189615,0.5963727416810385
2016-04-11,0.40334488212331165,0.5966551178766885
2016-04-12,0.4001179721996766,0.5998820278003234
2016-04-13,0.39700161843584725,0.6029983815641528
2016-04-14,0.39700447263407634,0.6029955273659237
2016-04-15,0.39788081393396313,0.6021191860660369
2016-04-18,0.3961993191552899,0.6038006808447102
2016-04-19,0.39387393661032843,0.6061260633896716
2016-04-20,0.39313185763479797,0.6068681423652021
2016-04-21,0.394214694969182,0.6057853050308178
2016-04-22,0.3942495309775725,0.6057504690224277
2016-04-25,0.3947312463974056,0.6052687536025945
2016-04-26,0.3935331124486109,0.6064668875513891
2016-04-27,0.3939720617484512,0.6060279382515489
2016-04-28,0.3962322976923796,0.6037677023076203
2016-04-29,0.3978799991520988,0.6021200008479012
2016-05-02,0.39577934178208607,0.6042206582179139
2016-05-03,0.39956740608346963,0.6004325939165304
2016-05-04,0.4017361416636013,0.5982638583363986
2016-05-05,0.4022124423950438,0.597787557604956
2016-05-06,0.4013027158823709,0.5986972841176291
2016-05-09,0.40239610328100756,0.5976038967189924
2016-05-10,0.3989474234380986,0.6010525765619014
2016-05-11,0.400701407826524,0.599298592173476
2016-05-12,0.40114632342830575,0.5988536765716943
2016-05-13,0.40375176074571945,0.5962482392542805
2016-05-16,0.40055336365294186,0.5994466363470582
2016-05-17,0.40238415592007903,0.5976158440799211
2016-05-18,0.4013773328171125,0.5986226671828875
2016-05-19,0.402944230889064,0.597055769110936
2016-05-20,0.400926993853745,0.599073006146255
2016-05-23,0.40173926060688764,0.5982607393931123
2016-05-24,0.3981695306563524,0.6018304693436476
2016-05-25,0.3962757167447936,0.6037242832552063
2016-05-26,0.39639478361092156,0.6036052163890784
2016-05-27,0.3959410248793145,0.6040589751206855
2016-05-31,0.3963062556381268,0.6036937443618732
2016-06-01,0.3959421005675058,0.6040578994324943
2016-06-02,0.3958354928167838,0.6041645071832161
2016-06-03,0.39664315404135647,0.6033568459586436
2016-06-06,0.39489752133409045,0.6051024786659096
2016-06-07,0.39344365145762267,0.6065563485423773
2016-06-08,0.39309251181612825,0.6069074881838717
2016-06-09,0.39488008339835395,0.605119916601646
2016-06-10,0.3996149190747668,0.6003850809252332
2016-06-13,0.4020263721882305,0.5979736278117695
2016-06-14,0.4037388057141451,0.596261194285855
2016-06-15,0.40323242858901076,0.5967675714109892
2016-06-16,0.4033649362435988,0.5966350637564012
2016-06-17,0.4025585739287284,0.5974414260712716
2016-06-20,0.3987289223675438,0.6012710776324562
2016-06-21,0.3973853783438129,0.6026146216561871
2016-06-22,0.3978818945050986,0.6021181054949013
2016-06-23,0.39270355994016987,0.6072964400598301
2016-06-24,0.407152309697456,0.592847690302544
2016-06-27,0.4136177229897273,0.5863822770102727
2016-06-28,0.40869120702959244,0.5913087929704075
2016-06-29,0.4042749564590458,0.5957250435409541
2016-06-30,0.4015456481914518,0.5984543518085481
2016-07-01,0.4,0.6
2016-07-05,0.40410255508688747,0.5958974449131125
2016-07-06,0.4039019099712024,0.5960980900287977
2016-07-07,0.4042143717616113,0.5957856282383888
2016-07-08,0.40102302525902916,0.5989769747409709
2016-07-11,0.39814974840880146,0.6018502515911984
2016-07-12,0.39500538413736175,0.6049946158626383
2016-07-13,0.395550752968713,0.604449247031287
2016-07-14,0.39338296384344573,0.6066170361565543
2016-07-15,0.3931357956364586,0.6068642043635414
2016-07-18,0.3926630361644054,0.6073369638355947
2016-07-19,0.39430911247680245,0.6056908875231976
2016-07-20,0.39273689592251315,0.6072631040774868
2016-07-21,0.39381754382527917,0.6061824561747209
2016-07-22,0.3929293437166233,0.6070706562833768
2016-07-25,0.39350448360981943,0.6064955163901805
2016-07-26,0.39252070157844565,0.6074792984215543
2016-07-27,0.39314887063191567,0.6068511293680843
2016-07-28,0.3927693785485767,0.6072306214514234
2016-07-29,0.39214729945742677,0.6078527005425731
2016-08-01,0.3923065293372137,0.6076934706627863
2016-08-02,0.39358923375422833,0.6064107662457716
2016-08-03,0.39307160632743515,0.6069283936725649
2016-08-04,0.39309914289978004,0.60690085710022
2016-08-05,0.3904500015417321,0.6095499984582678
2016-08-08,0.39016427672383475,0.6098357232761651
2016-08-09,0.3899032112503751,0.610096788749625
2016-08-10,0.3903310901297611,0.6096689098702388
2016-08-11,0.3879592941973372,0.6120407058026628
2016-08-12,0.3889992211359872,0.6110007788640127
2016-08-15,0.38748146301125885,0.6125185369887413
2016-08-16,0.3882976012041938,0.6117023987958062
2016-08-17,0.38874173174921517,0.6112582682507849
2016-08-18,0.38802725720094716,0.6119727427990528
2016-08-19,0.38839978565440675,0.6116002143455932
2016-08-22,0.38908772975401007,0.6109122702459899
2016-08-23,0.3884631784745868,0.6115368215254133
2016-08-24,0.3897172358602062,0.6102827641397938
2016-08-25,0.389541321351488,0.6104586786485119
2016-08-26,0.3900814914759373,0.6099185085240627
2016-08-29,0.3895331010505931,0.610466898949407
2016-08-30,0.3898035326286828,0.6101964673713173
2016-08-31,0.39057322737233086,0.6094267726276691
2016-09-01,0.3900794831114771,0.6099205168885228
2016-09-02,0.3876038235148622,0.6123961764851378
2016-09-06,0.3868458848644725,0.6131541151355274
2016-09-07,0.3865290798632295,0.6134709201367705
2016-09-08,0.3866248422010946,0.6133751577989054
2016-09-09,0.39142893303352666,0.6085710669664732
2016-09-12,0.3887230137097585,0.6112769862902415
2016-09-13,0.3925586815583769,0.607441318441623
2016-09-14,0.3929532780804434,0.6070467219195566
2016-09-15,0.390400915892177,0.609599084107823
2016-09-16,0.3925511647721203,0.6074488352278797
2016-09-19,0.3915416615907854,0.6084583384092146
2016-09-20,0.39100214662820076,0.6089978533717992
2016-09-21,0.38814085024070244,0.6118591497592976
2016-09-22,0.38702799115897696,0.6129720088410231
2016-09-23,0.38872168355633463,0.6112783164436653
2016-09-26,0.39127909227891067,0.6087209077210893
2016-09-27,0.39006548569780564,0.6099345143021945
2016-09-28,0.3885026466138802,0.6114973533861198
2016-09-29,0.3909585879562068,0.6090414120437931
2016-09-30,0.38900033532979195,0.610999664670208
2016-10-03,0.4,0.6
2016-10-04,0.4001477268127835,0.5998522731872166
2016-10-05,0.3982443291146434,0.6017556708853566
2016-10-06,0.39886793946346377,0.6011320605365363
2016-10-07,0.3999793730477535,0.6000206269522466
2016-10-10,0.39869186486873875,0.6013081351312612
2016-10-11,0.40198146271924734,0.5980185372807526
2016-10-12,0.4018044937768163,0.5981955062231837
2016-10-13,0.4032602200983273,0.5967397799016726
2016-10-14,0.40260798785814333,0.5973920121418566
2016-10-17,0.4038548827172463,0.5961451172827538
2016-10-18,0.40207717025975853,0.5979228297402414
2016-10-19,0.4012104482971865,0.5987895517028136
2016-10-20,0.4011864584313939,0.5988135415686061
2016-10-21,0.4019069630116993,0.5980930369883006
2016-10-24,0.40076352510335106,0.599236474896649
2016-10-25,0.4014018995085858,0.5985981004914143
2016-10-26,0.4020115132695746,0.5979884867304254
2016-10-27,0.4017894405537485,0.5982105594462515
2016-10-28,0.4023988397504489,0.597601160249551
2016-10-31,0.40237679413207555,0.5976232058679245
2016-11-01,0.40375501986367474,0.5962449801363253
2016-11-02,0.40565895561002074,0.5943410443899793
2016-11-03,0.4061700307071995,0.5938299692928004
2016-11-04,0.4078832258128179,0.5921167741871821
2016-11-07,0.40278367376545043,0.5972163262345496
2016-11-08,0.4013025688360602,0.5986974311639399
2016-11-09,0.3984368863104111,0.6015631136895888
2016-11-10,0.39809346939638657,0.6019065306036133
2016-11-11,0.3989800480346015,0.6010199519653984
2016-11-14,0.39814808466290025,0.6018519153370997
2016-11-15,0.3962267730320625,0.6037732269679376
2016-11-16,0.3980065351207391,0.6019934648792609
2016-11-17,0.3957162794773744,0.6042837205226257
2016-11-18,0.39632543742874654,0.6036745625712536
2016-11-21,0.3941043297417329,0.6058956702582671
2016-11-22,0.3937566185737705,0.6062433814262296
2016-11-23,0.393335434983829,0.606664565016171
2016-11-25,0.3925559393144993,0.6074440606855007
2016-11-28,0.3940626918106202,0.6059373081893797
2016-11-29,0.3937648604852047,0.6062351395147954
2016-11-30,0.39329587620852896,0.6067041237914711
2016-12-01,0.3934771585462572,0.6065228414537428
2016-12-02,0.3938206164784167,0.6061793835215832
2016-12-05,0.3923790627430079,0.6076209372569923
2016-12-06,0.391174006502056,0.608825993497944
2016-12-07,0.38847734820691665,0.6115226517930833
2016-12-08,0.3873554955275232,0.6126445044724768
2016-12-09,0.3859626824216734,0.6140373175783266
2016-12-12,0.3864236281370813,0.6135763718629187
2016-12-13,0.3847842207610175,0.6152157792389825
2016-12-14,0.38666859565138606,0.613331404348614
2016-12-15,0.38589104863740703,0.6141089513625929
2016-12-16,0.38632836254653813,0.6136716374534619
2016-12-19,0.38675684621681855,0.6132431537831814
2016-12-20,0.3858715849843782,0.6141284150156218
2016-12-21,0.38661089489363637,0.6133891051063637
2016-12-22,0.3873769743721862,0.6126230256278138
2016-12-23,0.38710779540568263,0.6128922045943174
2016-12-27,0.3864663446438613,0.6135336553561387
2016-12-28,0.38845285757994835,0.6115471424200516
2016-12-29,0.388829836531743,0.611170163468257
2016-12-30,0.38979801067421865,0.6102019893257813
2017-01-03,0.4,0.6
2017-01-04,0.39800428238208724,0.6019957176179129
2017-01-05,0.3984452728528346,0.6015547271471655
2017-01-06,0.3974616646746378,0.6025383353253623
2017-01-09,0.39870791140295236,0.6012920885970476
2017-01-10,0.3984173226439099,0.6015826773560903
2017-01-11,0.39722863726762664,0.6027713627323734
2017-01-12,0.3977478125698721,0.602252187430128
2017-01-13,0.3965594759363218,0.6034405240636782
2017-01-17,0.39802500949379915,0.6019749905062008
2017-01-18,0.39705340492876773,0.6029465950712323
2017-01-19,0.3972156455214752,0.6027843544785249
2017-01-20,0.3965864329479077,0.6034135670520923
2017-01-23,0.3972370951260595,0.6027629048739405
2017-01-24,0.39523932180819055,0.6047606781918096
2017-01-25,0.39241148876312976,0.6075885112368704
2017-01-26,0.3929898950180331,0.607010104981967
2017-01-27,0.39355786338899673,0.6064421366110033
2017-01-30,0.39520609865198636,0.6047939013480137
2017-01-31,0.39529007193423216,0.6047099280657678
2017-02-01,0.39452737698558465,0.6054726230144154
2017-02-02,0.3942204591386599,0.6057795408613401
2017-02-03,0.39307108064688767,0.6069289193531123
2017-02-06,0.39463986067927176,0.6053601393207283
2017-02-07,0.3951748778248275,0.6048251221751725
2017-02-08,0.3955195899486308,0.6044804100513691
2017-02-09,0.39366553191748144,0.6063344680825187
2017-02-10,0.392407188530464,0.607592811469536
2017-02-13,0.3909509016574256,0.6090490983425744
2017-02-14,0.38996872167466107,0.610031278325339
2017-02-15,0.38822160283162005,0.6117783971683799
2017-02-16,0.3885894254219853,0.6114105745780148
2017-02-17,0.38925778733185556,0.6107422126681445
2017-02-21,0.38798153986744843,0.6120184601325515
2017-02-22,0.3881648525191177,0.6118351474808823
2017-02-23,0.3886040019502479,0.6113959980497522
2017-02-24,0.3899937191021705,0.6100062808978296
2017-02-27,0.3896805900641744,0.6103194099358258
2017-02-28,0.3904251859630522,0.6095748140369478
2017-03-01,0.3865596297125442,0.6134403702874557
2017-03-02,0.38786883156559715,0.6121311684344029
2017-03-03,0.38716851347057346,0.6128314865294265
2017-03-06,0.38767878516932786,0.6123212148306721
2017-03-07,0.38800627977344215,0.6119937202265577
2017-03-08,0.3881437915559492,0.6118562084440509
2017-03-09,0.38729295996625546,0.6127070400337447
2017-03-10,0.3864469318544017,0.6135530681455983
2017-03-13,0.3850624380605762,0.6149375619394237
2017-03-14,0.3863097197793525,0.6136902802206475
2017-03-15,0.3849132253338146,0.6150867746661853
2017-03-16,0.3841997262379326,0.6158002737620675
2017-03-17,0.38459790941529487,0.6154020905847051
2017-03-20,0.38539217884522825,0.6146078211547716
2017-03-21,0.3883117945926379,0.611688205407362
2017-03-22,0.3882690218924728,0.6117309781075272
2017-03-23,0.3882976326057412,0.6117023673942588
2017-03-24,0.3878011948615833,0.6121988051384166
2017-03-27,0.3880441174441045,0.6119558825558955
2017-03-28,0.3862622822946444,0.6137377177053556
2017-03-29,0.3863929826828287,0.6136070173171713
2017-03-30,0.3861216696962914,0.6138783303037085
2017-03-31,0.3868489794384854,0.6131510205615146
2017-04-03,0.4,0.6
2017-04-04,0.39958663598453004,0.60041336401547
2017-04-05,0.4007157112114448,0.5992842887885552
2017-04-06,0.4004352252432202,0.5995647747567797
2017-04-07,0.40019789876457196,0.599802101235428
2017-04-10,0.4003238858173601,0.5996761141826399
2017-04-11,0.40087095288385954,0.5991290471161405
2017-04-12,0.40198574800681736,0.5980142519931827
2017-04-13,0.4038639561937073,0.5961360438062926
2017-04-17,0.4016742930983006,0.5983257069016993
2017-04-18,0.4038250707322696,0.5961749292677304
2017-04-19,0.403868056636341,0.5961319433636589
2017-04-20,0.4015410016363007,0.5984589983636993
2017-04-21,0.40196921817209863,0.5980307818279014
2017-04-24,0.3979098361027453,0.6020901638972547
2017-04-25,0.39572937365378597,0.6042706263462141
2017-04-26,0.3961087014578747,0.6038912985421252
2017-04-27,0.3961769472073657,0.6038230527926343
2017-04-28,0.39694600218791876,0.6030539978120812
2017-05-01,0.39599393574272035,0.6040060642572797
2017-05-02,0.395471456209991,0.6045285437900089
2017-05-03,0.3960329551000253,0.6039670448999748
2017-05-04,0.3952287656361991,0.6047712343638009
2017-05-05,0.39366077551105805,0.6063392244889418
2017-05-08,0.39410477154515244,0.6058952284548476
2017-05-09,0.3938082250750965,0.6061917749249034
2017-05-10,0.3933510608688627,0.6066489391311375
2017-05-11,0.39388409062601715,0.606115909373983
2017-05-12,0.39473253372771455,0.6052674662722856
2017-05-15,0.39307274948835746,0.6069272505116425
2017-05-16,0.39284701113959525,0.6071529888604048
2017-05-17,0.3978499874232403,0.6021500125767596
2017-05-18,0.3975007505509523,0.6024992494490476
2017-05-19,0.3952466841564092,0.6047533158435907
2017-05-22,0.39408299893871673,0.6059170010612832
2017-05-23,0.39362170817924796,0.6063782918207521
2017-05-24,0.39365826322704633,0.6063417367729538
2017-05-25,0.39284677288008973,0.6071532271199103
2017-05-26,0.3932102638355497,0.6067897361644504
2017-05-30,0.39380710538262204,0.6061928946173779
2017-05-31,0.39402963343895453,0.6059703665610455
2017-06-01,0.3923349175187552,0.6076650824812448
2017-06-02,0.39168888554699266,0.6083111144530072
2017-06-05,0.3918335800291809,0.6081664199708192
2017-06-06,0.3927935589985255,0.6072064410014745
2017-06-07,0.3924738772311121,0.607526122768888
2017-06-08,0.3923691770799235,0.6076308229200765
2017-06-09,0.39258549890294064,0.6074145010970593
2017-06-12,0.39287809985626343,0.6071219001437366
2017-06-13,0.3913974289738075,0.6086025710261924
2017-06-14,0.39286277217812626,0.6071372278218737
2017-06-15,0.3940753414216489,0.6059246585783512
2017-06-16,0.39328281355691025,0.6067171864430898
2017-06-19,0.39143364183769097,0.6085663581623091
2017-06-20,0.3938795070680744,0.6061204929319256
2017-06-21,0.39399567957021586,0.6060043204297841
2017-06-22,0.39397742626805093,0.606022573731949
2017-06-23,0.39361437470518246,0.6063856252948175
2017-06-26,0.3931401618140719,0.606859838185928
2017-06-27,0.3935888296287835,0.6064111703712165
2017-06-28,0.3915961660086297,0.6084038339913703
2017-06-29,0.39339131132851507,0.6066086886714849
2017-06-30,0.39265055769368684,0.6073494423063132
2017-07-03,0.4,0.6
2017-07-05,0.40014720039860807,0.599852799601392
2017-07-06,0.4016194621958733,0.5983805378041266
2017-07-07,0.400488236595861,0.5995117634041389
2017-07-10,0.40007263752968736,0.5999273624703126
2017-07-11,0.40009524611431485,0.5999047538856851
2017-07-12,0.3985689484040039,0.6014310515959961
2017-07-13,0.3977788433218735,0.6022211566781264
2017-07-14,0.3964354253373873,0.6035645746626127
2017-07-17,0.3969316049803316,0.6030683950196684
2017-07-18,0.39727839194024867,0.6027216080597513
2017-07-19,0.3960239805701929,0.6039760194298072
2017-07-20,0.395755298787525,0.6042447012124749
2017-07-21,0.39643233465127387,0.6035676653487261
2017-07-24,0.39631558275221895,0.603684417247781
2017-07-25,0.39492719528727965,0.6050728047127204
2017-07-26,0.39478790387888096,0.605212096121119
2017-07-27,0.39508157948186373,0.6049184205181363
2017-07-28,0.3956224576804278,0.6043775423195721
2017-07-31,0.39555876068058904,0.6044412393194109
2017-08-01,0.39549661099205,0.60450338900795
2017-08-02,0.3955569543471732,0.6044430456528268
2017-08-03,0.3963624000462634,0.6036375999537367
2017-08-04,0.39553615905936734,0.6044638409406325
2017-08-07,0.39504040457111117,0.6049595954288887
2017-08-08,0.39547448120908624,0.6045255187909137
2017-08-09,0.396200303327395,0.6037996966726051
2017-08-10,0.40024007426966973,0.5997599257303303
2017-08-11,0.40033955650147846,0.5996604434985215
2017-08-14,0.3979640202381519,0.6020359797618481
2017-08-15,0.3977980884860344,0.6022019115139657
2017-08-16,0.39697013312560653,0.6030298668743934
2017-08-17,0.400825004106316,0.599174995893684
2017-08-18,0.40042718003392885,0.5995728199660711
2017-08-21,0.4003332556197632,0.5996667443802368
2017-08-22,0.3981210427010935,0.6018789572989065
2017-08-23,0.39909888263077703,0.600901117369223
2017-08-24,0.3991324149069738,0.6008675850930261
2017-08-25,0.3984844109656773,0.6015155890343228
2017-08-28,0.3986356103626147,0.6013643896373855
2017-08-29,0.3991060267026871,0.600893973297313
2017-08-30,0.39838270354515204,0.6016172964548481
2017-08-31,0.397101707523739,0.602898292476261
2017-09-01,0.39598537312882487,0.6040146268711751
2017-09-05,0.3985911454497147,0.6014088545502854
2017-09-06,0.39728777114642805,0.602712228853572
2017-09-07,0.3971149002851645,0.6028850997148355
2017-09-08,0.3971284747908421,0.6028715252091578
2017-09-11,0.39411925998369735,0.6058807400163028
2017-09-12,0.39312853150921734,0.6068714684907827
2017-09-13,0.39344672096871564,0.6065532790312843
2017-09-14,0.39352426131602597,0.6064757386839741
2017-09-15,0.39311378412706743,0.6068862158729326
2017-09-18,0.3921306593004548,0.6078693406995451
2017-09-19,0.39158660606118273,0.6084133939388172
2017-09-20,0.3913832896573208,0.6086167103426793
2017-09-21,0.3919639369394948,0.6080360630605053
2017-09-22,0.3920282751242058,0.6079717248757942
2017-09-25,0.3935970321902377,0.6064029678097623
2017-09-26,0.3937179797838214,0.6062820202161787
2017-09-27,0.39253544722339273,0.6074645527766073
2017-09-28,0.3922881982964985,0.6077118017035016
2017-09-29,0.3909997850891252,0.6090002149108747
2017-10-02,0.4,0.6
2017-10-03,0.39907032840641576,0.6009296715935843
2017-10-04,0.3989693200918992,0.6010306799081008
2017-10-05,0.39808789597988503,0.601912104020115
2017-10-06,0.3981259980098221,0.6018740019901777
2017-10-09,0.39869671733794365,0.6013032826620565
2017-10-10,0.3975058749101198,0.6024941250898802
2017-10-11,0.3969555225346558,0.6030444774653442
2017-10-12,0.39729348968140643,0.6027065103185936
2017-10-13,0.3971237808042841,0.6028762191957159
2017-10-16,0.39679087460112583,0.6032091253988743
2017-10-17,0.3969194486927633,0.6030805513072367
2017-10-18,0.39637365056882834,0.6036263494311718
2017-10-19,0.39678984619657104,0.603210153803429
2017-10-20,0.39564003539182446,0.6043599646081755
2017-10-23,0.39677576391879626,0.6032242360812037
2017-10-24,0.39596631181778774,0.6040336881822123
2017-10-25,0.3967271540724771,0.603272845927523
2017-10-26,0.3963669168514965,0.6036330831485034
2017-10-27,0.3956304495343474,0.6043695504656527
2017-10-30,0.3964854031334609,0.603514596866539
2017-10-31,0.39557599655811987,0.6044240034418801
2017-11-01,0.39520198660556116,0.6047980133944388
2017-11-02,0.3951720315302165,0.6048279684697835
2017-11-03,0.3951789804497307,0.6048210195502692
2017-11-06,0.3947286869663262,0.6052713130336738
2017-11-07,0.39530989634684954,0.6046901036531505
2017-11-08,0.3946084303128719,0.605391569687128
2017-11-09,0.3956931896679274,0.6043068103320726
2017-11-10,0.3949246496544773,0.6050753503455226
2017-11-13,0.39531815088661404,0.6046818491133858
2017-11-14,0.39597656499091255,0.6040234350090874
2017-11-15,0.3979336027644112,0.6020663972355887
2017-11-16,0.3953163340196546,0.6046836659803454
2017-11-17,0.39588149824717833,0.6041185017528218
2017-11-20,0.3953712353082324,0.6046287646917675
2017-11-21,0.3937002694510867,0.6062997305489133
2017-11-22,0.393868987381118,0.6061310126188821
2017-11-24,0.39292948014474155,0.6070705198552585
2017-11-27,0.39378865715712313,0.6062113428428768
2017-11-28,0.39196500516161525,0.6080349948383847
2017-11-29,0.39212839111029185,0.6078716088897081
2017-11-30,0.39083721110896824,0.6091627888910317
2017-12-01,0.3919933008618829,0.6080066991381171
2017-12-04,0.3924449886213368,0.6075550113786631
2017-12-05,0.3934871156516023,0.6065128843483978
2017-12-06,0.39450288779349396,0.605497112206506
2017-12-07,0.3934284721184647,0.6065715278815353
2017-12-08,0.3919415685317508,0.6080584314682492
2017-12-11,0.39118349093349236,0.6088165090665076
2017-12-12,0.39108949466001586,0.6089105053399841
2017-12-13,0.3912438692230758,0.6087561307769241
2017-12-14,0.39236598207230833,0.6076340179276916
2017-12-15,0.3912957354837895,0.6087042645162106
2017-12-18,0.3887055736021396,0.6112944263978604
2017-12-19,0.38880646671464114,0.6111935332853589
2017-12-20,0.3885002099744073,0.6114997900255927
2017-12-21,0.38797111679820256,0.6120288832017975
2017-12-22,0.38767086556101454,0.6123291344389854
2017-12-26,0.3878757735324689,0.6121242264675312
2017-12-27,0.38844526495349524,0.6115547350465048
2017-12-28,0.38759610479169326,0.6124038952083067
2017-12-29,0.38835830459620607,0.611641695403794
2018-01-02,0.4,0.6
2018-01-03,0.3985788494171381,0.6014211505828618
2018-01-04,0.3970360069461199,0.6029639930538799
2018-01-05,0.3953289244304855,0.6046710755695146
2018-01-08,0.3951081204856149,0.6048918795143852
2018-01-09,0.3939952516526408,0.6060047483473593
2018-01-10,0.3948064140193495,0.6051935859806505
2018-01-11,0.39305980356628434,0.6069401964337157
2018-01-12,0.39114538714770475,0.6088546128522954
2018-01-16,0.3918760034399447,0.6081239965600552
2018-01-17,0.3897394300002689,0.6102605699997311
2018-01-18,0.3897583697550695,0.6102416302449305
2018-01-19,0.38800754864690823,0.6119924513530917
2018-01-22,0.38610628008370723,0.6138937199162927
2018-01-23,0.3860612819962174,0.6139387180037827
2018-01-24,0.3854070772785694,0.6145929227214305
2018-01-25,0.3864122118562701,0.6135877881437299
2018-01-26,0.3835552161410362,0.6164447838589638
2018-01-29,0.3851999232067897,0.6148000767932102
2018-01-30,0.3871995999008082,0.6128004000991919
2018-01-31,0.3870463519922949,0.612953648007705
2018-02-01,0.38656926641528516,0.6134307335847148
2018-02-02,0.39110615036907787,0.6088938496309221
2018-02-05,0.40151955175177895,0.598480448248221
2018-02-06,0.39577894908548095,0.604221050914519
2018-02-07,0.3983173460159871,0.6016826539840128
2018-02-08,0.4058737438548456,0.5941262561451545
2018-02-09,0.40273518520655965,0.5972648147934404
2018-02-12,0.39924895380482184,0.6007510461951782
2018-02-13,0.399297248991283,0.6007027510087171
2018-02-14,0.39474603061327357,0.6052539693867265
2018-02-15,0.39235657576658245,0.6076434242334176
2018-02-16,0.3926770941506118,0.6073229058493882
2018-02-20,0.39423876432138116,0.6057612356786188
2018-02-21,0.39422722397751075,0.6057727760224892
2018-02-22,0.39411431130662117,0.6058856886933789
2018-02-23,0.391557345102965,0.6084426548970349
2018-02-26,0.3894664801037658,0.6105335198962342
2018-02-27,0.3922980833778041,0.6077019166221959
2018-02-28,0.395388523539819,0.604611476460181
2018-03-01,0.3986588562419408,0.6013411437580592
2018-03-02,0.3970755125146731,0.602924487485327
2018-03-05,0.3950012617124771,0.6049987382875229
2018-03-06,0.39369290358400016,0.6063070964159999
2018-03-07,0.39391803133417697,0.606081968665823
2018-03-08,0.3932707812823348,0.6067292187176652
2018-03-09,0.38999318161263197,0.610006818387368
2018-03-12,0.38998443563741403,0.6100155643625861
2018-03-13,0.39169789715855635,0.6083021028414436
2018-03-14,0.39245820192951864,0.6075417980704813
2018-03-15,0.39286524164120173,0.6071347583587982
2018-03-16,0.39262411089408294,0.607375889105917
2018-03-19,0.39497469456132867,0.6050253054386714
2018-03-20,0.39410179970525827,0.6058982002947416
2018-03-21,0.3939114625214948,0.6060885374785051
2018-03-22,0.39996462527894444,0.6000353747210555
2018-03-23,0.4041131390865245,0.5958868609134755
2018-03-26,0.3983687371658826,0.6016312628341174
2018-03-27,0.4023948934888717,0.5976051065111283
2018-03-28,0.4024639088971524,0.5975360911028477
2018-03-29,0.4001111845409424,0.5998888154590576
2018-04-02,0.4,0.6
2018-04-03,0.39721782515929643,0.6027821748407036
2018-04-04,0.3953227190126851,0.6046772809873148
2018-04-05,0.393728489293117,0.6062715107068829
2018-04-06,0.39821226910919844,0.6017877308908015
2018-04-09,0.39700735905994317,0.6029926409400568
2018-04-10,0.39308505101168384,0.6069149489883162
2018-04-11,0.3943607939714329,0.6056392060285671
2018-04-12,0.3924943394141554,0.6075056605858447
2018-04-13,0.39331680947681413,0.6066831905231858
2018-04-16,0.39212734030771185,0.6078726596922882
2018-04-17,0.3903068928737991,0.6096931071262008
2018-04-18,0.38861344890832744,0.6113865510916726
2018-04-19,0.389593784621263,0.610406215378737
2018-04-20,0.3905537214004911,0.609446278599509
2018-04-23,0.3907211439741559,0.6092788560258441
2018-04-24,0.3922616898312744,0.6077383101687256
2018-04-25,0.39202581972905437,0.6079741802709456
2018-04-26,0.39051379834888206,0.609486201651118
2018-04-27,0.3904596184239664,0.6095403815760335
2018-04-30,0.3921854190849332,0.6078145809150668
2018-05-01,0.39194551955195583,0.6080544804480441
2018-05-02,0.39288070514031087,0.6071192948596892
2018-05-03,0.3931901380548589,0.6068098619451412
2018-05-04,0.3913090405758793,0.6086909594241207
2018-05-07,0.3908354929098022,0.6091645070901978
2018-05-08,0.3906222387102666,0.6093777612897334
2018-05-09,0.3889149517416035,0.6110850482583966
2018-05-10,0.3872163418238142,0.6127836581761857
2018-05-11,0.38695466835076753,0.6130453316492326
2018-05-14,0.3863095575737416,0.6136904424262584
2018-05-15,0.387332331904453,0.612667668095547
2018-05-16,0.38595346847492085,0.6140465315250792
2018-05-17,0.38580471139041583,0.6141952886095841
2018-05-18,0.38722669467694654,0.6127733053230536
2018-05-21,0.3858742564473603,0.6141257435526397
2018-05-22,0.38615402925449527,0.6138459707455046
2018-05-23,0.38756962988674043,0.6124303701132595
2018-05-24,0.3884614377651168,0.6115385622348832
2018-05-25,0.3897642371403516,0.6102357628596484
2018-05-29,0.39513528010832194,0.604864719891678
2018-05-30,0.39133094467861107,0.6086690553213889
2018-05-31,0.3924558889968587,0.6075441110031414
2018-06-01,0.39030804007818565,0.6096919599218144
2018-06-04,0.38859607246701316,0.6114039275329868
2018-06-05,0.3888697256754682,0.6111302743245318
2018-06-06,0.3861402039182407,0.6138597960817592
2018-06-07,0.3875536573817065,0.6124463426182934
2018-06-08,0.3867215697418494,0.6132784302581507
2018-06-11,0.3859193210861969,0.6140806789138031
2018-06-12,0.3861379996177087,0.6138620003822913
2018-06-13,0.3867050794034926,0.6132949205965074
2018-06-14,0.38696676671048574,0.6130332332895142
2018-06-15,0.38799877267076355,0.6120012273292365
2018-06-18,0.3891320083629666,0.6108679916370334
2018-06-19,0.3911407814531742,0.6088592185468257
2018-06-20,0.38977203006365546,0.6102279699363444
2018-06-21,0.3918680333953898,0.6081319666046101
2018-06-22,0.39060126655906396,0.6093987334409361
2018-06-25,0.3939962889955476,0.6060037110044524
2018-06-26,0.3941285711341273,0.6058714288658726
2018-06-27,0.39696262894929524,0.6030373710507049
2018-06-28,0.39556586625530243,0.6044341337446976
2018-06-29,0.394330061197826,0.6056699388021741
2018-07-02,0.4,0.6
2018-07-03,0.4007490115312522,0.5992509884687478
2018-07-05,0.3991836805357891,0.6008163194642109
2018-07-06,0.3979299514224447,0.6020700485775553
2018-07-09,0.3953401951032761,0.604659804896724
2018-07-10,0.39477438941392196,0.6052256105860779
2018-07-11,0.3975591892071281,0.6024408107928718
2018-07-12,0.39587482814843383,0.6041251718515661
2018-07-13,0.39579776709406655,0.6042022329059334
2018-07-16,0.3957862292571081,0.604213770742892
2018-07-17,0.3947693176178672,0.6052306823821327
2018-07-18,0.3944893955893477,0.6055106044106522
2018-07-19,0.3958353294806203,0.6041646705193796
2018-07-20,0.3948451039502255,0.6051548960497745
2018-07-23,0.394089543138334,0.605910456861666
2018-07-24,0.39340284489302363,0.6065971551069764
2018-07-25,0.3909437784346876,0.6090562215653125
2018-07-26,0.39194891294764733,0.6080510870523527
2018-07-27,0.3926140265898759,0.6073859734101241
2018-07-30,0.3931656130812364,0.6068343869187636
2018-07-31,0.3924287107265971,0.607571289273403
2018-08-01,0.3931531440934458,0.6068468559065542
2018-08-02,0.3932425891953847,0.6067574108046153
2018-08-03,0.39293361168691854,0.6070663883130815
2018-08-06,0.3931449927607531,0.6068550072392469
2018-08-07,0.3918078807108564,0.6081921192891436
2018-08-08,0.39190467366243575,0.6080953263375642
2018-08-09,0.39289391039063687,0.6071060896093631
2018-08-10,0.39607966116649623,0.6039203388335037
2018-08-13,0.3973946416318566,0.6026053583681433
2018-08-14,0.39611890658458476,0.6038810934154151
2018-08-15,0.3990690790600899,0.6009309209399102
2018-08-16,0.3973790277609551,0.6026209722390449
2018-08-17,0.3965907160075048,0.6034092839924952
2018-08-20,0.39596530534515356,0.6040346946548464
2018-08-21,0.3948904166314013,0.6051095833685987
2018-08-22,0.39440721046723143,0.6055927895327685
2018-08-23,0.39551753857402633,0.6044824614259736
2018-08-24,0.39392720280656973,0.6060727971934302
2018-08-27,0.39112008903843687,0.6088799109615631
2018-08-28,0.3909468909834658,0.6090531090165343
2018-08-29,0.38967829764988743,0.6103217023501125
2018-08-30,0.391851141405592,0.6081488585944079
2018-08-31,0.39197355737784423,0.6080264426221558
2018-09-04,0.39311408900413364,0.6068859109958664
2018-09-05,0.39475766007012814,0.6052423399298719
2018-09-06,0.39562968100772716,0.6043703189922729
2018-09-07,0.39595998368957286,0.6040400163104273
2018-09-10,0.39553546220898644,0.6044645377910135
2018-09-11,0.394541759364893,0.6054582406351071
2018-09-12,0.3942780278056034,0.6057219721943966
2018-09-13,0.39294079772599916,0.6070592022740009
2018-09-14,0.39238972169001546,0.6076102783099845
2018-09-17,0.39321238398639424,0.6067876160136059
2018-09-18,0.3909965425701493,0.6090034574298506
2018-09-19,0.39003781150513095,0.6099621884948689
2018-09-20,0.38813297930773105,0.611867020692269
2018-09-21,0.38834590655723356,0.6116540934427664
2018-09-24,0.3890978850120477,0.6109021149879523
2018-09-25,0.38860559615120294,0.6113944038487971
2018-09-26,0.38961057311116537,0.6103894268888347
2018-09-27,0.3896043658984591,0.610395634101541
2018-09-28,0.39048129311300284,0.6095187068869972
2018-10-01,0.4,0.6
2018-10-02,0.40156770609773146,0.5984322939022684
2018-10-03,0.40034077137367213,0.5996592286263279
2018-10-04,0.40237351350647305,0.5976264864935269
2018-10-05,0.4033909950167522,0.5966090049832479
2018-10-08,0.40381610740775187,0.5961838925922482
2018-10-09,0.40486479689903415,0.5951352031009658
2018-10-10,0.4116248207994627,0.5883751792005372
2018-10-11,0.41659376695666694,0.5834062330433331
2018-10-12,0.41380044229563057,0.5861995577043694
2018-10-15,0.4147582114724005,0.5852417885275996
2018-10-16,0.4101943081595026,0.5898056918404972
2018-10-17,0.41072808331395894,0.589271916686041
2018-10-18,0.41435324342679164,0.5856467565732083
2018-10-19,0.41399023279187874,0.5860097672081213
2018-10-22,0.4145786214052296,0.5854213785947703
2018-10-23,0.41660105392447655,0.5833989460755235
2018-10-24,0.4248286624160819,0.5751713375839179
2018-10-25,0.4205168362101627,0.5794831637898373
2018-10-26,0.4239521681936982,0.5760478318063018
2018-10-29,0.4254095709815202,0.5745904290184797
2018-10-30,0.4215154036020689,0.578484596397931
2018-10-31,0.41880928721019534,0.5811907127898047
2018-11-01,0.4154634811085033,0.5845365188914967
2018-11-02,0.4150702522280386,0.5849297477719615
2018-11-05,0.41460780362119,0.58539219637881
2018-11-06,0.4133504348679749,0.5866495651320252
2018-11-07,0.40943289770733043,0.5905671022926695
2018-11-08,0.4109670730642144,0.5890329269357856
2018-11-09,0.4134849136720101,0.5865150863279899
2018-11-12,0.41817997349662517,0.5818200265033747
2018-11-13,0.4176740863287429,0.5823259136712572
2018-11-14,0.4186934531076382,0.5813065468923619
2018-11-15,0.4165828779276318,0.5834171220723682
2018-11-16,0.4166324736711603,0.5833675263288396
2018-11-19,0.41998686957099174,0.5800131304290084
2018-11-20,0.4243400125293445,0.5756599874706556
2018-11-21,0.42232352511263554,0.5776764748873645
2018-11-23,0.4238484514962551,0.5761515485037448
2018-11-26,0.4201407303226288,0.5798592696773711
2018-11-27,0.4202620004213935,0.5797379995786064
2018-11-28,0.4157613335011131,0.584238666498887
2018-11-29,0.4165635474984032,0.5834364525015968
2018-11-30,0.4161780245125197,0.5838219754874803
2018-12-03,0.4132691134555378,0.5867308865444621
2018-12-04,0.42111837256311985,0.5788816274368801
2018-12-06,0.42281272959308475,0.5771872704069152
2018-12-07,0.4278479183326641,0.5721520816673358
2018-12-10,0.42863519418493645,0.5713648058150634
2018-12-11,0.4285587063735614,0.5714412936264385
2018-12-12,0.42566905807978606,0.5743309419202138
2018-12-13,0.4263173010799221,0.5736826989200781
2018-12-14,0.4304087754058301,0.56959122459417
2018-12-17,0.43496934286268973,0.5650306571373103
2018-12-18,0.4350112533950902,0.5649887466049096
2018-12-19,0.43863949875223146,0.5613605012477685
2018-12-20,0.44093018188400196,0.5590698181159981
2018-12-21,0.4452482643944364,0.5547517356055636
2018-12-24,0.44998475802158877,0.5500152419784111
2018-12-26,0.44042502880750767,0.5595749711924923
2018-12-27,0.43958893084833167,0.5604110691516685
2018-12-28,0.4399169077149447,0.5600830922850553
2018-12-31,0.4391055723344179,0.5608944276655821
2019-01-02,0.4,0.6
2019-01-03,0.4047183951186539,0.5952816048813461
2019-01-04,0.3963212519809384,0.6036787480190615
2019-01-07,0.3944892333339713,0.6055107666660287
2019-01-08,0.3922687112982045,0.6077312887017955
2019-01-09,0.39038319808540406,0.609616801914596
2019-01-10,0.38882185087771215,0.611178149122288
2019-01-11,0.3902083215061379,0.6097916784938622
2019-01-14,0.3912955755200988,0.6087044244799011
2019-01-15,0.389191495505376,0.610808504494624
2019-01-16,0.3884826278203996,0.6115173721796004
2019-01-17,0.38686641516592524,0.6131335848340749
2019-01-18,0.3841236569643814,0.6158763430356187
2019-01-22,0.3879335762754415,0.6120664237245584
2019-01-23,0.38762073863042945,0.6123792613695705
2019-01-24,0.3874057684071236,0.6125942315928765
2019-01-25,0.3847473074210437,0.6152526925789562
2019-01-28,0.3863696012474992,0.6136303987525009
2019-01-29,0.38670989363273195,0.613290106367268
2019-01-30,0.3836250706963691,0.6163749293036308
2019-01-31,0.3835462621472002,0.6164537378527998
2019-02-01,0.38285525407662613,0.6171447459233739
2019-02-04,0.3814152957549863,0.6185847042450138
2019-02-05,0.3802982231677277,0.6197017768322722
2019-02-06,0.38120003555221404,0.618799964447786
2019-02-07,0.3836758163816631,0.6163241836183369
2019-02-08,0.38446740251814226,0.6155325974818577
2019-02-11,0.3843783725172962,0.6156216274827038
2019-02-12,0.38148132393554235,0.6185186760644577
2019-02-13,0.3810274341590699,0.6189725658409302
2019-02-14,0.38147433187923646,0.6185256681207636
2019-02-15,0.3789994342734324,0.6210005657265675
2019-02-19,0.3786187171041185,0.6213812828958815
2019-02-20,0.3776537166058698,0.6223462833941302
2019-02-21,0.3780595126466282,0.6219404873533718
2019-02-22,0.37709796854864125,0.6229020314513588
2019-02-25,0.37639743235655154,0.6236025676434483
2019-02-26,0.3764627579289121,0.6235372420710878
2019-02-27,0.37628291107221695,0.6237170889277831
2019-02-28,0.37679209888295595,0.623207901117044
2019-03-01,0.3748751199935479,0.625124880006452
2019-03-04,0.3759954809743623,0.6240045190256377
2019-03-05,0.37585053593318535,0.6241494640668147
2019-03-06,0.3775662961785762,0.6224337038214238
2019-03-07,0.3807584741007587,0.6192415258992412
2019-03-08,0.3816791736148902,0.6183208263851098
2019-03-11,0.3784203149454112,0.6215796850545888
2019-03-12,0.37839511653843827,0.6216048834615617
2019-03-13,0.376923428710804,0.623076571289196
2019-03-14,0.37700758682148244,0.6229924131785176
2019-03-15,0.37562134607089376,0.6243786539291063
2019-03-18,0.37442629158288937,0.6255737084171107
2019-03-19,0.37427755590777634,0.6257224440922237
2019-03-20,0.37568006255388775,0.6243199374461121
2019-03-21,0.37434494291379755,0.6256550570862024
2019-03-22,0.3804548371864998,0.6195451628135002
2019-03-25,0.38080769611248916,0.6191923038875108
2019-03-26,0.3794710077058379,0.6205289922941621
2019-03-27,0.3807814733172108,0.6192185266827892
2019-03-28,0.38024901339931877,0.6197509866006812
2019-03-29,0.3788165628989713,0.6211834371010287
2019-04-01,0.4,0.6
2019-04-02,0.40015146614491115,0.599848533855089
2019-04-03,0.3988226996598215,0.6011773003401785
2019-04-04,0.39873855414722786,0.6012614458527722
2019-04-05,0.3979539501627431,0.602046049837257
2019-04-08,0.39742816839622475,0.6025718316037751
2019-04-09,0.39906799445309155,0.6009320055469085
2019-04-10,0.398398553434306,0.601601446565694
2019-04-11,0.39840014009332525,0.6015998599066746
2019-04-12,0.39626149249727893,0.6037385075027212
2019-04-15,0.3967029578773072,0.6032970421226929
2019-04-16,0.3957461197158957,0.6042538802841044
2019-04-17,0.3960322290997389,0.6039677709002611
2019-04-18,0.39616823145435626,0.6038317685456437
2019-04-22,0.39615322421823423,0.6038467757817657
2019-04-23,0.3950465550211318,0.6049534449788682
2019-04-24,0.396968684585088,0.6030313154149121
2019-04-25,0.39706865036609124,0.6029313496339088
2019-04-26,0.39645760153945087,0.6035423984605491
2019-04-29,0.39563880114697275,0.6043611988530273
2019-04-30,0.39577227496543543,0.6042277250345646
2019-05-01,0.39734091444672565,0.6026590855532743
2019-05-02,0.3971570792031533,0.6028429207968468
2019-05-03,0.3953195550618555,0.6046804449381444
2019-05-06,0.39729363953414465,0.6027063604658555
2019-05-07,0.4016652843509274,0.5983347156490726
2019-05-08,0.40151957969214164,0.5984804203078583
2019-05-09,0.40315802815218715,0.5968419718478128
2019-05-10,0.4019547485435025,0.5980452514564975
2019-05-13,0.4085984250263113,0.5914015749736887
2019-05-14,0.4062488845709685,0.5937511154290315
2019-05-15,0.405482540422822,0.5945174595771779
2019-05-16,0.4033563061875094,0.5966436938124905
2019-05-17,0.4053506226031052,0.5946493773968947
2019-05-20,0.4064089708678894,0.5935910291321105
2019-05-21,0.40417865855512686,0.5958213414448731
2019-05-22,0.4057101405081336,0.5942898594918665
2019-05-23,0.40929628005671753,0.5907037199432824
2019-05-24,0.4081946340051666,0.5918053659948334
2019-05-28,0.41060529920849287,0.5893947007915071
2019-05-29,0.4117598154176926,0.5882401845823073
2019-05-30,0.4115674350636315,0.5884325649363685
2019-05-31,0.41497017048378676,0.5850298295162132
2019-06-03,0.4152837734154712,0.5847162265845288
2019-06-04,0.41075782623681334,0.5892421737631865
2019-06-05,0.4099250703756449,0.5900749296243551
2019-06-06,0.40873912462961565,0.5912608753703843
2019-06-07,0.406953200192018,0.593046799807982
2019-06-10,0.40544421929202534,0.5945557807079747
2019-06-11,0.4045867919478071,0.5954132080521929
2019-06-12,0.4061672752578088,0.5938327247421912
2019-06-13,0.4058939139742557,0.5941060860257442
2019-06-14,0.4070636770238929,0.5929363229761072
2019-06-17,0.40673162076584923,0.5932683792341507
2019-06-18,0.4043494636391192,0.5956505363608808
2019-06-19,0.4040331169590593,0.5959668830409406
2019-06-20,0.40206937119362013,0.5979306288063799
2019-06-21,0.40226482699398747,0.5977351730060125
2019-06-24,0.4027961734168834,0.5972038265831165
2019-06-25,0.4049763016357461,0.595023698364254
2019-06-26,0.40429427069288,0.5957057293071201
2019-06-27,0.4039272432671852,0.5960727567328147
2019-06-28,0.40303887328175947,0.5969611267182406
2019-07-01,0.4,0.6
2019-07-02,0.40011474912058115,0.5998852508794189
2019-07-03,0.39900434897901255,0.6009956510209875
2019-07-05,0.39882072767674437,0.6011792723232557
2019-07-08,0.39992912848812445,0.6000708715118754
2019-07-09,0.39999048970966067,0.6000095102903394
2019-07-10,0.3990225846421697,0.6009774153578302
2019-07-11,0.39811304898884536,0.6018869510111545
2019-07-12,0.39749859893052486,0.602501401069475
2019-07-15,0.3977837448186282,0.6022162551813718
2019-07-16,0.3982824049314569,0.6017175950685432
2019-07-17,0.4001454892975454,0.5998545107024545
2019-07-18,0.3995993538526665,0.6004006461473336
2019-07-19,0.4002876087104206,0.5997123912895794
2019-07-22,0.40029498717845474,0.5997050128215452
2019-07-23,0.39854631377709443,0.6014536862229056
2019-07-24,0.39799345311508244,0.6020065468849175
2019-07-25,0.39946256972152094,0.6005374302784791
2019-07-26,0.39826637856525876,0.6017336214347413
2019-07-29,0.39863063854088915,0.6013693614591109
2019-07-30,0.3999600993504451,0.6000399006495549
2019-07-31,0.4024450597232071,0.5975549402767928
2019-08-01,0.40609402410355566,0.5939059758964443
2019-08-02,0.40856984608848346,0.5914301539115165
2019-08-05,0.41646683461227707,0.583533165387723
2019-08-06,0.4143839909706057,0.5856160090293943
2019-08-07,0.413683337195375,0.5863166628046251
2019-08-08,0.41015485869711393,0.5898451413028861
2019-08-09,0.4115958965482396,0.5884041034517604
2019-08-12,0.4152200233899164,0.5847799766100836
2019-08-13,0.4117922924599262,0.5882077075400738
2019-08-14,0.419864716179116,0.580135283820884
2019-08-15,0.4201579777910926,0.5798420222089073
2019-08-16,0.4165605639211985,0.5834394360788016
2019-08-19,0.41372255147987386,0.5862774485201262
2019-08-20,0.41568233353861017,0.5843176664613899
2019-08-21,0.41354408783719154,0.5864559121628085
2019-08-22,0.41358145151307124,0.5864185484869288
2019-08-23,0.4195286937222138,0.5804713062777862
2019-08-26,0.4170244964483527,0.5829755035516472
2019-08-27,0.41862747934920036,0.5813725206507996
2019-08-28,0.4174708444650181,0.582529155534982
2019-08-29,0.41463391747385997,0.58536608252614
2019-08-30,0.4141763523269926,0.5858236476730074
2019-09-03,0.41568940279738686,0.584310597202613
2019-09-04,0.4131799443322889,0.586820055667711
2019-09-05,0.4091960551813603,0.5908039448186396
2019-09-06,0.40906220610196875,0.5909377938980311
2019-09-09,0.4077555936053499,0.59224440639465
2019-09-10,0.40642663361599585,0.593573366384004
2019-09-11,0.4045889466804584,0.5954110533195416
2019-09-12,0.4030503274523079,0.5969496725476922
2019-09-13,0.40119503133549494,0.5988049686645052
2019-09-16,0.40271440554365767,0.5972855944563423
2019-09-17,0.40278593753649977,0.5972140624635003
2019-09-18,0.4031483529871078,0.5968516470128922
2019-09-19,0.4033344464267733,0.5966655535732267
2019-09-20,0.40498724294158067,0.5950127570584193
2019-09-23,0.4052225448551775,0.5947774551448225
2019-09-24,0.40764188410621366,0.5923581158937863
2019-09-25,0.4059821439702355,0.5940178560297645
2019-09-26,0.40628671758042567,0.5937132824195744
2019-09-27,0.4080613053411191,0.5919386946588809
2019-09-30,0.4073600366784795,0.5926399633215206
2019-10-01,0.4,0.6
2019-10-02,0.4045372001458289,0.5954627998541712
2019-10-03,0.40348839335967257,0.5965116066403275
2019-10-04,0.4013418316717354,0.5986581683282647
2019-10-07,0.40149782784830645,0.5985021721516937
2019-10-08,0.4047905085605474,0.5952094914394527
2019-10-09,0.4025014388086137,0.5974985611913862
2019-10-10,0.40010195888224626,0.5998980411177538
2019-10-11,0.3960378654141968,0.6039621345858032
2019-10-14,0.39704278265740156,0.6029572173425984
2019-10-15,0.39393898091600993,0.60606101908399
2019-10-16,0.3943209566798289,0.6056790433201711
2019-10-17,0.39365854873546485,0.6063414512645351
2019-10-18,0.3944978225611401,0.60550217743886
2019-10-21,0.39226225123684205,0.607737748763158
2019-10-22,0.39334687376304717,0.6066531262369528
2019-10-23,0.39276979206096285,0.6072302079390371
2019-10-24,0.39229756349959,0.60770243650041
2019-10-25,0.39099654115969584,0.6090034588403042
2019-10-28,0.389215408791523,0.610784591208477
2019-10-29,0.3894884363538342,0.6105115636461659
2019-10-30,0.38951203271870344,0.6104879672812966
2019-10-31,0.3913517602780957,0.6086482397219043
2019-11-01,0.3888006497273639,0.6111993502726362
2019-11-04,0.38699493586456357,0.6130050641354363
2019-11-05,0.3861445224543208,0.6138554775456793
2019-11-06,0.38668430611732413,0.6133156938826759
2019-11-07,0.3847088374250912,0.6152911625749089
2019-11-08,0.3843006723778387,0.6156993276221613
2019-11-11,0.3850475971926806,0.6149524028073194
2019-11-12,0.3850077492586134,0.6149922507413866
2019-11-13,0.3858573240796402,0.6141426759203598
2019-11-14,0.38647581226057187,0.6135241877394282
2019-11-15,0.3847283616773937,0.6152716383226063
2019-11-18,0.3849764276938959,0.6150235723061042
2019-11-19,0.38516991235223913,0.6148300876477608
2019-11-20,0.38699521128107656,0.6130047887189235
2019-11-21,0.3868737748557743,0.6131262251442257
2019-11-22,0.3864996587930647,0.6135003412069353
2019-11-25,0.38491789691240735,0.6150821030875927
2019-11-26,0.3851010986031697,0.6148989013968303
2019-11-27,0.3837803554974747,0.6162196445025253
2019-11-29,0.38524590656716495,0.614754093432835
2019-12-02,0.38631365805766077,0.6136863419423393
2019-12-03,0.3888292368655511,0.611170763134449
2019-12-04,0.3865595115436121,0.6134404884563879
2019-12-05,0.38609442648472503,0.613905573515275
2019-12-06,0.38368470299640856,0.6163152970035916
2019-12-09,0.38454814819913286,0.6154518518008671
2019-12-10,0.3845888719202153,0.6154111280797846
2019-12-11,0.38435985805171646,0.6156401419482835
2019-12-12,0.38106925933153646,0.6189307406684635
2019-12-13,0.3817240655691502,0.6182759344308498
2019-12-16,0.3790879461824362,0.6209120538175639
2019-12-17,0.3792032902067708,0.6207967097932293
2019-12-18,0.3788072763212941,0.6211927236787059
2019-12-19,0.378365121471924,0.621634878528076
2019-12-20,0.3777257421009055,0.6222742578990945
2019-12-23,0.3772537235867347,0.6227462764132652
2019-12-24,0.3775655631283115,0.6224344368716884
2019-12-26,0.3767157057272501,0.62328429427275
2019-12-27,0.3767622638351254,0.6232377361648747
2019-12-30,0.3780711268623677,0.6219288731376322
2019-12-31,0.37706346351045844,0.6229365364895415
2020-01-02,0.4,0.6
2020-01-03,0.40304044431358593,0.5969595556864141
2020-01-06,0.4018668138837622,0.5981331861162377
2020-01-07,0.4024063943027673,0.5975936056972326
2020-01-08,0.40105891781833936,0.5989410821816606
2020-01-09,0.40016839281241473,0.5998316071875853
2020-01-10,0.40106721842098525,0.5989327815790149
2020-01-13,0.39922617353736944,0.6007738264626307
2020-01-14,0.39965548553781566,0.6003445144621844
2020-01-15,0.39999620987508,0.60000379012492
2020-01-16,0.3981398352483649,0.6018601647516351
2020-01-17,0.3973893758920279,0.6026106241079721
2020-01-21,0.3995194780177098,0.6004805219822901
2020-01-22,0.39939855711277894,0.6006014428872211
2020-01-23,0.4000847761755305,0.5999152238244695
2020-01-24,0.40235156712529946,0.5976484328747006
2020-01-27,0.4076581320352318,0.5923418679647682
2020-01-28,0.40487435947201245,0.5951256405279874
2020-01-29,0.40579128098111633,0.5942087190188836
2020-01-30,0.40584792217492793,0.5941520778250722
2020-01-31,0.41061553044825916,0.589384469551741
2020-02-03,0.4090661609432305,0.5909338390567694
2020-02-04,0.4043886105050725,0.5956113894949274
2020-02-05,0.4018168860679553,0.5981831139320448
2020-02-06,0.4012847201311889,0.5987152798688111
2020-02-07,0.4039813171993148,0.5960186828006852
2020-02-10,0.40308665650871284,0.5969133434912871
2020-02-11,0.401496251065972,0.5985037489340279
2020-02-12,0.3997372111647584,0.6002627888352415
2020-02-13,0.4008302157092487,0.5991697842907513
2020-02-14,0.4009100287944676,0.5990899712055324
2020-02-18,0.40232190063269807,0.597678099367302
2020-02-19,0.4010162617141862,0.5989837382858137
2020-02-20,0.4029427289640676,0.5970572710359323
2020-02-21,0.40549546797273617,0.5945045320272638
2020-02-24,0.41470322969476686,0.5852967703052331
2020-02-25,0.4207538311821634,0.5792461688178365
2020-02-26,0.42102330526120646,0.5789766947387935
2020-02-27,0.4305205218840583,0.5694794781159418
2020-02-28,0.4329323843157763,0.5670676156842236
2020-03-02,0.42613706143783225,0.5738629385621677
2020-03-03,0.4323902689499253,0.5676097310500746
2020-03-04,0.4242869999756666,0.5757130000243335
2020-03-05,0.432309583600455,0.567690416399545
2020-03-06,0.43836756480505756,0.5616324351949425
2020-03-09,0.45815968393421574,0.5418403160657843
2020-03-10,0.4438286567107235,0.5561713432892765
2020-03-11,0.45164202034966017,0.5483579796503399
2020-03-12,0.4645428310247982,0.5354571689752017
2020-03-13,0.4557738195481822,0.5442261804518178
2020-03-16,0.4892142962220628,0.5107857037779373
2020-03-17,0.47005657475630686,0.5299434252436932
2020-03-18,0.4803740330463074,0.5196259669536926
2020-03-19,0.4777813900178383,0.5222186099821615
2020-03-20,0.48888081340210465,0.5111191865978953
2020-03-23,0.5003812004468489,0.4996187995531512
2020-03-24,0.4787940776115518,0.5212059223884481
2020-03-25,0.4764827236142987,0.5235172763857012
2020-03-26,0.46531247624204275,0.5346875237579573
2020-03-27,0.4750925606945302,0.5249074393054698
2020-03-30,0.46882286068658174,0.5311771393134183
2020-03-31,0.4689068722536151,0.5310931277463848
2020-04-01,0.4,0.6
2020-04-02,0.39625690493193294,0.6037430950680672
2020-04-03,0.40036853505903813,0.5996314649409619
2020-04-06,0.3869161180052848,0.6130838819947152
2020-04-07,0.3862466610719732,0.6137533389280269
2020-04-08,0.38123617313812364,0.6187638268618763
2020-04-09,0.37947070847060144,0.6205292915293986
2020-04-13,0.3808388092973563,0.6191611907026436
2020-04-14,0.3752649555761018,0.6247350444238983
2020-04-15,0.38264158050645974,0.6173584194935402
2020-04-16,0.3818492815781273,0.6181507184218727
2020-04-17,0.3754032252410724,0.6245967747589275
2020-04-20,0.3785713211494664,0.6214286788505335
2020-04-21,0.3856510382713604,0.6143489617286396
2020-04-22,0.3803343374133405,0.6196656625866594
2020-04-23,0.38088851869642865,0.6191114813035714
2020-04-24,0.3782394758873353,0.6217605241126646
2020-04-27,0.3734672008889624,0.6265327991110375
2020-04-28,0.37416359397355237,0.6258364060264477
2020-04-29,0.3677677592702698,0.6322322407297302
2020-04-30,0.3711837763551792,0.6288162236448208
2020-05-01,0.3772491121163485,0.6227508878836515
2020-05-04,0.3767963864574877,0.6232036135425124
2020-05-05,0.3749243417524624,0.6250756582475375
2020-05-06,0.37525395588198157,0.6247460441180185
2020-05-07,0.3728509606723185,0.6271490393276815
2020-05-08,0.3681097791065016,0.6318902208934984
2020-05-11,0.36742001247120704,0.632579987528793
2020-05-12,0.37220656734459784,0.6277934326554022
2020-05-13,0.3757698050740023,0.6242301949259977
2020-05-14,0.37534487100341585,0.6246551289965842
2020-05-15,0.37503169995264407,0.624968300047356
2020-05-18,0.36653409909881124,0.6334659009011887
2020-05-19,0.36917816249149393,0.6308218375085061
2020-05-20,0.3657991939996701,0.63420080600033
2020-05-21,0.36803972894560466,0.6319602710543953
2020-05-22,0.36835061577954603,0.6316493842204539
2020-05-26,0.3638431644404175,0.6361568355595825
2020-05-27,0.3608459223916598,0.6391540776083401
2020-05-28,0.36079804986531583,0.6392019501346841
2020-05-29,0.3609482743095796,0.6390517256904205
2020-06-01,0.3578128152332591,0.642187184766741
2020-06-02,0.3554628428944131,0.6445371571055868
2020-06-03,0.3509090192689283,0.6490909807310716
2020-06-04,0.35147351224353063,0.6485264877564694
2020-06-05,0.346047360931562,0.653952639068438
2020-06-08,0.34346886296432255,0.6565311370356774
2020-06-09,0.34599799984675317,0.6540020001532468
2020-06-10,0.34762657384361995,0.6523734261563802
2020-06-11,0.3606297767200519,0.6393702232799482
2020-06-12,0.3574225787354663,0.6425774212645338
2020-06-15,0.3565026070452554,0.6434973929547445
2020-06-16,0.3523497395991268,0.6476502604008733
2020-06-17,0.3527331513518169,0.6472668486481831
2020-06-18,0.3532041604012352,0.6467958395987649
2020-06-19,0.35434289113928424,0.6456571088607158
2020-06-22,0.35226052728683666,0.6477394727131633
2020-06-23,0.3512232578829851,0.648776742117015
2020-06-24,0.35680192281731904,0.6431980771826808
2020-06-25,0.3544821028717387,0.6455178971282614
2020-06-26,0.3593557571716541,0.640644242828346
2020-06-29,0.3567741960480043,0.6432258039519957
2020-06-30,0.3555316664939049,0.6444683335060951
2020-07-01,0.4,0.6
2020-07-02,0.3982244028825797,0.6017755971174203
2020-07-06,0.3937762283853217,0.6062237716146782
2020-07-07,0.39698269718545565,0.6030173028145444
2020-07-08,0.3944826465594715,0.6055173534405285
2020-07-09,0.39665283157376396,0.6033471684262361
2020-07-10,0.3944589441714088,0.6055410558285911
2020-07-13,0.3964906797503942,0.6035093202496057
2020-07-14,0.394000415339405,0.605999584660595
2020-07-15,0.3915214371763306,0.6084785628236694
2020-07-16,0.3930234557465636,0.6069765442534364
2020-07-17,0.39241068670710255,0.6075893132928973
2020-07-20,0.3907427975890762,0.6092572024109238
2020-07-21,0.3899737092825998,0.6100262907174002
2020-07-22,0.3893355721356858,0.6106644278643142
2020-07-23,0.3920762814112559,0.607923718588744
2020-07-24,0.3932987034056321,0.6067012965943678
2020-07-27,0.3905949030992112,0.6094050969007887
2020-07-28,0.39233314352054577,0.6076668564794543
2020-07-29,0.3896959500824459,0.6103040499175542
2020-07-30,0.3913892704733568,0.6086107295266433
2020-07-31,0.3926455114826641,0.6073544885173359
2020-08-03,0.3897969581073285,0.6102030418926715
2020-08-04,0.3891118003226463,0.6108881996773537
2020-08-05,0.38719679473623775,0.6128032052637623
2020-08-06,0.3865408438750841,0.6134591561249159
2020-08-07,0.3870971659364395,0.6129028340635605
2020-08-10,0.38618599940726295,0.613814000592737
2020-08-11,0.3860951034088254,0.6139048965911745
2020-08-12,0.3819606920961794,0.6180393079038207
2020-08-13,0.38182298022203337,0.6181770197779667
2020-08-14,0.38199015390709373,0.6180098460929063
2020-08-17,0.38084055414070145,0.6191594458592986
2020-08-18,0.38095903895513095,0.6190409610448692
2020-08-19,0.3817407678618236,0.6182592321381764
2020-08-20,0.38208310323474154,0.6179168967652584
2020-08-21,0.3823578333084285,0.6176421666915715
2020-08-24,0.37965290417675956,0.6203470958232403
2020-08-25,0.37837628137629553,0.6216237186237044
2020-08-26,0.3764083194533674,0.6235916805466326
2020-08-27,0.37609219024123114,0.6239078097587688
2020-08-28,0.37456885288146186,0.6254311471185382
2020-08-31,0.37660361288429856,0.6233963871157013
2020-09-01,0.37548458809368634,0.6245154119063135
2020-09-02,0.3733561652787306,0.6266438347212694
2020-09-03,0.38053007563108826,0.6194699243689117
2020-09-04,0.3800322427264434,0.6199677572735567
2020-09-08,0.3859054600663542,0.6140945399336457
2020-09-09,0.38145565110595975,0.6185443488940403
2020-09-10,0.3848563557633671,0.6151436442366329
2020-09-11,0.3841598652335027,0.6158401347664973
2020-09-14,0.3812018518931773,0.6187981481068228
2020-09-15,0.37995861717183826,0.6200413828281617
2020-09-16,0.3803058978469067,0.6196941021530932
2020-09-17,0.3815699676454595,0.6184300323545404
2020-09-18,0.3833890215946,0.6166109784054
2020-09-21,0.3870004572986996,0.6129995427013004
2020-09-22,0.3859808352576798,0.6140191647423202
2020-09-23,0.39006223996806627,0.6099377600319338
2020-09-24,0.38996786868428407,0.6100321313157159
2020-09-25,0.3873500761153229,0.6126499238846771
2020-09-28,0.38385956962361817,0.6161404303763818
2020-09-29,0.384873671695317,0.615126328304683
2020-09-30,0.3833811376446362,0.6166188623553638
2020-10-01,0.4,0.6
2020-10-02,0.40137764758472017,0.5986223524152797
2020-10-05,0.39656129801727824,0.6034387019827218
2020-10-06,0.3993526182919368,0.6006473817080632
2020-10-07,0.39565975398153486,0.6043402460184653
2020-10-08,0.39410428920874085,0.6058957107912593
2020-10-09,0.3923562906816736,0.6076437093183265
2020-10-12,0.39010514849291567,0.6098948515070843
2020-10-13,0.39184669408988815,0.6081533059101119
2020-10-14,0.3930332740144076,0.6069667259855925
2020-10-15,0.3940409800599385,0.6059590199400615
2020-10-16,0.3937367354912981,0.6062632645087018
2020-10-19,0.39579459537439327,0.6042054046256068
2020-10-20,0.3942607893517197,0.6057392106482803
2020-10-21,0.39459407272486524,0.6054059272751348
2020-10-22,0.39326409037584104,0.6067359096241589
2020-10-23,0.39247478083943815,0.6075252191605618
2020-10-26,0.39710425343945305,0.602895746560547
2020-10-27,0.39870149657839915,0.6012985034216008
2020-10-28,0.4059450392986621,0.594054960701338
2020-10-29,0.4033312230789664,0.5966687769210336
2020-10-30,0.4053157717677116,0.5946842282322884
2020-11-02,0.4026799281640659,0.5973200718359342
2020-11-03,0.39813407479789503,0.601865925202105
2020-11-04,0.3953166441170397,0.6046833558829603
2020-11-05,0.3905554822431406,0.6094445177568595
2020-11-06,0.38973496120556045,0.6102650387944395
2020-11-09,0.384854878443965,0.6151451215560351
2020-11-10,0.3842302427385609,0.6157697572614391
2020-11-11,0.3828903674771276,0.6171096325228723
2020-11-12,0.386194094504519,0.6138059054954811
2020-11-13,0.3829650949295366,0.6170349050704634
2020-11-16,0.3801123237740519,0.619887676225948
2020-11-17,0.3809957445656537,0.6190042554343462
2020-11-18,0.3833104352631976,0.6166895647368025
2020-11-19,0.3823357095695747,0.6176642904304254
2020-11-20,0.3829263575476641,0.617073642452336
2020-11-23,0.3815843139380696,0.6184156860619305
2020-11-24,0.3777900218109549,0.6222099781890451
2020-11-25,0.3780514814830931,0.6219485185169069
2020-11-27,0.377402644650425,0.622597355349575
2020-11-30,0.3803845439571539,0.6196154560428461
2020-12-01,0.37620081374276937,0.6237991862572306
2020-12-02,0.3756448358452035,0.6243551641547965
2020-12-03,0.37531868403584845,0.6246813159641517
2020-12-04,0.3724655985035137,0.6275344014964864
2020-12-07,0.373528711363849,0.626471288636151
2020-12-08,0.3728642476812736,0.6271357523187264
2020-12-09,0.37390463905144916,0.6260953609485509
2020-12-10,0.37371386893288133,0.6262861310671186
2020-12-11,0.37470419431588303,0.6252958056841169
2020-12-14,0.37514143275095785,0.6248585672490422
2020-12-15,0.3722435272957268,0.6277564727042733
2020-12-16,0.3714456078273414,0.6285543921726586
2020-12-17,0.3700065700694771,0.6299934299305229
2020-12-18,0.37065914063973393,0.6293408593602661
2020-12-21,0.3723668896660286,0.6276331103339713
2020-12-22,0.37296935149370275,0.6270306485062973
2020-12-23,0.37162944555061017,0.6283705544493897
2020-12-24,0.37149183840539496,0.6285081615946051
2020-12-28,0.3703447448855808,0.6296552551144192
2020-12-29,0.36996850814831617,0.6300314918516838
2020-12-30,0.36931985686843044,0.6306801431315695
2020-12-31,0.36946084975123517,0.6305391502487647
2021-01-04,0.4,0.6
2021-01-05,0.39697573901408645,0.6030242609859136
2021-01-06,0.39422290141876276,0.6057770985812372
2021-01-07,0.39132661170641964,0.6086733882935804
2021-01-08,0.38895694658362123,0.6110430534163789
2021-01-11,0.39086271549844925,0.6091372845015507
2021-01-12,0.38990475156520826,0.6100952484347917
2021-01-13,0.39033168537772095,0.6096683146222791
2021-01-14,0.3896321228039429,0.6103678771960571
2021-01-15,0.3923103111217523,0.6076896888782478
2021-01-19,0.3905745377590791,0.6094254622409209
2021-01-20,0.38769007140329714,0.6123099285967027
2021-01-21,0.3872901768150392,0.6127098231849608
2021-01-22,0.38851129882190677,0.6114887011780932
2021-01-25,0.388534334203449,0.611465665796551
2021-01-26,0.3892009268684204,0.6107990731315796
2021-01-27,0.3949956674239856,0.6050043325760145
2021-01-28,0.3928713063981154,0.6071286936018846
2021-01-29,0.3974194390144144,0.6025805609855857
2021-02-01,0.39344420989373285,0.606555790106267
2021-02-02,0.3898697255341173,0.6101302744658826
2021-02-03,0.3890861052865612,0.6109138947134388
2021-02-04,0.3875032197652635,0.6124967802347365
2021-02-05,0.3857240182710142,0.6142759817289857
2021-02-08,0.38436037238394866,0.6156396276160514
2021-02-09,0.38352370167189676,0.6164762983281032
2021-02-10,0.3839279700066517,0.6160720299933483
2021-02-11,0.3824761374813521,0.6175238625186479
2021-02-12,0.38072429471184993,0.61927570528815
2021-02-16,0.3792987355241411,0.6207012644758589
2021-02-17,0.3805538923473754,0.6194461076526246
2021-02-18,0.38169149661330076,0.6183085033866992
2021-02-19,0.38027104834721676,0.6197289516527832
2021-02-22,0.3821521011303589,0.6178478988696411
2021-02-23,0.38165984820328264,0.6183401517967173
2021-02-24,0.38002399738158543,0.6199760026184146
2021-02-25,0.383395847848154,0.6166041521518459
2021-02-26,0.3874091913041331,0.612590808695867
2021-03-01,0.38155406464588937,0.6184459353541107
2021-03-02,0.3830638091318918,0.6169361908681081
2021-03-03,0.3848317975009076,0.6151682024990923
2021-03-04,0.3875591245714126,0.6124408754285875
2021-03-05,0.3841917472921666,0.6158082527078335
2021-03-08,0.38479857681596136,0.6152014231840386
2021-03-09,0.38193585495278115,0.6180641450472188
2021-03-10,0.38127759125533306,0.6187224087446669
2021-03-11,0.3783001716420175,0.6216998283579825
2021-03-12,0.3768645217926677,0.6231354782073322
2021-03-15,0.37615998028266967,0.6238400197173304
2021-03-16,0.3763233508157877,0.6236766491842123
2021-03-17,0.37523883829429616,0.6247611617057038
2021-03-18,0.3777212132595975,0.6222787867404025
2021-03-19,0.3776744128942979,0.6223255871057022
2021-03-22,0.3772946080540476,0.6227053919459525
2021-03-23,0.38076378056847193,0.6192362194315281
2021-03-24,0.38302192500145293,0.6169780749985471
2021-03-25,0.3814982734900333,0.6185017265099666
2021-03-26,0.3774308962809111,0.6225691037190889
2021-03-29,0.37801949799971535,0.6219805020002848
2021-03-30,0.3783177434126561,0.621682256587344
2021-03-31,0.3777471275478585,0.6222528724521416
2021-04-01,0.4,0.6
2021-04-05,0.3969001921137106,0.6030998078862895
2021-04-06,0.398252079136777,0.601747920863223
2021-04-07,0.39833159632468046,0.6016684036753195
2021-04-08,0.39735284660347453,0.6026471533965255
2021-04-09,0.39615889356966416,0.6038411064303358
2021-04-12,0.3966038912453836,0.6033961087546165
2021-04-13,0.39631656342913135,0.6036834365708688
2021-04-14,0.3962431574896633,0.6037568425103367
2021-04-15,0.3949551416442768,0.6050448583557231
2021-04-16,0.39339524651487057,0.6066047534851294
2021-04-19,0.39433601498988324,0.6056639850101168
2021-04-20,0.39743359727550615,0.6025664027244939
2021-04-21,0.3952633783460333,0.6047366216539668
2021-04-22,0.396892139857976,0.603107860142024
2021-04-23,0.39415585858725183,0.6058441414127481
2021-04-26,0.3932857036135423,0.6067142963864578
2021-04-27,0.3929274537952367,0.6070725462047634
2021-04-28,0.39259530225490025,0.6074046977450998
2021-04-29,0.3918634256852631,0.6081365743147369
2021-04-30,0.39472968421445004,0.60527031578555
2021-05-03,0.39368337790448904,0.6063166220955108
2021-05-04,0.3963276203350154,0.6036723796649845
2021-05-05,0.39540244658767254,0.6045975534123273
2021-05-06,0.3939386384312051,0.606061361568795
2021-05-07,0.39173031025330113,0.6082696897466989
2021-05-10,0.39359410313087184,0.6064058968691282
2021-05-11,0.39521353671226145,0.6047864632877387
2021-05-12,0.3995953519216701,0.6004046480783299
2021-05-13,0.39785319375079015,0.6021468062492099
2021-05-14,0.39458315632182145,0.6054168436781785
2021-05-17,0.3948307067849477,0.6051692932150523
2021-05-18,0.39500320752673007,0.60499679247327
2021-05-19,0.3960086748731696,0.6039913251268304
2021-05-20,0.3940740527328974,0.6059259472671026
2021-05-21,0.39445982302194327,0.6055401769780567
2021-05-24,0.39284071768350065,0.6071592823164993
2021-05-25,0.3934093312568297,0.6065906687431704
2021-05-26,0.3927428049853203,0.6072571950146797
2021-05-27,0.3920587540176011,0.6079412459823988
2021-05-28,0.39135838107246174,0.6086416189275382
2021-06-01,0.3904410906009738,0.6095589093990261
2021-06-02,0.39034718320115785,0.6096528167988422
2021-06-03,0.3912151075531561,0.608784892446844
2021-06-04,0.3899081526384358,0.6100918473615642
2021-06-07,0.38958061260516536,0.6104193873948347
2021-06-08,0.3900949137093261,0.609905086290674
2021-06-09,0.39118722345907825,0.6088127765409217
2021-06-10,0.39051819547107774,0.6094818045289222
2021-06-11,0.39002891083424096,0.609971089165759
2021-06-14,0.38900864372370025,0.6109913562762997
2021-06-15,0.38948686805874,0.61051313194126
2021-06-16,0.3903750354298117,0.6096249645701882
2021-06-17,0.3918040710835622,0.6081959289164377
2021-06-18,0.396116313758564,0.603883686241436
2021-06-21,0.3920158783222266,0.6079841216777734
2021-06-22,0.3917471688144228,0.6082528311855773
2021-06-23,0.39192783547542015,0.6080721645245799
2021-06-24,0.3903081005805316,0.6096918994194684
2021-06-25,0.3889243316433063,0.6110756683566936
2021-06-28,0.38981418162865566,0.6101858183713443
2021-06-29,0.3898791752797929,0.6101208247202071
2021-06-30,0.39068785283869684,0.6093121471613032
2021-07-01,0.4,0.6
2021-07-02,0.39940624018431026,0.6005937598156897
2021-07-06,0.40149271344850435,0.5985072865514957
2021-07-07,0.40139325612707927,0.5986067438729208
2021-07-08,0.404380170580323,0.595619829419677
2021-07-09,0.400104951107688,0.5998950488923119
2021-07-12,0.3994480189616023,0.6005519810383977
2021-07-13,0.39982013158943214,0.6001798684105678
2021-07-14,0.4004450442122295,0.5995549557877705
2021-07-15,0.40206817407695167,0.5979318259230483
2021-07-16,0.40370510834109824,0.5962948916589018
2021-07-19,0.40874873850770443,0.5912512614922955
2021-07-20,0.4056147808297683,0.5943852191702316
2021-07-21,0.4023877437875034,0.5976122562124965
2021-07-22,0.40266101023402867,0.5973389897659713
2021-07-23,0.4008155690246099,0.5991844309753901
2021-07-26,0.400952422623806,0.5990475773761941
2021-07-27,0.4031333862017189,0.596866613798281
2021-07-28,0.40208389339424494,0.5979161066057551
2021-07-29,0.4004966085761084,0.5995033914238915
2021-07-30,0.40221299987221515,0.5977870001277849
2021-08-02,0.4025996055720869,0.5974003944279132
2021-08-03,0.40088770132088997,0.5991122986791101
2021-08-04,0.40166618246676994,0.5983338175332301
2021-08-05,0.39992336272586226,0.6000766372741376
2021-08-06,0.3989906942314061,0.6010093057685939
2021-08-09,0.3986594119542922,0.6013405880457079
2021-08-10,0.39811501679286454,0.6018849832071355
2021-08-11,0.3973278957095436,0.6026721042904565
2021-08-12,0.39735572255261165,0.6026442774473882
2021-08-13,0.39775693277983665,0.6022430672201633
2021-08-16,0.39852270734872086,0.6014772926512791
2021-08-17,0.4005315743794657,0.5994684256205344
2021-08-18,0.4020884396143677,0.5979115603856323
2021-08-19,0.4038704106558733,0.5961295893441266
2021-08-20,0.4023532915497493,0.5976467084502507
2021-08-23,0.3999052468383245,0.6000947531616755
2021-08-24,0.3981368705911962,0.6018631294088038
2021-08-25,0.3973179640720331,0.6026820359279668
2021-08-26,0.39893505275323865,0.6010649472467614
2021-08-27,0.39709113144300795,0.602908868556992
2021-08-30,0.39680561312240303,0.603194386877597
2021-08-31,0.3963890428377674,0.6036109571622326
2021-09-01,0.39526702507557715,0.6047329749244228
2021-09-02,0.3948638927106478,0.6051361072893522
2021-09-03,0.3939443123497903,0.6060556876502097
2021-09-07,0.39389545275392923,0.6061045472460707
2021-09-08,0.39548864920742816,0.6045113507925719
2021-09-09,0.39697563516055573,0.6030243648394443
2021-09-10,0.39761019012120913,0.6023898098787909
2021-09-13,0.3971138587531697,0.6028861412468303
2021-09-14,0.39911885827383026,0.6008811417261698
2021-09-15,0.3974513317732988,0.6025486682267012
2021-09-16,0.3975489183985281,0.602451081601472
2021-09-17,0.3996264122990838,0.6003735877009161
2021-09-20,0.40466991213165165,0.5953300878683483
2021-09-21,0.4038657895762471,0.5961342104237529
2021-09-22,0.4018175194098632,0.5981824805901368
2021-09-23,0.3978573046891248,0.6021426953108753
2021-09-24,0.39822230543739134,0.6017776945626087
2021-09-27,0.39810323502887474,0.6018967649711253
2021-09-28,0.402110238600344,0.5978897613996561
2021-09-29,0.4024196674653994,0.5975803325346006
2021-09-30,0.40401181740923203,0.595988182590768
2021-10-01,0.4,0.6
2021-10-04,0.40265677192829247,0.5973432280717076
2021-10-05,0.4002023206456326,0.5997976793543673
2021-10-06,0.4003148155255957,0.5996851844744043
2021-10-07,0.3972831518868179,0.602716848113182
2021-10-08,0.3969239392162245,0.6030760607837754
2021-10-11,0.3978139210703628,0.6021860789296373
2021-10-12,0.398875469821817,0.6011245301781831
2021-10-13,0.39782178024708537,0.6021782197529146
2021-10-14,0.3949512700950904,0.6050487299049097
2021-10-15,0.3926826760380046,0.6073173239619953
2021-10-18,0.392316816347243,0.607683183652757
2021-10-19,0.38993633098876024,0.6100636690112399
2021-10-20,0.3887856611820717,0.6112143388179283
2021-10-21,0.3885608702999137,0.6114391297000862
2021-10-22,0.38893127056251114,0.6110687294374888
2021-10-25,0.38826490257588236,0.6117350974241177
2021-10-26,0.3888506505064207,0.6111493494935792
2021-10-27,0.39112005317594,0.6088799468240601
2021-10-28,0.38867627899933227,0.6113237210006677
2021-10-29,0.38928625056019267,0.6107137494398073
2021-11-01,0.3876424373542103,0.6123575626457897
2021-11-02,0.38804386020567744,0.6119561397943225
2021-11-03,0.386046611170858,0.6139533888291421
2021-11-04,0.3867364120949432,0.6132635879050568
2021-11-05,0.386693062131879,0.613306937868121
2021-11-08,0.38566811252186906,0.6143318874781308
2021-11-09,0.3869834854942624,0.6130165145057375
2021-11-10,0.3876741758067245,0.6123258241932755
2021-11-11,0.38653796725936046,0.6134620327406396
2021-11-12,0.3849945218016149,0.615005478198385
2021-11-15,0.3841503365334531,0.6158496634665469
2021-11-16,0.38357069514635067,0.6164293048536492
2021-11-17,0.3849418106814727,0.6150581893185273
2021-11-18,0.38513321277928936,0.6148667872207106
2021-11-19,0.3867049167032163,0.6132950832967837
2021-11-22,0.3868960555577822,0.6131039444422178
2021-11-23,0.3859876303930702,0.6140123696069297
2021-11-24,0.3864161190753241,0.613583880924676
2021-11-26,0.39416397772692435,0.6058360222730756
2021-11-29,0.3920307292928853,0.6079692707071148
2021-11-30,0.39609208651899885,0.6039079134810013
2021-12-01,0.3987862516640771,0.6012137483359229
2021-12-02,0.3951530697282669,0.6048469302717332
2021-12-03,0.39830322929381956,0.6016967707061804
2021-12-06,0.3950455414141311,0.6049544585858689
2021-12-07,0.38963473958473865,0.6103652604152614
2021-12-08,0.38802314101112434,0.6119768589888757
2021-12-09,0.39026727085461543,0.6097327291453846
2021-12-10,0.38914875969245294,0.610851240307547
2021-12-13,0.39237213106907204,0.6076278689309279
2021-12-14,0.3934706055510232,0.6065293944489767
2021-12-15,0.3901729770553233,0.6098270229446767
2021-12-16,0.3918236868861684,0.6081763131138316
2021-12-17,0.3944349100808075,0.6055650899191926
2021-12-20,0.3962412262403042,0.6037587737596958
2021-12-21,0.3919798891675943,0.6080201108324058
2021-12-22,0.39004406302640066,0.6099559369735993
2021-12-23,0.38816394385471464,0.6118360561452854
2021-12-27,0.38577817339722464,0.6142218266027754
2021-12-28,0.3860138650223578,0.6139861349776422
2021-12-29,0.38514293414890133,0.6148570658510987
2021-12-30,0.3858724346785939,0.6141275653214061
2021-12-31,0.38645546589416435,0.6135445341058358
2022-01-03,0.4,0.6
2022-01-04,0.39988258354205963,0.6001174164579404
2022-01-05,0.4031791854059655,0.5968208145940345
2022-01-06,0.4031474082620348,0.5968525917379651
2022-01-07,0.4028262893176197,0.5971737106823803
2022-01-10,0.40342040207820384,0.5965795979217962
2022-01-11,0.4011487230004117,0.5988512769995883
2022-01-12,0.3997408662633032,0.6002591337366969
2022-01-13,0.40313534036169707,0.5968646596383029
2022-01-14,0.4018336920017926,0.5981663079982074
2022-01-18,0.404489594974506,0.595510405025494
2022-01-19,0.4064388943004253,0.5935611056995747
2022-01-20,0.4086876586427661,0.5913123413572339
2022-01-21,0.41374400998205085,0.5862559900179491
2022-01-24,0.41367765032686943,0.5863223496731305
2022-01-25,0.4157725093349203,0.5842274906650796
2022-01-26,0.4155207928488756,0.5844792071511243
2022-01-27,0.4181517268236206,0.5818482731763793
2022-01-28,0.41446750383658376,0.5855324961634162
2022-01-31,0.40927856654890443,0.5907214334510956
2022-02-01,0.4072810093797049,0.5927189906202951
2022-02-02,0.40620981137256174,0.5937901886274383
2022-02-03,0.4099056701144592,0.5900943298855408
2022-02-04,0.40734455080959764,0.5926554491904024
2022-02-07,0.407833585317179,0.592166414682821
2022-02-08,0.40520587545778414,0.5947941245422158
2022-02-09,0.40148974387701564,0.5985102561229844
2022-02-10,0.4027715839538926,0.5972284160461074
2022-02-11,0.40855866443114475,0.5914413355688553
2022-02-14,0.4084130089740896,0.5915869910259103
2022-02-15,0.40371403617700213,0.5962859638229978
2022-02-16,0.40331468334930665,0.5966853166506934
2022-02-17,0.40855422014764886,0.5914457798523511
2022-02-18,0.4106759600395996,0.5893240399604004
2022-02-22,0.41341952075817384,0.5865804792418261
2022-02-23,0.4155988689767171,0.5844011310232828
2022-02-24,0.41512055041810575,0.5848794495818942
2022-02-25,0.4100279175454855,0.5899720824545146
2022-02-28,0.4133101651205469,0.586689834879453
2022-03-01,0.41866119061349083,0.5813388093865092
2022-03-02,0.41206921783947026,0.5879307821605297
2022-03-03,0.41569173961742756,0.5843082603825723
2022-03-04,0.4201402155712609,0.5798597844287391
2022-03-07,0.42684906079543666,0.5731509392045633
2022-03-08,0.42596602176480963,0.5740339782351904
2022-03-09,0.41805322893309693,0.5819467710669031
2022-03-10,0.4186517436157274,0.5813482563842726
2022-03-11,0.4215895665906909,0.5784104334093092
2022-03-14,0.4208588211664979,0.5791411788335021
2022-03-15,0.4174299548980953,0.5825700451019047
2022-03-16,0.41022258525692,0.58977741474308
2022-03-17,0.40792207942144465,0.5920779205785554
2022-03-18,0.40606085967224864,0.5939391403277513
2022-03-21,0.4041913681859925,0.5958086318140074
2022-03-22,0.40086305922223014,0.5991369407777699
2022-03-23,0.40491723706421007,0.59508276293579
2022-03-24,0.4019119273199028,0.5980880726800973
2022-03-25,0.39924114020721635,0.6007588597927837
2022-03-28,0.3991617713465753,0.6008382286534247
2022-03-29,0.3963684543704798,0.6036315456295201
2022-03-30,0.3982348438567733,0.6017651561432267
2022-03-31,0.4020611555067742,0.5979388444932258
2022-04-01,0.4,0.6
2022-04-04,0.39823699845940447,0.6017630015405956
2022-04-05,0.3992816051084527,0.6007183948915474
2022-04-06,0.40123890110258514,0.5987610988974148
2022-04-07,0.4001962637306458,0.5998037362693541
2022-04-08,0.3994754709904346,0.6005245290095654
2022-04-11,0.4017394035221257,0.5982605964778742
2022-04-12,0.40351726662471227,0.5964827333752878
2022-04-13,0.40085589729265164,0.5991441027073483
2022-04-14,0.40151296818864873,0.5984870318113513
2022-04-18,0.4014154768948801,0.5985845231051199
2022-04-19,0.39719485172455554,0.6028051482754445
2022-04-20,0.39850414877283724,0.6014958512271628
2022-04-21,0.40091287277928683,0.5990871272207132
2022-04-22,0.40611261224644,0.5938873877535601
2022-04-25,0.4073488650342747,0.5926511349657254
2022-04-26,0.4146849599276699,0.58531504007233
2022-04-27,0.4130188637307313,0.5869811362692686
2022-04-28,0.40796110869910795,0.592038891300892
2022-04-29,0.41265150944093976,0.5873484905590601
2022-05-02,0.41063031121689514,0.5893696887831048
2022-05-03,0.4099132747373055,0.5900867252626946
2022-05-04,0.4057493238665468,0.5942506761334533
2022-05-05,0.4117200481889424,0.5882799518110576
2022-05-06,0.4131044876273158,0.5868955123726843
2022-05-09,0.4224066432202082,0.5775933567797918
2022-05-10,0.42226628254316956,0.5777337174568306
2022-05-11,0.4262445790407233,0.5737554209592766
2022-05-12,0.4270877341989354,0.5729122658010647
2022-05-13,0.419534542859953,0.580465457140047
2022-05-16,0.4207024927202173,0.5792975072797826
2022-05-17,0.41428858918807465,0.5857114108119253
2022-05-18,0.4235568579847267,0.5764431420152734
2022-05-19,0.42343974328095935,0.5765602567190407
2022-05-20,0.4234926892483276,0.5765073107516724
2022-05-23,0.41883851113086235,0.5811614888691377
2022-05-24,0.4228944519211445,0.5771055480788555
2022-05-25,0.4221495951135757,0.5778504048864244
2022-05-26,0.4178179505269902,0.5821820494730098
2022-05-27,0.41365775108949615,0.5863422489105038
2022-05-31,0.4134597822867155,0.5865402177132846
2022-06-01,0.41419521253550645,0.5858047874644935
2022-06-02,0.40956215597754253,0.5904378440224574
2022-06-03,0.41312916627327606,0.5868708337267239
2022-06-06,0.4107597278982917,0.5892402721017084
2022-06-07,0.40981172363473073,0.5901882763652692
2022-06-08,0.4112215994287496,0.5887784005712504
2022-06-09,0.4164475992106056,0.5835524007893944
2022-06-10,0.42083895120535136,0.5791610487946486
2022-06-13,0.4261340938887942,0.5738659061112058
2022-06-14,0.4255767455864715,0.5744232544135284
2022-06-15,0.4245216721541009,0.5754783278458991
2022-06-16,0.4328653441816593,0.5671346558183407
2022-06-17,0.43273425871046517,0.5672657412895348
2022-06-21,0.42652632280733466,0.5734736771926654
2022-06-22,0.4299210994517056,0.5700789005482944
2022-06-23,0.42962840846822636,0.5703715915317737
2022-06-24,0.4219293729959825,0.5780706270040176
2022-06-27,0.4213657631494797,0.5786342368505203
2022-06-28,0.4249812524160495,0.5750187475839504
2022-06-29,0.4271266501039376,0.5728733498960625
2022-06-30,0.4300282739173628,0.5699717260826372
2022-07-01,0.4,0.6
2022-07-05,0.40167403458932255,0.5983259654106774
2022-07-06,0.400072188791706,0.5999278112082941
2022-07-07,0.3956220630326211,0.6043779369673788
2022-07-08,0.39490826823640235,0.6050917317635977
2022-07-11,0.399386268400673,0.600613731599327
2022-07-12,0.40118059393640615,0.5988194060635937
2022-07-13,0.402795037687476,0.597204962312524
2022-07-14,0.403882950657396,0.596117049342604
2022-07-15,0.4007438030881019,0.599256196911898
2022-07-18,0.400433879737347,0.599566120262653
2022-07-19,0.39420267638508916,0.6057973236149108
2022-07-20,0.39319074815351057,0.6068092518464894
2022-07-21,0.39263509347303693,0.607364906526963
2022-07-22,0.3966347140769131,0.6033652859230869
2022-07-25,0.39486229440026543,0.6051377055997347
2022-07-26,0.3978419508410743,0.6021580491589257
2022-07-27,0.39278640888560284,0.6072135911143971
2022-07-28,0.39212343037271896,0.607876569627281
2022-07-29,0.3890790532451688,0.6109209467548312
2022-08-01,0.3906826816552828,0.6093173183447173
2022-08-02,0.39012463778343553,0.6098753622165645
2022-08-03,0.38850733967638396,0.6114926603236162
2022-08-04,0.38870597178955785,0.6112940282104422
2022-08-05,0.3865489024467949,0.613451097553205
2022-08-08,0.38727042794699335,0.6127295720530067
2022-08-09,0.3880156857136672,0.6119843142863328
2022-08-10,0.38349253734735694,0.6165074626526431
2022-08-11,0.38200637095556955,0.6179936290444304
2022-08-12,0.37992014426106857,0.6200798557389314
2022-08-15,0.38011700800752635,0.6198829919924737
2022-08-16,0.37953414725420154,0.6204658527457984
2022-08-17,0.38001760859038064,0.6199823914096194
2022-08-18,0.38042724204073713,0.6195727579592628
2022-08-19,0.38225200265216114,0.6177479973478389
2022-08-22,0.3856010895649422,0.6143989104350578
2022-08-23,0.38561107249481225,0.6143889275051878
2022-08-24,0.3842294563863371,0.6157705436136628
2022-08-25,0.3821147344819357,0.6178852655180642
2022-08-26,0.38878098111481496,0.611219018885185
2022-08-29,0.38900759460853424,0.6109924053914657
2022-08-30,0.39161519879672085,0.6083848012032791
2022-08-31,0.3921724341819348,0.6078275658180652
2022-09-01,0.39174773219006814,0.6082522678099319
2022-09-02,0.3943904381157294,0.6056095618842706
2022-09-06,0.39338728411939355,0.6066127158806064
2022-09-07,0.39166294785313344,0.6083370521468665
2022-09-08,0.38980833980112783,0.6101916601988723
2022-09-09,0.3852388284405392,0.6147611715594608
2022-09-12,0.3821645959483032,0.6178354040516968
2022-09-13,0.3904575457495507,0.6095424542504492
2022-09-14,0.38976638361612836,0.6102336163838717
2022-09-15,0.3914909886067527,0.6085090113932473
2022-09-16,0.3932249526996305,0.6067750473003695
2022-09-19,0.3916046718498,0.6083953281502
2022-09-20,0.3935597434514674,0.6064402565485326
2022-09-21,0.3980293327862758,0.6019706672137242
2022-09-22,0.3974288552657152,0.6025711447342847
2022-09-23,0.40230959520980225,0.5976904047901977
2022-09-26,0.4021204096543899,0.5978795903456101
2022-09-27,0.401883732797125,0.598116267202875
2022-09-28,0.40063014798647645,0.5993698520135236
2022-09-29,0.40396006209350993,0.5960399379064901
2022-09-30,0.4059389254783322,0.5940610745216677
2022-10-03,0.4,0.6
2022-10-04,0.39262376538219207,0.607376234617808
2022-10-05,0.39250517256348627,0.6074948274365137
2022-10-06,0.3942865762356548,0.6057134237643452
2022-10-07,0.39890327956883215,0.6010967204311678
2022-10-10,0.3998598097030355,0.6001401902969646
2022-10-11,0.4020502180045226,0.5979497819954774
2022-10-12,0.4029330920751778,0.5970669079248221
2022-10-13,0.39698217790010143,0.6030178220998986
2022-10-14,0.4008884754046348,0.5991115245953652
2022-10-17,0.395178262346804,0.604821737653196
2022-10-18,0.39342560755638867,0.6065743924436113
2022-10-19,0.3939830003700256,0.6060169996299744
2022-10-20,0.393498536715089,0.6065014632849111
2022-10-21,0.38900695002709484,0.6109930499729052
2022-10-24,0.3882014957947674,0.6117985042052326
2022-10-25,0.3861241464052992,0.6138758535947009
2022-10-26,0.3870131542528906,0.6129868457471094
2022-10-27,0.3895976965650861,0.6104023034349139
2022-10-28,0.38536250556040486,0.6146374944395951
2022-10-31,0.3863109102766444,0.6136890897233557
2022-11-01,0.38607759003896475,0.6139224099610353
2022-11-02,0.3907595358505459,0.6092404641494541
2022-11-03,0.39167095185636946,0.6083290481436304
2022-11-04,0.38624537041025103,0.613754629589749
2022-11-07,0.38377618584129963,0.6162238141587004
2022-11-08,0.3831466082778999,0.6168533917221002
2022-11-09,0.3880864769772361,0.611913523022764
2022-11-10,0.38045872539171777,0.6195412746082823
2022-11-11,0.377045849460585,0.6229541505394149
2022-11-14,0.3785737296753936,0.6214262703246063
2022-11-15,0.37785243299617743,0.6221475670038226
2022-11-16,0.38118871720807274,0.6188112827919273
2022-11-17,0.3807686615223819,0.619231338477618
2022-11-18,0.3798129252146065,0.6201870747853936
2022-11-21,0.38120723942392276,0.6187927605760771
2022-11-22,0.37940047688614564,0.6205995231138544
2022-11-23,0.379036119851686,0.620963880148314
2022-11-25,0.37877319671162146,0.6212268032883785
2022-11-28,0.3819000486966655,0.6180999513033345
2022-11-29,0.38053887613041587,0.6194611238695842
2022-11-30,0.3760337208631571,0.6239662791368428
2022-12-01,0.3774403669916584,0.6225596330083415
2022-12-02,0.378531005683258,0.6214689943167421
2022-12-05,0.38076308172771894,0.619236918272281
2022-12-06,0.3840608161482863,0.6159391838517138
2022-12-07,0.38652549411411063,0.6134745058858894
2022-12-08,0.384061205139861,0.6159387948601389
2022-12-09,0.38390051783092266,0.6160994821690774
2022-12-12,0.3817229278951803,0.6182770721048197
2022-12-13,0.38114899493348364,0.6188510050665164
2022-12-14,0.3826954523556945,0.6173045476443054
2022-12-15,0.3887520777760635,0.6112479222239364
2022-12-16,0.3903756440505642,0.6096243559494358
2022-12-19,0.3903967302988272,0.6096032697011727
2022-12-20,0.38827902913795204,0.6117209708620479
2022-12-21,0.3857571511348963,0.6142428488651038
2022-12-22,0.3886070560462903,0.6113929439537096
2022-12-23,0.38675923536295304,0.613240764637047
2022-12-27,0.384950066528976,0.6150499334710239
2022-12-28,0.38760583423225514,0.6123941657677447
2022-12-29,0.3844412502178571,0.615558749782143
2022-12-30,0.38482397538571267,0.6151760246142872
2023-01-03,0.4,0.6
2023-01-04,0.3984277011512005,0.6015722988487995
2023-01-05,0.4006494852055715,0.5993505147944285
2023-01-06,0.39784526712626117,0.6021547328737389
2023-01-09,0.3979289404033877,0.6020710595966122
2023-01-10,0.3956900433325961,0.604309956667404
2023-01-11,0.3945561858412609,0.605443814158739
2023-01-12,0.39470454643478314,0.6052954535652169
2023-01-13,0.3926642435863315,0.6073357564136684
2023-01-17,0.3923940789818665,0.6076059210181334
2023-01-18,0.3971686544286257,0.6028313455713743
2023-01-19,0.3977521006230778,0.6022478993769222
2023-01-20,0.39301274148817933,0.6069872585118207
2023-01-23,0.3901936810352959,0.609806318964704
2023-01-24,0.3914878050704829,0.608512194929517
2023-01-25,0.39133599227369953,0.6086640077263005
2023-01-26,0.3888788992348072,0.6111211007651929
2023-01-27,0.3884689015165723,0.6115310984834276
2023-01-30,0.3907058283269454,0.6092941716730547
2023-01-31,0.389064650875749,0.6109353491242511
2023-02-01,0.38801475676362723,0.6119852432363728
2023-02-02,0.3862590616549479,0.6137409383450521
2023-02-03,0.3867990321641326,0.6132009678358674
2023-02-06,0.38745895474212816,0.6125410452578718
2023-02-07,0.3846172490020406,0.6153827509979595
2023-02-08,0.3869931849864965,0.6130068150135035
2023-02-09,0.38720044808143167,0.6127995519185684
2023-02-10,0.38663022586214824,0.6133697741378518
2023-02-13,0.3846743874509445,0.6153256125490555
2023-02-14,0.3837113164872015,0.6162886835127985
2023-02-15,0.38306476593433,0.6169352340656701
2023-02-16,0.3844163516221563,0.6155836483778437
2023-02-17,0.385477343110667,0.614522656889333
2023-02-21,0.387451733714048,0.612548266285952
2023-02-22,0.388766151687696,0.611233848312304
2023-02-23,0.38836391048529073,0.6116360895147093
2023-02-24,0.3901517162763558,0.6098482837236442
2023-02-27,0.38922640623170757,0.6107735937682924
2023-02-28,0.3903228577001966,0.6096771422998035
2023-03-01,0.38843419719558403,0.611565802804416
2023-03-02,0.38669929251706525,0.6133007074829347
2023-03-03,0.3851389500659439,0.6148610499340561
2023-03-06,0.38493976901327964,0.6150602309867202
2023-03-07,0.3883259845550615,0.6116740154449385
2023-03-08,0.3874962798007288,0.6125037201992711
2023-03-09,0.39224236551636904,0.607757634483631
2023-03-10,0.3984150962831882,0.6015849037168117
2023-03-13,0.4010894781013641,0.5989105218986359
2023-03-14,0.39642095265281224,0.6035790473471878
2023-03-15,0.4025892536333746,0.5974107463666254
2023-03-16,0.39748988484658865,0.6025101151534114
2023-03-17,0.4020776244331362,0.5979223755668638
2023-03-20,0.39845165674145394,0.6015483432585461
2023-03-21,0.3946769495411728,0.6053230504588273
2023-03-22,0.3995647122175097,0.6004352877824902
2023-03-23,0.39954745352915433,0.6004525464708457
2023-03-24,0.3994387232187265,0.6005612767812736
2023-03-27,0.396024592008525,0.603975407991475
2023-03-28,0.39535959669047616,0.6046404033095238
2023-03-29,0.3926981446035916,0.6073018553964085
2023-03-30,0.39118496734047037,0.6088150326595295
2023-03-31,0.3899190315611761,0.610080968438824
2023-04-03,0.4,0.6
2023-04-04,0.40198706804853696,0.5980129319514631
2023-04-05,0.4038119240168127,0.5961880759831873
2023-04-06,0.4029610889228619,0.597038911077138
2023-04-10,0.4010536952421938,0.5989463047578062
2023-04-11,0.4005779223478683,0.5994220776521316
2023-04-12,0.4011761127922727,0.5988238872077273
2023-04-13,0.397917761083024,0.6020822389169761
2023-04-14,0.39759225573463924,0.6024077442653607
2023-04-17,0.3957245953620539,0.604275404637946
2023-04-18,0.39567374661943433,0.6043262533805656
2023-04-19,0.3959111877638681,0.604088812236132
2023-04-20,0.3978282222154974,0.6021717777845026
2023-04-21,0.3973275012949874,0.6026724987050125
2023-04-24,0.39801334476480155,0.6019866552351985
2023-04-25,0.40352629879587554,0.5964737012041245
2023-04-26,0.40320860840520845,0.5967913915947916
2023-04-27,0.39820401768439107,0.6017959823156088
2023-04-28,0.3981186192088847,0.6018813807911153
2023-05-01,0.3959260656008985,0.6040739343991014
2023-05-02,0.400987038940351,0.5990129610596491
2023-05-03,0.4028290790242713,0.5971709209757288
2023-05-04,0.4033437295720559,0.5966562704279441
2023-05-05,0.3984107454937877,0.6015892545062123
2023-05-08,0.39714341628941624,0.6028565837105838
2023-05-09,0.3978608261527965,0.6021391738472034
2023-05-10,0.3988362972982858,0.6011637027017142
2023-05-11,0.4001829220147099,0.5998170779852902
2023-05-12,0.39958924309040167,0.6004107569095983
2023-05-15,0.3973439719238611,0.6026560280761388
2023-05-16,0.3988226016785044,0.6011773983214956
2023-05-17,0.39615230772104043,0.6038476922789596
2023-05-18,0.393892444026795,0.606107555973205
2023-05-19,0.3932109668883613,0.6067890331116387
2023-05-22,0.39276404262459763,0.6072359573754024
2023-05-23,0.39594861843092205,0.604051381569078
2023-05-24,0.39744141946531186,0.6025585805346882
2023-05-25,0.395820347839721,0.6041796521602791
2023-05-26,0.39323268587991744,0.6067673141200824
2023-05-30,0.3956591598375752,0.6043408401624248
2023-05-31,0.39823047571582676,0.6017695242841732
2023-06-01,0.3959115137818288,0.6040884862181712
2023-06-02,0.39086795065291713,0.6091320493470829
2023-06-05,0.3917054087822164,0.6082945912177836
2023-06-06,0.39062671697517676,0.6093732830248232
2023-06-07,0.3903096392467501,0.6096903607532499
2023-06-08,0.39003816451500306,0.6099618354849969
2023-06-09,0.38927263113903127,0.6107273688609688
2023-06-12,0.388174604960097,0.6118253950399031
2023-06-13,0.3852834411474171,0.6147165588525829
2023-06-14,0.385113028020499,0.614886971979501
2023-06-15,0.3838600658744978,0.6161399341255023
2023-06-16,0.3840165761399433,0.6159834238600567
2023-06-20,0.38669463460341036,0.6133053653965898
2023-06-21,0.3878266429618157,0.6121733570381842
2023-06-22,0.3867844542703901,0.6132155457296098
2023-06-23,0.39008780673968746,0.6099121932603124
2023-06-26,0.39053240230677555,0.6094675976932244
2023-06-27,0.3876536752961359,0.6123463247038641
2023-06-28,0.38827904028598587,0.6117209597140142
2023-06-29,0.38603884301271085,0.6139611569872891
2023-06-30,0.3842520522039428,0.6157479477960572
2023-07-03,0.4,0.6
2023-07-05,0.400362744694611,0.5996372553053889
2023-07-06,0.40179623167136297,0.598203768328637
2023-07-07,0.4010340383660447,0.5989659616339554
2023-07-10,0.4011213692443041,0.598878630755696
2023-07-11,0.39955819573072215,0.6004418042692778
2023-07-12,0.39867230594951397,0.601327694050486
2023-07-13,0.39737733562967703,0.602622664370323
2023-07-14,0.397128858779916,0.602871141220084
2023-07-17,0.3967153835895907,0.6032846164104093
2023-07-18,0.39556773331454836,0.6044322666854516
2023-07-19,0.3959100695933114,0.6040899304066887
2023-07-20,0.396427575402215,0.6035724245977849
2023-07-21,0.3964957698050925,0.6035042301949075
2023-07-24,0.39523362587941546,0.6047663741205844
2023-07-25,0.394250679797256,0.6057493202027441
2023-07-26,0.39461069137459887,0.6053893086254011
2023-07-27,0.3941453983350832,0.6058546016649169
2023-07-28,0.39251072325163466,0.6074892767483654
2023-07-31,0.39241707947688886,0.607582920523111
2023-08-01,0.3923871878492748,0.6076128121507252
2023-08-02,0.3956428058615113,0.6043571941384887
2023-08-03,0.3946794499579864,0.6053205500420136
2023-08-04,0.39709471893232046,0.6029052810676795
2023-08-07,0.3949751981807581,0.6050248018192419
2023-08-08,0.3973263813632743,0.6026736186367256
2023-08-09,0.3983726867590409,0.6016273132409592
2023-08-10,0.39666820325133445,0.6033317967486655
2023-08-11,0.3967549652441307,0.6032450347558694
2023-08-14,0.3962561388238969,0.6037438611761031
2023-08-15,0.39855798752812166,0.6014420124718785
2023-08-16,0.39970516445307414,0.6002948355469258
2023-08-17,0.40105453156413784,0.5989454684358622
2023-08-18,0.4017153703719545,0.5982846296280456
2023-08-21,0.39937508573974057,0.6006249142602595
2023-08-22,0.4001844609642659,0.5998155390357341
2023-08-23,0.39961769503863076,0.6003823049613691
2023-08-24,0.4020556363186206,0.5979443636813794
2023-08-25,0.40067006563604596,0.5993299343639541
2023-08-28,0.3991346527117962,0.6008653472882037
2023-08-29,0.3974018717138159,0.6025981282861841
2023-08-30,0.39671445691248586,0.6032855430875141
2023-08-31,0.39772692685507655,0.6022730731449235
2023-09-01,0.3957423459383743,0.6042576540616257
2023-09-05,0.395945658501827,0.604054341498173
2023-09-06,0.3970541894167241,0.6029458105832759
2023-09-07,0.3988568382259464,0.6011431617740536
2023-09-08,0.3988249966573022,0.6011750033426977
2023-09-11,0.3965259927130813,0.6034740072869187
2023-09-12,0.39770559018137747,0.6022944098186225
2023-09-13,0.39834900430345466,0.6016509956965453
2023-09-14,0.39553290201680846,0.6044670979831915
2023-09-15,0.3970504953347348,0.6029495046652652
2023-09-18,0.39757006544072443,0.6024299345592756
2023-09-19,0.3975099814323618,0.6024900185676381
2023-09-20,0.39885343405232665,0.6011465659476735
2023-09-21,0.4013277704419245,0.5986722295580755
2023-09-22,0.40237008918046074,0.5976299108195392
2023-09-25,0.40033512857988973,0.5996648714201102
2023-09-26,0.40348973358205076,0.5965102664179492
2023-09-27,0.40260164095760437,0.5973983590423957
2023-09-28,0.4015700506667784,0.5984299493332217
2023-09-29,0.4021364255067568,0.5978635744932431
2023-10-02,0.4,0.6
2023-10-03,0.40133327802710483,0.598666721972895
2023-10-04,0.40190890909389565,0.5980910909061044
2023-10-05,0.4015078253187036,0.5984921746812965
2023-10-06,0.39792273044713955,0.6020772695528605
2023-10-09,0.3996299171391066,0.6003700828608934
2023-10-10,0.39726599187718237,0.6027340081228176
2023-10-11,0.39727621829934223,0.6027237817006578
2023-10-12,0.3973430379269687,0.6026569620730314
2023-10-13,0.40004107729034444,0.5999589227096556
2023-10-16,0.3963633735783032,0.6036366264216968
2023-10-17,0.3948008813656742,0.6051991186343257
2023-10-18,0.39741745269145534,0.6025825473085448
2023-10-19,0.3984412197573501,0.6015587802426499
2023-10-20,0.4020819266468544,0.5979180733531455
2023-10-23,0.403446869537373,0.596553130462627
2023-10-24,0.40242794415834754,0.5975720558416525
2023-10-25,0.4037582055359767,0.5962417944640234
2023-10-26,0.4074191560640318,0.5925808439359682
2023-10-27,0.40847550239378344,0.5915244976062166
2023-10-30,0.4050467306340547,0.5949532693659454
2023-10-31,0.40380197582718735,0.5961980241728126
2023-11-01,0.4037697593467203,0.5962302406532797
2023-11-02,0.40031390753290824,0.5996860924670918
2023-11-03,0.3988108565686179,0.6011891434313821
2023-11-06,0.3978039533172601,0.6021960466827398
2023-11-07,0.3991605098873648,0.6008394901126353
2023-11-08,0.40006777922586295,0.599932220774137
2023-11-09,0.39981321221477256,0.6001867877852275
2023-11-10,0.3974606211128306,0.6025393788871694
2023-11-13,0.3974171707854459,0.6025828292145541
2023-11-14,0.3948500333210131,0.6051499666789868
2023-11-15,0.39305816628283435,0.6069418337171656
2023-11-16,0.39492703609695895,0.605072963903041
2023-11-17,0.39393813505192604,0.6060618649480739
2023-11-20,0.3927136574205237,0.6072863425794763
2023-11-21,0.39368392916107586,0.6063160708389241
2023-11-22,0.39330127662509584,0.6066987233749042
2023-11-24,0.39152386977014786,0.6084761302298521
2023-11-27,0.39343369561935265,0.6065663043806474
2023-11-28,0.39405156124082585,0.6059484387591741
2023-11-29,0.39523967658985115,0.604760323410149
2023-11-30,0.39376812795200516,0.6062318720479949
2023-12-01,0.3936585664233088,0.6063414335766911
2023-12-04,0.39416127573857584,0.6058387242614243
2023-12-05,0.3962261416595484,0.6037738583404515
2023-12-06,0.39736064508158747,0.6026393549184125
2023-12-07,0.3956954793613227,0.6043045206386773
2023-12-08,0.3938598675393042,0.6061401324606959
2023-12-11,0.39300641872359426,0.6069935812764058
2023-12-12,0.3931056929583912,0.6068943070416088
2023-12-13,0.3926287392869766,0.6073712607130234
2023-12-14,0.39257055795982315,0.6074294420401769
2023-12-15,0.3933118172120554,0.6066881827879446
2023-12-18,0.39187930993812164,0.6081206900618783
2023-12-19,0.39055576954772814,0.6094442304522719
2023-12-20,0.3946245291732512,0.6053754708267488
2023-12-21,0.3915341555380366,0.6084658444619635
2023-12-22,0.3910252275787885,0.6089747724212116
2023-12-26,0.3900677473702658,0.6099322526297342
2023-12-27,0.3908921679970296,0.6091078320029704
2023-12-28,0.390150194469071,0.609849805530929
2023-12-29,0.3901090389155294,0.6098909610844706
2024-01-02,0.4,0.6
2024-01-03,0.40227806871570526,0.5977219312842947
2024-01-04,0.4014788010434785,0.5985211989565216
2024-01-05,0.4004683284313816,0.5995316715686183
2024-01-08,0.3986445584513635,0.6013554415486365
2024-01-09,0.39978621301532175,0.6002137869846782
2024-01-10,0.3981847941832591,0.601815205816741
2024-01-11,0.39952461982935616,0.600475380170644
2024-01-12,0.3996401523894312,0.6003598476105688
2024-01-16,0.4002651161317351,0.5997348838682649
2024-01-17,0.40160563268601635,0.5983943673139837
2024-01-18,0.3992334748121103,0.6007665251878898
2024-01-19,0.3970720992015474,0.6029279007984526
2024-01-22,0.39690697805549596,0.6030930219445041
2024-01-23,0.3959749496442239,0.604025050355776
2024-01-24,0.3948540359999522,0.6051459640000478
2024-01-25,0.394932063372814,0.605067936627186
2024-01-26,0.39440946594720444,0.6055905340527956
2024-01-29,0.393661428421761,0.606338571578239
2024-01-30,0.39463594084230313,0.6053640591576969
2024-01-31,0.39858448317300826,0.6014155168269918
2024-02-01,0.39724818388897387,0.6027518161110261
2024-02-02,0.3942015893148424,0.6057984106851576
2024-02-05,0.39344247888721456,0.6065575211127854
2024-02-06,0.3932327645764669,0.6067672354235331
2024-02-07,0.39156791981771627,0.6084320801822838
2024-02-08,0.3908532940021427,0.6091467059978574
2024-02-09,0.3893469949999569,0.6106530050000432
2024-02-12,0.3890980672119182,0.6109019327880818
2024-02-13,0.39080207199524214,0.6091979280047579
2024-02-14,0.38906116685757686,0.6109388331424231
2024-02-15,0.38769878859075085,0.6123012114092492
2024-02-16,0.38750097174358517,0.6124990282564149
2024-02-20,0.38844822650561195,0.611551773494388
2024-02-21,0.3877210893109501,0.6122789106890499
2024-02-22,0.3839956445756313,0.6160043554243686
2024-02-23,0.3846733635330479,0.6153266364669522
2024-02-26,0.38486399086487455,0.6151360091351254
2024-02-27,0.3839955034109975,0.6160044965890025
2024-02-28,0.38542596622226777,0.6145740337777322
2024-02-29,0.38484859517874775,0.6151514048212523
2024-03-01,0.3837351421685397,0.6162648578314602
2024-03-04,0.38354948882878837,0.6164505111712116
2024-03-05,0.38664806885536135,0.6133519311446386
2024-03-06,0.38518325520077157,0.6148167447992284
2024-03-07,0.3831616006303115,0.6168383993696884
2024-03-08,0.3845154321427499,0.61548456785725
2024-03-11,0.3849619952396791,0.6150380047603209
2024-03-12,0.3819731536661037,0.6180268463338963
2024-03-13,0.3819702988782247,0.6180297011217752
2024-03-14,0.3816243227766891,0.6183756772233109
2024-03-15,0.38253669275633145,0.6174633072436685
2024-03-18,0.38136992343474185,0.6186300765652581
2024-03-19,0.38116778457021366,0.6188322154297863
2024-03-20,0.37926707522457404,0.6207329247754259
2024-03-21,0.37875745623218965,0.6212425437678104
2024-03-22,0.38026458848982564,0.6197354115101743
2024-03-25,0.3802811996164052,0.6197188003835948
2024-03-26,0.3807557602694394,0.6192442397305606
2024-03-27,0.3798113116463465,0.6201886883536534
2024-03-28,0.37943449205186625,0.6205655079481337
2024-04-01,0.4,0.6
2024-04-02,0.40113116515802294,0.598868834841977
2024-04-03,0.4006852615651816,0.5993147384348185
2024-04-04,0.40367249407819283,0.596327505921807
2024-04-05,0.4005080657562159,0.5994919342437841
2024-04-08,0.39978212132188784,0.6002178786781122
2024-04-09,0.40028060817351035,0.5997193918264896
2024-04-10,0.4002239071606047,0.5997760928393954
2024-04-11,0.3988601864376058,0.6011398135623942
2024-04-12,0.4033194988709226,0.5966805011290774
2024-04-15,0.4039952646271591,0.5960047353728409
2024-04-16,0.40476372368709956,0.5952362763129004
2024-04-17,0.40683476126319695,0.593165238736803
2024-04-18,0.4065530336351294,0.5934469663648707
2024-04-19,0.4079846129028535,0.5920153870971466
2024-04-22,0.40584354361296504,0.5941564563870351
2024-04-23,0.40354896379087896,0.596451036209121
2024-04-24,0.4030050361580188,0.5969949638419811
2024-04-25,0.40308911938439784,0.5969108806156023
2024-04-26,0.40148121424610805,0.598518785753892
2024-04-29,0.4011474917512758,0.5988525082487242
2024-04-30,0.40392644450212367,0.5960735554978763
2024-05-01,0.40524593513485885,0.5947540648651412
2024-05-02,0.40327144053166997,0.59672855946833
2024-05-03,0.4019321340130751,0.5980678659869249
2024-05-06,0.40003548111648946,0.5999645188835105
2024-05-07,0.4004399147836239,0.599560085216376
2024-05-08,0.4000220824658893,0.5999779175341107
2024-05-09,0.3991774874523989,0.6008225125476011
2024-05-10,0.3981160758589035,0.6018839241410966
2024-05-13,0.3983608085878456,0.6016391914121545
2024-05-14,0.39759503870937285,0.6024049612906272
2024-05-15,0.39636690848020933,0.6036330915197907
2024-05-16,0.39673514337807875,0.6032648566219213
2024-05-17,0.3954761399510447,0.6045238600489552
2024-05-20,0.395094243341851,0.604905756658149
2024-05-21,0.39561473037910494,0.6043852696208951
2024-05-22,0.3965297831017665,0.6034702168982334
2024-05-23,0.39754510514445374,0.6024548948555463
2024-05-24,0.3960534605263288,0.6039465394736712
2024-05-28,0.39510874646774224,0.6048912535322578
2024-05-29,0.3968573336444608,0.6031426663555391
2024-05-30,0.3980510994650657,0.6019489005349343
2024-05-31,0.39713140752661913,0.6028685924733809
2024-06-03,0.3982295942233485,0.6017704057766515
2024-06-04,0.3996026225793539,0.600397377420646
2024-06-05,0.39780308496673944,0.6021969150332606
2024-06-06,0.3976659401312344,0.6023340598687655
2024-06-07,0.39691020973313274,0.6030897902668673
2024-06-10,0.39598818822221477,0.6040118117777853
2024-06-11,0.3973607029277833,0.6026392970722168
2024-06-12,0.3961404496603921,0.6038595503396079
2024-06-13,0.39804637638347223,0.6019536236165277
2024-06-14,0.39917604389257194,0.600823956107428
2024-06-17,0.39673317428727184,0.6032668257127282
2024-06-18,0.39677691936742354,0.6032230806325765
2024-06-20,0.39673730260694107,0.6032626973930589
2024-06-21,0.39744548992220446,0.6025545100777955
2024-06-24,0.3973220892396736,0.6026779107603264
2024-06-25,0.39698664693207886,0.6030133530679211
2024-06-26,0.3962242478945098,0.6037757521054903
2024-06-27,0.39620840467369506,0.603791595326305
2024-06-28,0.395464548283382,0.6045354517166179
2024-07-01,0.4,0.6
2024-07-02,0.3995792179250424,0.6004207820749575
2024-07-03,0.39911300430418795,0.600886995695812
2024-07-05,0.39909803974749,0.60090196025251
2024-07-08,0.39916077644120046,0.6008392235587996
2024-07-09,0.3991031915255942,0.6008968084744057
2024-07-10,0.3967865963759618,0.6032134036240382
2024-07-11,0.3984501746796437,0.6015498253203562
2024-07-12,0.39746407942911033,0.6025359205708897
2024-07-15,0.39677004563587037,0.6032299543641296
2024-07-16,0.39592781370096125,0.6040721862990387
2024-07-17,0.3991375107813571,0.6008624892186429
2024-07-18,0.40055249756523326,0.5994475024347667
2024-07-19,0.4015209457527882,0.5984790542472118
2024-07-22,0.39903446858924313,0.6009655314107569
2024-07-23,0.39981821637224546,0.6001817836277545
2024-07-24,0.4037935384653819,0.596206461534618
2024-07-25,0.40513861696513753,0.5948613830348625
2024-07-26,0.40334615421545766,0.5966538457845424
2024-07-29,0.4039613033790262,0.5960386966209738
2024-07-30,0.4048747146953272,0.5951252853046728
2024-07-31,0.40247087759522876,0.5975291224047712
2024-08-01,0.40777427588932047,0.5922257241106795
2024-08-02,0.41500904059226357,0.5849909594077364
2024-08-05,0.4214415235000468,0.5785584764999532
2024-08-06,0.41810509822179476,0.5818949017782054
2024-08-07,0.418140114273067,0.581859885726933
2024-08-08,0.4126499595392726,0.5873500404607274
2024-08-09,0.41249840557264017,0.5875015944273598
2024-08-12,0.41288102934945187,0.5871189706505482
2024-08-13,0.41005205358713387,0.5899479464128661
2024-08-14,0.4099077424129058,0.5900922575870943
2024-08-15,0.40535856348147203,0.5946414365185279
2024-08-16,0.4049350373171315,0.5950649626828685
2024-08-19,0.40277250293628974,0.5972274970637103
2024-08-20,0.4041466061316213,0.5958533938683787
2024-08-21,0.40327657401447475,0.5967234259855252
2024-08-22,0.40433819213554895,0.595661807864451
2024-08-23,0.40193464606928236,0.5980653539307176
2024-08-26,0.4027858506210148,0.5972141493789852
2024-08-27,0.40208719525718895,0.597912804742811
2024-08-28,0.40332580123048906,0.596674198769511
2024-08-29,0.4026201559993188,0.5973798440006812
2024-08-30,0.4003917558369225,0.5996082441630775
2024-09-03,0.40619181777007074,0.5938081822299294
2024-09-04,0.40778337057934155,0.5922166294206584
2024-09-05,0.4087848235933853,0.5912151764066146
2024-09-06,0.4132233140172094,0.5867766859827906
2024-09-09,0.41106769436119306,0.5889323056388069
2024-09-10,0.41161711035071813,0.588382889649282
2024-09-11,0.4095243341306632,0.5904756658693369
2024-09-12,0.40719756149410125,0.5928024385058988
2024-09-13,0.4064444851751425,0.5935555148248575
2024-09-16,0.40615436301222513,0.5938456369877749
2024-09-17,0.4059795458619122,0.5940204541380877
2024-09-18,0.40592514558266496,0.594074854417335
2024-09-19,0.40169190458573234,0.5983080954142678
2024-09-20,0.40256169238683404,0.597438307613166
2024-09-23,0.4016283912871853,0.5983716087128147
2024-09-24,0.40029634854273055,0.5997036514572694
2024-09-25,0.4005949056463048,0.5994050943536952
2024-09-26,0.39763795929057294,0.6023620407094271
2024-09-27,0.3990397397546987,0.6009602602453014
2024-09-30,0.3983173941123215,0.6016826058876785
2024-10-01,0.4,0.6
2024-10-02,0.3991897021665128,0.6008102978334872
2024-10-03,0.3994641503800796,0.6005358496199205
2024-10-04,0.3957729252933405,0.6042270747066594
2024-10-07,0.3965077571641469,0.6034922428358532
2024-10-08,0.39646088706876004,0.60353911293124
2024-10-09,0.3948714218422625,0.6051285781577375
2024-10-10,0.3951548529572363,0.6048451470427636
2024-10-11,0.3935506920350984,0.6064493079649016
2024-10-14,0.3922002944607776,0.6077997055392225
2024-10-15,0.3956026312241118,0.6043973687758882
2024-10-16,0.3947474570369683,0.6052525429630317
2024-10-17,0.3937047843237052,0.6062952156762947
2024-10-18,0.39266357799406637,0.6073364220059336
2024-10-21,0.392272855514269,0.6077271444857311
2024-10-22,0.39294761433183095,0.607052385668169
2024-10-23,0.3944449525692798,0.6055550474307202
2024-10-24,0.39421284319454636,0.6057871568054537
2024-10-25,0.39412574235775955,0.6058742576422406
2024-10-28,0.3925890643008416,0.6074109356991583
2024-10-29,0.39298475095761815,0.6070152490423818
2024-10-30,0.39363829544815615,0.6063617045518438
2024-10-31,0.39709164966146215,0.6029083503385378
2024-11-01,0.39520525493531106,0.604794745064689
2024-11-04,0.39628135827971894,0.6037186417202811
2024-11-05,0.3940002390952149,0.6059997609047851
2024-11-06,0.3889298562918073,0.6110701437081927
2024-11-07,0.3882037574071366,0.6117962425928635
2024-11-08,0.3893239148635375,0.6106760851364625
2024-11-11,0.38859426317729556,0.6114057368227045
2024-11-12,0.38906067864640503,0.6109393213535949
2024-11-13,0.3894557312720833,0.6105442687279167
2024-11-14,0.39061895838722804,0.6093810416127721
2024-11-15,0.3930655518667012,0.6069344481332988
2024-11-18,0.3918916062809505,0.6081083937190495
2024-11-19,0.3916993365281161,0.6083006634718838
2024-11-20,0.39149675445171567,0.6085032455482843
2024-11-21,0.3902326056951568,0.6097673943048432
2024-11-22,0.3893030870057863,0.6106969129942137
2024-11-25,0.39048475742925676,0.6095152425707432
2024-11-26,0.3899049589432588,0.6100950410567413
2024-11-27,0.39084971417270015,0.6091502858272998
2024-11-29,0.38994161491727025,0.6100583850827298
2024-12-02,0.3895743285343812,0.6104256714656188
2024-12-03,0.38863462601572135,0.6113653739842786
2024-12-04,0.3884755400716723,0.6115244599283277
2024-12-05,0.38846925364731305,0.611530746352687
2024-12-06,0.38882503303624905,0.611174966963751
2024-12-09,0.3885979797332362,0.6114020202667638
2024-12-10,0.3898536571123115,0.6101463428876885
2024-12-11,0.38753129984059587,0.6124687001594041
2024-12-12,0.3881974612593493,0.6118025387406506
2024-12-13,0.38752416719443805,0.612475832805562
2024-12-16,0.38747424433850114,0.6125257556614989
2024-12-17,0.38850029708735895,0.6114997029126411
2024-12-18,0.3937610011228151,0.6062389988771849
2024-12-19,0.39313927802097576,0.6068607219790242
2024-12-20,0.3919472186596518,0.6080527813403482
2024-12-23,0.38988096869908684,0.6101190313009133
2024-12-24,0.388347831184582,0.6116521688154181
2024-12-26,0.38823547890729804,0.611764521092702
2024-12-27,0.38961060016175564,0.6103893998382443
2024-12-30,0.3928530426681249,0.6071469573318751
2024-12-31,0.39300293008410503,0.606997069915895
2025-01-02,0.4,0.6
2025-01-03,0.3972384737581558,0.6027615262418442
2025-01-06,0.3955352708301952,0.6044647291698048
2025-01-07,0.39706077411159607,0.602939225888404
2025-01-08,0.3972473934009809,0.6027526065990191
2025-01-10,0.39987442781776594,0.6001255721822341
2025-01-13,0.3995559235052339,0.6004440764947662
2025-01-14,0.39890020531446185,0.6010997946855382
2025-01-15,0.3971800844042034,0.6028199155957966
2025-01-16,0.39742418796231277,0.6025758120376872
2025-01-17,0.39549974644993274,0.6045002535500672
2025-01-21,0.39331472793461253,0.6066852720653875
2025-01-22,0.39220779532607564,0.6077922046739244
2025-01-23,0.3905699236845277,0.6094300763154723
2025-01-24,0.39101355206573146,0.6089864479342686
2025-01-27,0.3950042881869615,0.6049957118130386
2025-01-28,0.393331763926392,0.6066682360736081
2025-01-29,0.39392906827374924,0.6060709317262508
2025-01-30,0.39225467448028345,0.6077453255197165
2025-01-31,0.39363312541443884,0.6063668745855612
2025-02-03,0.3957304063777318,0.6042695936222682
2025-02-04,0.3938437650707452,0.6061562349292549
2025-02-05,0.3938060329397416,0.6061939670602584
2025-02-06,0.392761249041572,0.6072387509584279
2025-02-07,0.3939765250104411,0.6060234749895589
2025-02-10,0.39247383644296197,0.6075261635570379
2025-02-11,0.3919415752786263,0.6080584247213737
2025-02-12,0.3909524137292317,0.6090475862707683
2025-02-13,0.3898118104581785,0.6101881895418215
2025-02-14,0.39031693932523964,0.6096830606747603
2025-02-18,0.3885076284527332,0.6114923715472668
2025-02-19,0.3891240288128922,0.6108759711871079
2025-02-20,0.38974630659808357,0.6102536934019165
2025-02-21,0.39417412283609204,0.6058258771639079
2025-02-24,0.39568126727535574,0.6043187327246443
2025-02-25,0.3974635032612245,0.6025364967387754
2025-02-26,0.3974669634291342,0.6025330365708659
2025-02-27,0.4008170386924074,0.5991829613075925
2025-02-28,0.3997298374569061,0.600270162543094
2025-03-03,0.4028463371568065,0.5971536628431935
2025-03-04,0.40392036363669337,0.5960796363633066
2025-03-05,0.39912292128872595,0.600877078711274
2025-03-06,0.4025237617646993,0.5974762382353006
2025-03-07,0.40074541252209517,0.5992545874779048
2025-03-10,0.4080796235704979,0.5919203764295021
2025-03-11,0.4081337811723805,0.5918662188276195
2025-03-12,0.40632831815317155,0.5936716818468284
2025-03-13,0.4099355460657407,0.5900644539342593
2025-03-14,0.404379093616994,0.595620906383006
2025-03-17,0.40232373879975836,0.5976762612002416
2025-03-18,0.40431745528764945,0.5956825447123506
2025-03-19,0.40306628436352504,0.596933715636475
2025-03-20,0.40420064090902874,0.5957993590909713
2025-03-21,0.4045457671623314,0.5954542328376685
2025-03-24,0.4004659354587732,0.5995340645412268
2025-03-25,0.4002985278380184,0.5997014721619817
2025-03-26,0.40240408160099345,0.5975959183990065
2025-03-27,0.4025701201066047,0.5974298798933954
2025-03-28,0.4082250688615004,0.5917749311384995
2025-03-31,0.40838195038424313,0.5916180496157568
2025-04-01,0.4,0.6
2025-04-02,0.39838558127223506,0.6016144187277649
2025-04-03,0.40932652831184296,0.590673471688157
2025-04-04,0.4244631622489338,0.5755368377510662
2025-04-07,0.4244529402705015,0.5755470597294986
2025-04-08,0.4260318561603691,0.5739681438396309
2025-04-09,0.4066679676919757,0.5933320323080242
2025-04-10,0.41156204756009546,0.5884379524399045
2025-04-11,0.40634880082564934,0.5936511991743506
2025-04-14,0.40544961080272274,0.5945503891972773
2025-04-15,0.40581175891192983,0.5941882410880702
2025-04-16,0.4100956826233194,0.5899043173766806
2025-04-17,0.4082993737719486,0.5917006262280514
2025-04-21,0.4107345494055594,0.5892654505944406
2025-04-22,0.40595051726868486,0.5940494827313151
2025-04-23,0.40338865744544594,0.5966113425545541
2025-04-24,0.40059909990408654,0.5994009000959134
2025-04-25,0.40024478102237276,0.5997552189776273
2025-04-28,0.40015148606946366,0.5998485139305364
2025-04-29,0.3996794213056063,0.6003205786943937
2025-04-30,0.39963962455628815,0.6003603754437119
2025-05-01,0.39810894593139035,0.6018910540686097
2025-05-02,0.3927963804550782,0.6072036195449219
2025-05-05,0.3929895026817014,0.6070104973182986
2025-05-06,0.39486535295721226,0.6051346470427879
2025-05-07,0.395162959951263,0.604837040048737
2025-05-08,0.39305524703494893,0.6069447529650511
2025-05-09,0.3929109721508493,0.6070890278491506
2025-05-12,0.3862763615187397,0.6137236384812603
2025-05-13,0.3850131122126765,0.6149868877873236
2025-05-14,0.384193178967144,0.615806821032856
2025-05-15,0.38413986316701604,0.615860136832984
2025-05-16,0.38315255181638297,0.6168474481836169
2025-05-19,0.3824384280566668,0.6175615719433332
2025-05-20,0.38226215180089107,0.617737848199109
2025-05-21,0.38376397032212484,0.6162360296778752
2025-05-22,0.38459555124411055,0.6154044487558895
2025-05-23,0.38549989576125326,0.6145001042387468
2025-05-27,0.38279994729346517,0.6172000527065349
2025-05-28,0.3839054016490177,0.6160945983509823
2025-05-29,0.38379436562387526,0.6162056343761247
2025-05-30,0.38457575472934197,0.6154242452706581
2025-06-02,0.38248733487677394,0.6175126651232261
2025-06-03,0.38161861355126225,0.6183813864487377
2025-06-04,0.38253452241675334,0.6174654775832467
2025-06-05,0.3827238504707965,0.6172761495292034
2025-06-06,0.3796220810391215,0.6203779189608785
2025-06-09,0.3795866025372562,0.6204133974627438
2025-06-10,0.37892028572927067,0.6210797142707293
2025-06-11,0.38011468674352666,0.6198853132564734
2025-06-12,0.3799806125247395,0.6200193874752604
2025-06-13,0.3821209767499557,0.6178790232500443
2025-06-16,0.37961822105883175,0.6203817789411683
2025-06-17,0.3826778525885095,0.6173221474114905
2025-06-18,0.3826752324635624,0.6173247675364375
2025-06-20,0.38387624054501235,0.6161237594549877
2025-06-23,0.38221627312150164,0.6177837268784984
2025-06-24,0.37997957893522916,0.620020421064771
2025-06-25,0.38045415128096427,0.6195458487190358
2025-06-26,0.37893715797313665,0.6210628420268633
2025-06-27,0.3773800920651567,0.6226199079348432
2025-06-30,0.3773547172630856,0.6226452827369143
2025-07-01,0.4,0.6
2025-07-02,0.398658278721695,0.601341721278305
2025-07-03,0.396810644629906,0.603189355370094
2025-07-07,0.3982101973623214,0.6017898026376786
2025-07-08,0.39757616902379844,0.6024238309762016
2025-07-09,0.3971017520178694,0.6028982479821307
2025-07-10,0.39669180529347375,0.6033081947065262
2025-07-11,0.39690828735299977,0.6030917126470003
2025-07-14,0.39644986599736587,0.6035501340026342
2025-07-15,0.39694851390725533,0.6030514860927446
2025-07-16,0.3964640983421102,0.6035359016578897
2025-07-17,0.3953124413886583,0.6046875586113416
2025-07-18,0.3959090014045198,0.6040909985954802
2025-07-21,0.39600884992716145,0.6039911500728385
2025-07-22,0.3957409411424478,0.6042590588575522
2025-07-23,0.39252301608023044,0.6074769839197695
2025-07-24,0.3928618730603874,0.6071381269396124
2025-07-25,0.39294315182065676,0.6070568481793432
2025-07-28,0.39374751918182543,0.6062524808181745
2025-07-29,0.39542484375878223,0.6045751562412176
2025-07-30,0.395645478139939,0.604354521860061
2025-07-31,0.39694532512169095,0.603054674878309
2025-08-01,0.4018370542023884,0.5981629457976115
2025-08-04,0.39865847013315375,0.6013415298668463
2025-08-05,0.39923545257854653,0.6007645474214535
2025-08-06,0.3974776764664269,0.602522323533573
2025-08-07,0.3969411513258571,0.6030588486741429
2025-08-08,0.3950191336469802,0.6049808663530196
2025-08-11,0.39581750582887715,0.604182494171123
2025-08-12,0.39301441211442156,0.6069855878855785
2025-08-13,0.39269099119061945,0.6073090088093805
2025-08-14,0.3925823842711145,0.6074176157288856
2025-08-15,0.39225795311229583,0.6077420468877042
2025-08-18,0.3918730547429166,0.6081269452570834
2025-08-19,0.3934203684078475,0.6065796315921526
2025-08-20,0.3938883310321961,0.6061116689678038
2025-08-21,0.3941687506576672,0.6058312493423328
2025-08-22,0.39132536022371905,0.6086746397762809
2025-08-25,0.39256690188295434,0.6074330981170456
2025-08-26,0.39223422727753926,0.6077657727224607
2025-08-27,0.3923536980991778,0.6076463019008221
2025-08-28,0.3917032502214082,0.6082967497785918
2025-08-29,0.3927277087110558,0.6072722912889442
2025-09-02,0.39393656266181226,0.6060634373381879
2025-09-03,0.39383657326722943,0.6061634267327707
2025-09-04,0.3930475925599778,0.6069524074400222
2025-09-05,0.39394397085406374,0.6060560291459363
2025-09-08,0.3934208950415446,0.6065791049584555
2025-09-09,0.39274269902561354,0.6072573009743863
2025-09-10,0.39264843513624265,0.6073515648637574
2025-09-11,0.39081535103172177,0.6091846489682782
2025-09-12,0.3909982134554605,0.6090017865445395
2025-09-15,0.39010676279931367,0.6098932372006863
2025-09-16,0.3902252209989662,0.6097747790010338
2025-09-17,0.39015765612017805,0.6098423438798218
2025-09-18,0.38844422660472144,0.6115557733952786
2025-09-19,0.38821492984666406,0.6117850701533359
2025-09-22,0.3868031991122082,0.6131968008877919
2025-09-23,0.38817779478225084,0.6118222052177492
2025-09-24,0.3887721369774607,0.6112278630225394
2025-09-25,0.38985704012029604,0.6101429598797041
2025-09-26,0.388568174281657,0.611431825718343
2025-09-29,0.3882747122829799,0.6117252877170202
2025-09-30,0.3874541716899226,0.6125458283100774
2025-10-01,0.4,0.6
2025-10-02,0.39991188579194986,0.6000881142080502
2025-10-03,0.3989824872336581,0.6010175127663419
2025-10-06,0.3975736080952519,0.6024263919047481
2025-10-07,0.39950731724184974,0.6004926827581502
2025-10-08,0.3982144547011989,0.601785545298801
2025-10-09,0.39931121307232775,0.6006887869276721
2025-10-10,0.40653832605714135,0.5934616739428586
2025-10-13,0.40310599518695517,0.5968940048130448
2025-10-14,0.4035831276924729,0.596416872307527
2025-10-15,0.40207632221980383,0.5979236777801961
2025-10-16,0.40362206379414256,0.5963779362058574
2025-10-17,0.4025504738139303,0.5974495261860697
2025-10-20,0.40049874591276147,0.5995012540872384
2025-10-21,0.40140772647854345,0.5985922735214565
2025-10-22,0.402446865253504,0.597553134746496
2025-10-23,0.4003926518839116,0.5996073481160883
2025-10-24,0.3992026802065308,0.6007973197934692
2025-10-27,0.39695096464035845,0.6030490353596416
2025-10-28,0.39690953774522103,0.6030904622547789
2025-10-29,0.39604864989887556,0.6039513501011244
2025-10-30,0.39775447898435584,0.6022455210156442
2025-10-31,0.397264049645839,0.602735950354161
2025-11-03,0.3966976168935285,0.6033023831064714
2025-11-04,0.39985929299975415,0.600140707000246
2025-11-05,0.39787303978457184,0.6021269602154282
2025-11-06,0.4009655573012792,0.5990344426987209
2025-11-07,0.4002650212305152,0.5997349787694848
2025-11-10,0.39687391286389073,0.6031260871361092
2025-11-11,0.3969041367921598,0.6030958632078404
2025-11-12,0.39623204640416015,0.6037679535958399
2025-11-13,0.3992774575531541,0.600722542446846
2025-11-14,0.399008056939178,0.6009919430608219
2025-11-17,0.401790159602536,0.598209840397464
2025-11-18,0.4037905898864606,0.5962094101135395
2025-11-19,0.40344686676362723,0.5965531332363727
2025-11-20,0.4075146016330664,0.5924853983669336
2025-11-21,0.4055685808669937,0.5944314191330062
2025-11-24,0.40308706641061315,0.5969129335893868
2025-11-25,0.40141085784396624,0.5985891421560339
2025-11-26,0.39970744958017207,0.600292550419828
2025-11-28,0.39817990387788105,0.601820096122119
2025-12-01,0.39838485072882385,0.6016151492711762
2025-12-02,0.3981667787027377,0.6018332212972622
2025-12-03,0.3975339698203154,0.6024660301796846
2025-12-04,0.39671014591199605,0.603289854088004
2025-12-05,0.39594643872812,0.6040535612718799
2025-12-08,0.39631928191601273,0.6036807180839872
2025-12-09,0.3964291409522334,0.6035708590477666
2025-12-10,0.39511163004259486,0.6048883699574051
2025-12-11,0.3944571136743533,0.6055428863256466
2025-12-12,0.3959729759978724,0.6040270240021277
2025-12-15,0.3962636308806407,0.6037363691193594
2025-12-16,0.3976324517275,0.6023675482725
2025-12-17,0.3997763129335017,0.6002236870664983
2025-12-18,0.3984848675463176,0.6015151324536823
2025-12-19,0.3961184117999358,0.6038815882000643
2025-12-22,0.39462886525043883,0.6053711347495612
2025-12-23,0.39346743747645113,0.6065325625235488
2025-12-24,0.39345970725854446,0.6065402927414555
2025-12-26,0.39322514376266177,0.6067748562373384
2025-12-29,0.39440110230026104,0.605598897699739
2025-12-30,0.39435509251511563,0.6056449074848845
2025-12-31,0.3952641384799723,0.6047358615200278
