date,BIL
2008-01-03,-0.0006551395220858458
2008-01-04,-0.0002181353027562727
2008-01-07,0.0008738949413484853
2008-01-08,-0.0006551395220858458
2008-01-09,-0.000654300168483557
2008-01-10,0.00043645043532070105
2008-01-11,0.00043678883124265155
2008-01-14,0.0008738305407907099
2008-01-15,-0.00021884782578007744
2008-01-16,0.0
2008-01-17,-0.0004364180797387096
2008-01-18,0.000655599926034256
2008-01-22,0.0004355832192992626
2008-01-23,0.0010900675573082275
2008-01-24,0.0004353413216040547
2008-01-25,-0.0010885121916012208
2008-01-28,0.0004361537131380988
2008-01-29,0.000871505197465261
2008-01-30,0.00043484621118894395
2008-01-31,0.0
2008-02-01,-0.00010840093593345035
2008-02-04,0.00021756287636454097
2008-02-05,-0.0006544426784931279
2008-02-06,0.000873161672714895
2008-02-07,-0.00021809998197896974
2008-02-08,0.0
2008-02-11,0.00021814755995785973
2008-02-12,-0.00021809998197896974
2008-02-13,0.00021814755995785973
2008-02-14,0.00021757342442718652
2008-02-15,0.0
2008-02-19,0.0
2008-02-20,-0.00043557863607068814
2008-02-21,0.0008721689005155575
2008-02-22,0.0
2008-02-25,-0.00043602016978683267
2008-02-26,0.0006544734830506993
2008-02-27,0.00021769948379724013
2008-02-28,0.0
2008-02-29,0.00021796769155968398
2008-03-03,0.00037021190776531654
2008-03-04,0.0
2008-03-05,-0.00021752414023235023
2008-03-06,0.00043577388174864673
2008-03-07,0.0
2008-03-10,0.0
2008-03-11,0.0
2008-03-12,0.00021779203141703007
2008-03-13,-0.0002177446083764245
2008-03-14,0.0013087493217771584
2008-03-17,-0.00021803224354433048
2008-03-18,0.0010885090008876386
2008-03-19,0.00021742313466188712
2008-03-20,-0.00021737587211845266
2008-03-24,-0.0008694827690967077
2008-03-25,-0.0006536768305588359
2008-03-26,0.0006541044034520382
2008-03-27,0.00021740239412104678
2008-03-28,-0.000870889891132598
2008-03-31,0.0010894036874757873
2008-04-01,-0.0006538123098898119
2008-04-02,0.0
2008-04-03,0.0
2008-04-04,0.0004362650381997124
2008-04-07,-0.000436074794012975
2008-04-08,0.0006539250670618557
2008-04-09,0.0
2008-04-10,0.0
2008-04-11,0.0
2008-04-14,0.00043608486904989086
2008-04-15,0.0
2008-04-16,-0.000653317755589855
2008-04-17,0.0
2008-04-18,-0.0006547943776218368
2008-04-21,0.00043709566365590646
2008-04-22,0.00021803244953555456
2008-04-23,0.0
2008-04-24,0.00021756511281001423
2008-04-25,0.0
2008-04-28,-0.0006534977285159727
2008-04-29,0.0010902951029390096
2008-04-30,-0.001089107654197119
2008-05-01,0.000742543043685373
2008-05-02,-0.0006552234945574886
2008-05-05,0.00021848103891541903
2008-05-06,-0.0004363418039906586
2008-05-07,0.0006549559383961512
2008-05-08,-0.00043666632848859965
2008-05-09,0.000436857089269882
2008-05-12,0.0
2008-05-13,-0.00043666632848859965
2008-05-14,0.0
2008-05-15,0.0
2008-05-16,0.00021848103891541903
2008-05-19,0.0
2008-05-20,-0.0004363418039906586
2008-05-21,0.0
2008-05-22,0.0006549559383961512
2008-05-23,0.0
2008-05-27,0.0
2008-05-28,0.00043603667356695297
2008-05-29,-0.0004358466284528628
2008-05-30,0.00043603667356695297
2008-06-02,0.0008085453205863846
2008-06-03,0.0
2008-06-04,-0.00021842853452180844
2008-06-05,-0.0006547997571257902
2008-06-06,0.00021861940790546264
2008-06-09,0.000436513962456031
2008-06-10,0.000655114262517964
2008-06-11,0.0006541615376849386
2008-06-12,-0.0006537338901181355
2008-06-13,0.0006541615376849386
2008-06-16,0.0
2008-06-17,-0.00021808579292748043
2008-06-18,0.0004367903336581769
2008-06-19,-0.00021856150339083502
2008-06-20,0.00043627628386233575
2008-06-23,0.0
2008-06-24,0.0
2008-06-25,0.00021736277603157106
2008-06-26,0.0
2008-06-27,0.0004363051490496872
2008-06-30,-0.0006533356350706399
2008-07-01,0.0003488060330345544
2008-07-02,0.0
2008-07-03,0.0
2008-07-07,-0.00021791467880527549
2008-07-08,-0.0004361336292491025
2008-07-09,0.00021732448784850256
2008-07-10,0.000873400197183738
2008-07-11,0.0006536681068474159
2008-07-14,0.0
2008-07-15,0.00021799087249685378
2008-07-16,0.00021836127945618067
2008-07-17,-0.001524748198085124
2008-07-18,0.001308429615566542
2008-07-21,-0.0008710420972418698
2008-07-22,0.00043605759187381743
2008-07-23,0.0004355539545428666
2008-07-24,-0.00021794336283309512
2008-07-25,0.00021799087249685378
2008-07-28,0.0
2008-07-29,0.0
2008-07-30,0.00021836127945618067
2008-07-31,0.0
2008-08-01,-0.00030626578903591994
2008-08-04,0.00021858946738606555
2008-08-05,0.0002181238330531965
2008-08-06,-0.0004365703031381507
2008-08-07,0.0006545145406156028
2008-08-08,-0.00021761113095464246
2008-08-11,0.00021765849586596886
2008-08-12,-0.0006540864315354167
2008-08-13,0.0008727905429584126
2008-08-14,-0.0002180856592418623
2008-08-15,0.0002181332309714179
2008-08-18,-0.0006536305929722985
2008-08-19,0.0008722864052947976
2008-08-20,0.0
2008-08-21,0.00021730748697934565
2008-08-22,0.00021819944082168696
2008-08-25,-0.00021815184021223288
2008-08-26,0.00021819944082168696
2008-08-27,0.0
2008-08-28,0.0
2008-08-29,-0.0004353647191784882
2008-09-02,0.0007198701919000072
2008-09-03,0.0
2008-09-04,0.0
2008-09-05,0.00021767266325900536
2008-09-08,0.0
2008-09-09,-0.0002176252921820554
2008-09-10,0.00043576252269583726
2008-09-11,-0.00021799486544438196
2008-09-12,0.0004363976265657765
2008-09-15,0.0010896322023425942
2008-09-16,0.00043489953796038705
2008-09-17,0.004350226992258843
2008-09-18,-0.0028156071595480947
2008-09-19,-0.00347530717558564
2008-09-22,0.0004363976265657765
2008-09-23,0.0032671246779634178
2008-09-24,-0.00303976724812538
2008-09-25,0.001088978505151994
2008-09-26,0.0017407825607240746
2008-09-29,0.004344030054165948
2008-09-30,-0.003675999671387431
2008-10-01,-0.00015244666942759721
2008-10-02,-0.00043456002693165185
2008-10-03,0.0
2008-10-06,-0.00021789401424321397
2008-10-07,-0.00021773364060306832
2008-10-08,-0.0008698768053804207
2008-10-09,0.001524442107323054
2008-10-10,0.0008697244772646329
2008-10-13,-0.003910878186132893
2008-10-14,0.001745594593328681
2008-10-15,0.0002171949770599646
2008-10-16,-0.00043523160991632004
2008-10-17,-0.002178770280211184
2008-10-20,0.002402182839350564
2008-10-21,0.0
2008-10-22,-0.0013069146019334399
2008-10-23,0.0013086248628750852
2008-10-24,-0.0010895115835588554
2008-10-27,0.0015265008626033083
2008-10-28,-0.00021803624473593075
2008-10-29,-0.0010882350191688817
2008-10-30,0.0013077419446567706
2008-10-31,-0.0010883096706741924
2008-11-03,-0.00028343325827229204
2008-11-04,0.0004359425296862618
2008-11-05,0.0004361688578724543
2008-11-06,0.0015262895367624818
2008-11-07,0.0
2008-11-10,-0.00021843615708383446
2008-11-11,0.0
2008-11-12,0.0002184838818635182
2008-11-13,0.0
2008-11-14,0.0
2008-11-17,0.00043448333064377564
2008-11-18,-0.0010869305665204276
2008-11-19,-0.00021847493471849333
2008-11-20,0.0006533848829215483
2008-11-21,-0.0002171332924024716
2008-11-24,0.0002171804495085805
2008-11-25,0.0002184838818635182
2008-11-26,0.00043448333064377564
2008-11-28,-0.0030450459990047918
2008-12-01,0.002750984364719322
2008-12-02,0.0008704098761664891
2008-12-03,-0.001522437377924346
2008-12-04,-0.0004358531957895373
2008-12-05,0.0
2008-12-08,0.00021770971805135098
2008-12-09,-0.0004358443920136068
2008-12-10,0.0006544156209882246
2008-12-11,-0.0010889055304520445
2008-12-12,0.00043539198993802763
2008-12-15,-0.00021827719469580398
2008-12-16,0.000654454482361011
2008-12-17,-0.0006540264518181127
2008-12-18,-0.0006533103303481003
2008-12-19,0.0006537374237602922
2008-12-22,0.001308908964722244
2008-12-23,-0.0010891585053589559
2008-12-24,0.0010903460650495411
2008-12-26,0.0
2008-12-29,-0.0035296630270282847
2008-12-30,0.003498173979864516
2008-12-31,-0.0021791396800128204
2009-01-02,0.00021883753950668883
2009-01-05,0.0
2009-01-06,0.00021837331549146022
2009-01-07,0.0015279672748478301
2009-01-08,-0.0010898588584550284
2009-01-09,0.000654171086915234
2009-01-12,-0.0004360715012067251
2009-01-13,0.0013090972160896275
2009-01-14,0.0002173783225145609
2009-01-15,0.00021847328715685066
2009-01-16,-0.0006536156702585671
2009-01-20,-0.001742833884395556
2009-01-21,0.0017458766573921203
2009-01-22,0.00021804901472144422
2009-01-23,-0.00021800147971351436
2009-01-26,-0.0002175296026885043
2009-01-27,-0.0004364007256937308
2009-01-28,-0.0004360715012067251
2009-01-29,0.0
2009-01-30,0.0008730434650152663
2009-02-02,0.0006104414890197862
2009-02-03,-0.0008721651378692519
2009-02-04,0.0006543570755668249
2009-02-05,-0.0004358142958554856
2009-02-06,-0.0015261190069985053
2009-02-09,0.0013099081071008545
2009-02-10,-0.00021680255118439185
2009-02-11,-0.00021892865943029527
2009-02-12,0.0
2009-02-13,0.0008726830955154696
2009-02-17,0.0
2009-02-18,0.00021764291315395923
2009-02-19,0.0
2009-02-20,0.0
2009-02-23,-0.00021759555502343098
2009-02-24,-0.0006531365146364987
2009-02-25,-0.0004368177721881805
2009-02-26,0.0002179843321883368
2009-02-27,0.0006542263836677442
2009-03-02,0.0005887512963393959
2009-03-03,-0.00021777003440714982
2009-03-04,0.0
2009-03-05,0.00021781746852478356
2009-03-06,-0.00021777003440714982
2009-03-09,0.0
2009-03-10,0.0
2009-03-11,0.0
2009-03-12,-0.00043605042267458316
2009-03-13,-0.00021760074022192377
2009-03-16,-0.00021868749056819237
2009-03-17,0.0006545425880470912
2009-03-18,0.00021817667376167194
2009-03-19,-0.0006535562780016768
2009-03-20,0.0004357119572029333
2009-03-23,0.00021817667376167194
2009-03-24,-0.00021812908308393997
2009-03-25,0.0004360416649773491
2009-03-26,-0.00021777003440714982
2009-03-27,0.00021781746852478356
2009-03-30,-0.00021777003440714982
2009-03-31,-0.00043605042267458316
2009-04-01,0.00017426764165917596
2009-04-02,-0.0006532079709083982
2009-04-03,0.0006536349304551159
2009-04-06,-0.000217251131243823
2009-04-07,0.0
2009-04-08,0.0004361554918494992
2009-04-09,-0.0006544154547023506
2009-04-13,0.0006548439947329232
2009-04-14,-0.00043596534317091873
2009-04-15,0.0
2009-04-16,0.0006538695161633079
2009-04-17,-0.0010892088880367634
2009-04-20,0.00043624179628332094
2009-04-21,-0.00021854538974730442
2009-04-22,0.0006548439947329232
2009-04-23,0.00043575759344505194
2009-04-24,0.0
2009-04-27,-0.0002180434708025647
2009-04-28,0.0002180910241262879
2009-04-29,-0.0002180434708025647
2009-04-30,0.0
2009-05-01,0.00032692883098417447
2009-05-04,-0.0013067688388112009
2009-05-05,0.00021726547428024823
2009-05-06,-0.0002172182802475664
2009-05-07,0.0
2009-05-08,0.00021726547428024823
2009-05-11,-0.0002172182802475664
2009-05-12,0.0008720765835874555
2009-05-13,-0.0006542405614335944
2009-05-14,0.00021908905830758663
2009-05-15,0.0
2009-05-18,0.0006536941983539268
2009-05-19,-0.0002180672448723886
2009-05-20,-0.0008713167286715784
2009-05-21,0.0006534596976626172
2009-05-22,0.00021847412189113236
2009-05-26,0.0002181148085678153
2009-05-27,0.0
2009-05-28,-0.0002180672448723886
2009-05-29,0.0002181148085678153
2009-06-01,-0.0007847305566809348
2009-06-02,0.0
2009-06-03,0.0004360613139031688
2009-06-04,0.0
2009-06-05,-0.0002180395015314307
2009-06-08,0.00021808705312365007
2009-06-09,-0.0002180395015314307
2009-06-10,0.00021808705312365007
2009-06-11,-0.0006537029944588824
2009-06-12,0.0008725206210817849
2009-06-15,0.0
2009-06-16,0.00021788807018330303
2009-06-17,0.0
2009-06-18,-0.00021784060531426785
2009-06-19,0.00021788807018330303
2009-06-22,0.0
2009-06-23,0.0
2009-06-24,0.0
2009-06-25,0.0
2009-06-26,0.0
2009-06-29,0.0
2009-06-30,-0.00021784060531426785
2009-07-01,2.201728915696144e-05
2009-07-02,0.00021809097882763417
2009-07-06,-0.00021804342552356193
2009-07-07,0.0
2009-07-08,0.00021809097882763417
2009-07-09,-0.00021804342552356193
2009-07-10,0.0
2009-07-13,0.00021809097882763417
2009-07-14,0.0
2009-07-15,-0.00043619068268530015
2009-07-16,0.0004363810280239022
2009-07-17,0.0
2009-07-20,-0.00043619068268530015
2009-07-21,0.0
2009-07-22,0.00021824245248613927
2009-07-23,-0.00021819483311069643
2009-07-24,-0.00021834632671124954
2009-07-27,0.0
2009-07-28,0.00021839401224155175
2009-07-29,0.0
2009-07-30,0.00021824245248613927
2009-07-31,-0.00065427293784448
2009-08-03,0.0002617765950134743
2009-08-04,0.00021776107622528684
2009-08-05,-0.0002177136666627888
2009-08-06,0.0
2009-08-07,0.0
2009-08-10,0.0
2009-08-11,0.0
2009-08-12,0.0004362494071097345
2009-08-13,-0.000436059176552539
2009-08-14,0.0004362494071097345
2009-08-17,-0.000436059176552539
2009-08-18,0.0004362494071097345
2009-08-19,-0.000436059176552539
2009-08-20,0.00021776107622528684
2009-08-21,-0.0002177136666627888
2009-08-24,0.0
2009-08-25,0.0
2009-08-26,0.00021776107622528684
2009-08-27,0.0
2009-08-28,0.0002184407629888252
2009-08-31,0.0
2009-09-01,-0.0006102128407540208
2009-09-02,0.000872546942679131
2009-09-03,0.0
2009-09-04,0.0
2009-09-08,0.0
2009-09-09,-0.0006543847616292675
2009-09-10,0.00021837497636623127
2009-09-11,-0.00021832729914739168
2009-09-14,0.0
2009-09-15,0.0
2009-09-16,0.0
2009-09-17,0.00021837497636623127
2009-09-18,-0.00021832729914739168
2009-09-21,0.0006548132614492275
2009-09-22,-0.0006543847616292675
2009-09-23,0.0004367499527322405
2009-09-24,-0.00043655928548502754
2009-09-25,0.0004367499527322405
2009-09-28,0.00021796811115470938
2009-09-29,0.0
2009-09-30,0.0
2009-10-01,-0.000610468412762688
2009-10-02,0.0
2009-10-05,0.0004365229926122094
2009-10-06,-0.00043633252343322493
2009-10-07,0.0004365229926122094
2009-10-08,-0.00043633252343322493
2009-10-09,0.00021763818907949428
2009-10-12,0.0
2009-10-13,0.0
2009-10-14,-0.00021759083300465498
2009-10-15,0.0
2009-10-16,0.0004365229926122094
2009-10-19,-0.00021878929697405347
2009-10-20,-0.00021759083300465498
2009-10-21,0.0
2009-10-22,0.0
2009-10-23,0.0
2009-10-26,0.0
2009-10-27,0.0
2009-10-28,0.0
2009-10-29,0.00021763818907949428
2009-10-30,0.00043663573194296923
2009-11-02,2.1905310912506692e-05
2009-11-03,0.0
2009-11-04,-0.00021811398762294765
2009-11-05,0.0
2009-11-06,0.00021816157171339334
2009-11-09,0.0
2009-11-10,-0.000654238148426356
2009-11-11,0.0
2009-11-12,0.0
2009-11-13,0.0
2009-11-16,0.0
2009-11-17,0.0
2009-11-18,0.0
2009-11-19,0.0
2009-11-20,0.0
2009-11-23,0.0
2009-11-24,0.0
2009-11-25,0.0
2009-11-27,0.00021784124990831266
2009-11-30,0.0
2009-12-01,0.0
2009-12-02,-0.00021779380543340832
2009-12-03,0.0
2009-12-04,0.0004364096766622527
2009-12-07,-0.00043621930633575
2009-12-08,0.0
2009-12-09,0.0004364096766622527
2009-12-10,-0.00043621930633575
2009-12-11,0.0
2009-12-14,-0.00021763348509507008
2009-12-15,0.0
2009-12-16,0.00021768085973916662
2009-12-17,0.0
2009-12-18,0.0
2009-12-21,0.0
2009-12-22,0.0
2009-12-23,0.0
2009-12-24,0.00021784124990831266
2009-12-28,-0.00021779380543340832
2009-12-29,8.726115885115959e-05
2009-12-30,0.00021823773585682993
2009-12-31,0.00021860552125207988
2010-01-04,-0.00043670017472219325
2010-01-05,-0.00021771836914452614
2010-01-06,0.0
2010-01-07,0.0
2010-01-08,0.0
2010-01-11,0.0
2010-01-12,0.0
2010-01-13,0.0004360510413228269
2010-01-14,-0.00021819011853929648
2010-01-15,0.0
2010-01-19,0.0
2010-01-20,0.0
2010-01-21,0.0
2010-01-22,0.0
2010-01-25,0.00021823773585682993
2010-01-26,0.0
2010-01-27,0.00021860552125207988
2010-01-28,-0.0002185577433228003
2010-01-29,0.00021860552125207988
2010-02-01,-0.0002185577433228003
2010-02-02,-0.00021819011853929648
2010-02-03,0.0004368909650829256
2010-02-04,0.0
2010-02-05,0.0
2010-02-08,0.0
2010-02-09,0.0
2010-02-10,0.0
2010-02-11,0.0
2010-02-12,0.0
2010-02-16,0.0
2010-02-17,-0.0006543234662167441
2010-02-18,0.0004360510413228269
2010-02-19,-0.00043586098368697535
2010-02-22,0.0004360510413228269
2010-02-23,-0.00043586098368697535
2010-02-24,0.0004360510413228269
2010-02-25,0.0
2010-02-26,0.0
2010-03-01,-0.00043586098368697535
2010-03-02,0.00021776578075516362
2010-03-03,-0.00021771836914452614
2010-03-04,0.0
2010-03-05,0.0
2010-03-08,0.0
2010-03-09,0.0
2010-03-10,0.00021776578075516362
2010-03-11,-0.00021771836914452614
2010-03-12,0.0
2010-03-15,0.0
2010-03-16,0.0
2010-03-17,0.0
2010-03-18,0.0
2010-03-19,0.0
2010-03-22,0.00021776578075516362
2010-03-23,0.0
2010-03-24,-0.00021771836914452614
2010-03-25,0.0004360510413228269
2010-03-26,0.0
2010-03-29,-0.00043586098368697535
2010-03-30,0.0
2010-03-31,0.0004360510413228269
2010-04-01,0.0
2010-04-05,-0.00043586098368697535
2010-04-06,0.0
2010-04-07,0.0
2010-04-08,0.0
2010-04-09,0.0
2010-04-12,0.0
2010-04-13,0.0
2010-04-14,0.0
2010-04-15,0.0
2010-04-16,0.0
2010-04-19,0.00021776578075516362
2010-04-20,-0.00021771836914452614
2010-04-21,0.0
2010-04-22,0.0
2010-04-23,0.0
2010-04-26,0.00021776578075516362
2010-04-27,-0.00021771836914452614
2010-04-28,0.00021776578075516362
2010-04-29,0.0
2010-04-30,-0.00021771836914452614
2010-05-03,0.00021776578075516362
2010-05-04,-0.00021771836914452614
2010-05-05,0.00021776578075516362
2010-05-06,0.00021823773585682993
2010-05-07,0.0
2010-05-10,0.0
2010-05-11,0.0
2010-05-12,0.0
2010-05-13,-0.00021819011853929648
2010-05-14,0.00021823773585682993
2010-05-17,0.0
2010-05-18,-0.00021819011853929648
2010-05-19,0.00021823773585682993
2010-05-20,0.0
2010-05-21,0.0
2010-05-24,0.0
2010-05-25,0.0
2010-05-26,0.00021860552125207988
2010-05-27,-0.00043670017472219325
2010-05-28,0.00021823773585682993
2010-06-01,0.0
2010-06-02,0.00021860552125207988
2010-06-03,-0.00043670017472219325
2010-06-04,0.0004368909650829256
2010-06-07,-0.0002185577433228003
2010-06-08,0.00021860552125207988
2010-06-09,0.0
2010-06-10,0.0
2010-06-11,0.0
2010-06-14,-0.00043670017472219325
2010-06-15,0.0
2010-06-16,0.0
2010-06-17,0.0
2010-06-18,0.00021823773585682993
2010-06-21,-0.00021819011853929648
2010-06-22,0.00021823773585682993
2010-06-23,0.0
2010-06-24,0.0
2010-06-25,0.0
2010-06-28,0.0
2010-06-29,0.0
2010-06-30,0.00021860552125207988
2010-07-01,-0.0002185577433228003
2010-07-02,0.0
2010-07-06,-0.00021819011853929648
2010-07-07,0.0
2010-07-08,0.00021823773585682993
2010-07-09,-0.00021819011853929648
2010-07-12,0.00021823773585682993
2010-07-13,0.0
2010-07-14,0.0
2010-07-15,0.0
2010-07-16,0.0
2010-07-19,-0.00021819011853929648
2010-07-20,0.0
2010-07-21,0.0
2010-07-22,0.0
2010-07-23,0.00021823773585682993
2010-07-26,-0.00043586098368697535
2010-07-27,0.0
2010-07-28,0.00021776578075516362
2010-07-29,-0.00021771836914452614
2010-07-30,0.00021776578075516362
2010-08-02,-0.00021771836914452614
2010-08-03,0.0
2010-08-04,0.0
2010-08-05,0.0
2010-08-06,0.0
2010-08-09,0.0
2010-08-10,0.00021776578075516362
2010-08-11,0.00021823773585682993
2010-08-12,0.0
2010-08-13,0.0
2010-08-16,-0.00021819011853929648
2010-08-17,0.00021823773585682993
2010-08-18,-0.00021819011853929648
2010-08-19,0.0
2010-08-20,0.00021823773585682993
2010-08-23,-0.00021819011853929648
2010-08-24,0.0
2010-08-25,0.00021823773585682993
2010-08-26,-0.00021819011853929648
2010-08-27,0.0
2010-08-30,0.00021823773585682993
2010-08-31,-0.00021819011853929648
2010-09-01,0.0
2010-09-02,0.00021823773585682993
2010-09-03,0.0
2010-09-07,-0.00021819011853929648
2010-09-08,0.0
2010-09-09,0.0
2010-09-10,0.0
2010-09-13,0.0
2010-09-14,0.00021823773585682993
2010-09-15,0.0
2010-09-16,0.0
2010-09-17,-0.00021819011853929648
2010-09-20,0.0
2010-09-21,0.0
2010-09-22,0.0
2010-09-23,0.0
2010-09-24,0.00021823773585682993
2010-09-27,0.0
2010-09-28,-0.00021819011853929648
2010-09-29,0.0
2010-09-30,0.0
2010-10-01,0.0
2010-10-04,0.00021823773585682993
2010-10-05,-0.00021819011853929648
2010-10-06,0.0
2010-10-07,0.0
2010-10-08,0.0
2010-10-11,0.0
2010-10-12,0.0
2010-10-13,0.0
2010-10-14,0.00021823773585682993
2010-10-15,-0.00021819011853929648
2010-10-18,0.00021823773585682993
2010-10-19,-0.00021819011853929648
2010-10-20,0.0
2010-10-21,0.0
2010-10-22,0.00021823773585682993
2010-10-25,-0.00021819011853929648
2010-10-26,0.00021823773585682993
2010-10-27,0.0
2010-10-28,-0.00021819011853929648
2010-10-29,0.00021823773585682993
2010-11-01,0.0
2010-11-02,-0.00043586098368697535
2010-11-03,0.00021776578075516362
2010-11-04,0.0
2010-11-05,0.0
2010-11-08,0.0
2010-11-09,0.0
2010-11-10,0.0
2010-11-11,-0.00021771836914452614
2010-11-12,0.0004360510413228269
2010-11-15,0.0
2010-11-16,0.0
2010-11-17,0.0
2010-11-18,-0.00021819011853929648
2010-11-19,0.0
2010-11-22,0.0
2010-11-23,0.0
2010-11-24,0.00021823773585682993
2010-11-26,0.0
2010-11-29,0.0
2010-11-30,0.0
2010-12-01,-0.00021819011853929648
2010-12-02,0.0
2010-12-03,0.00021823773585682993
2010-12-06,-0.00021819011853929648
2010-12-07,0.0
2010-12-08,0.0
2010-12-09,0.00021823773585682993
2010-12-10,0.0
2010-12-13,0.0
2010-12-14,0.0
2010-12-15,-0.00021819011853929648
2010-12-16,0.0
2010-12-17,0.00021823773585682993
2010-12-20,0.0
2010-12-21,0.0
2010-12-22,-0.00021819011853929648
2010-12-23,0.0
2010-12-27,0.0
2010-12-28,0.00021823773585682993
2010-12-29,-0.00021819011853929648
2010-12-30,0.00021823773585682993
2010-12-31,-0.00021819011853929648
2011-01-03,0.00021823773585682993
2011-01-04,0.0
2011-01-05,0.0
2011-01-06,0.0
2011-01-07,-0.00021819011853929648
2011-01-10,0.00021823773585682993
2011-01-11,0.0
2011-01-12,-0.00021819011853929648
2011-01-13,0.0
2011-01-14,0.0
2011-01-18,0.0
2011-01-19,0.00021823773585682993
2011-01-20,0.0
2011-01-21,-0.00021819011853929648
2011-01-24,0.0
2011-01-25,0.00021823773585682993
2011-01-26,-0.00021819011853929648
2011-01-27,0.00021823773585682993
2011-01-28,-0.00021819011853929648
2011-01-31,0.0
2011-02-01,0.0
2011-02-02,0.0
2011-02-03,0.0
2011-02-04,0.00021823773585682993
2011-02-07,-0.00021819011853929648
2011-02-08,0.0
2011-02-09,0.00021823773585682993
2011-02-10,-0.00021819011853929648
2011-02-11,0.0
2011-02-14,0.0
2011-02-15,0.00021823773585682993
2011-02-16,0.0
2011-02-17,0.0
2011-02-18,-0.00021819011853929648
2011-02-22,0.0
2011-02-23,0.00021823773585682993
2011-02-24,0.0
2011-02-25,0.0
2011-02-28,-0.00021819011853929648
2011-03-01,0.0
2011-03-02,0.00021823773585682993
2011-03-03,-0.00021819011853929648
2011-03-04,0.00021823773585682993
2011-03-07,-0.00021819011853929648
2011-03-08,0.0
2011-03-09,0.0
2011-03-10,0.0
2011-03-11,0.00021823773585682993
2011-03-14,0.0
2011-03-15,0.00021860552125207988
2011-03-16,0.0
2011-03-17,0.0
2011-03-18,0.0
2011-03-21,0.0
2011-03-22,-0.00043670017472219325
2011-03-23,0.00021823773585682993
2011-03-24,-0.00021819011853929648
2011-03-25,0.0
2011-03-28,0.00021823773585682993
2011-03-29,-0.00021819011853929648
2011-03-30,0.00021823773585682993
2011-03-31,-0.00021819011853929648
2011-04-01,0.0
2011-04-04,0.0
2011-04-05,0.0
2011-04-06,0.0
2011-04-07,0.00021823773585682993
2011-04-08,-0.00021819011853929648
2011-04-11,0.0
2011-04-12,0.00021823773585682993
2011-04-13,0.0
2011-04-14,-0.00021819011853929648
2011-04-15,0.00021823773585682993
2011-04-18,-0.00021819011853929648
2011-04-19,0.0
2011-04-20,0.0
2011-04-21,0.0
2011-04-25,0.0
2011-04-26,0.0
2011-04-27,0.0
2011-04-28,0.0
2011-04-29,0.0
2011-05-02,0.0
2011-05-03,0.0
2011-05-04,0.0004368909650829256
2011-05-05,0.0
2011-05-06,0.0
2011-05-09,0.0
2011-05-10,0.0
2011-05-11,0.0
2011-05-12,0.0
2011-05-13,-0.0002185577433228003
2011-05-16,0.0
2011-05-17,0.0
2011-05-18,-0.00021819011853929648
2011-05-19,0.0004368909650829256
2011-05-20,-0.0002185577433228003
2011-05-23,0.0
2011-05-24,0.0
2011-05-25,0.0
2011-05-26,0.0
2011-05-27,0.0
2011-05-31,0.0
2011-06-01,-0.00021819011853929648
2011-06-02,0.0
2011-06-03,0.0
2011-06-06,0.0
2011-06-07,0.00021823773585682993
2011-06-08,0.0
2011-06-09,-0.00021819011853929648
2011-06-10,0.00021823773585682993
2011-06-13,-0.00021819011853929648
2011-06-14,0.00021823773585682993
2011-06-15,0.0
2011-06-16,0.0
2011-06-17,0.0
2011-06-20,0.0
2011-06-21,-0.00021819011853929648
2011-06-22,0.00021823773585682993
2011-06-23,0.0
2011-06-24,-0.00021819011853929648
2011-06-27,0.0
2011-06-28,0.0
2011-06-29,0.00021823773585682993
2011-06-30,0.0
2011-07-01,-0.00021819011853929648
2011-07-05,0.0
2011-07-06,0.00021823773585682993
2011-07-07,-0.00021819011853929648
2011-07-08,0.0
2011-07-11,-0.00021771836914452614
2011-07-12,0.00021776578075516362
2011-07-13,0.00021823773585682993
2011-07-14,0.0
2011-07-15,0.0
2011-07-18,0.0
2011-07-19,0.0
2011-07-20,-0.00021819011853929648
2011-07-21,0.0
2011-07-22,0.00021823773585682993
2011-07-25,0.0
2011-07-26,0.0
2011-07-27,0.0
2011-07-28,0.0
2011-07-29,0.0
2011-08-01,0.0
2011-08-02,0.0
2011-08-03,0.0
2011-08-04,0.0
2011-08-05,0.0
2011-08-08,0.0
2011-08-09,0.0
2011-08-10,0.0
2011-08-11,0.0
2011-08-12,0.0
2011-08-15,0.0
2011-08-16,0.0
2011-08-17,0.0
2011-08-18,-0.00043586098368697535
2011-08-19,0.0004360510413228269
2011-08-22,-0.00043586098368697535
2011-08-23,0.0004360510413228269
2011-08-24,0.0
2011-08-25,-0.00043586098368697535
2011-08-26,0.0004360510413228269
2011-08-29,0.0
2011-08-30,0.0
2011-08-31,0.0
2011-09-01,0.0
2011-09-02,0.0
2011-09-06,-0.00021819011853929648
2011-09-07,-0.00021771836914452614
2011-09-08,0.0
2011-09-09,0.00021776578075516362
2011-09-12,0.0
2011-09-13,-0.00021771836914452614
2011-09-14,0.0
2011-09-15,0.0
2011-09-16,0.0
2011-09-19,0.00021776578075516362
2011-09-20,0.0
2011-09-21,0.0
2011-09-22,-0.00021771836914452614
2011-09-23,0.00021776578075516362
2011-09-26,0.0
2011-09-27,-0.00021771836914452614
2011-09-28,0.00021776578075516362
2011-09-29,0.0
2011-09-30,0.0
2011-10-03,0.0
2011-10-04,0.0
2011-10-05,0.0
2011-10-06,-0.00021771836914452614
2011-10-07,0.00021776578075516362
2011-10-10,-0.00021771836914452614
2011-10-11,0.00021776578075516362
2011-10-12,-0.00021771836914452614
2011-10-13,0.00021776578075516362
2011-10-14,-0.00021771836914452614
2011-10-17,0.0
2011-10-18,0.00021776578075516362
2011-10-19,0.0
2011-10-20,0.0
2011-10-21,-0.00021771836914452614
2011-10-24,0.0
2011-10-25,0.00021776578075516362
2011-10-26,0.0
2011-10-27,-0.00021771836914452614
2011-10-28,0.0
2011-10-31,-0.0002181813646049413
2011-11-01,0.000436042281660054
2011-11-02,-0.00021771836914452614
2011-11-03,-0.0002181813646049413
2011-11-04,0.00021822897810119812
2011-11-07,0.00021776578075516362
2011-11-08,0.0
2011-11-09,-0.00021771836914452614
2011-11-10,0.00021776578075516362
2011-11-11,-0.00021771836914452614
2011-11-14,0.00021776578075516362
2011-11-15,-0.00021771836914452614
2011-11-16,0.00021776578075516362
2011-11-17,0.0
2011-11-18,0.0
2011-11-21,0.0
2011-11-22,-0.00021771836914452614
2011-11-23,0.00021776578075516362
2011-11-25,0.0
2011-11-28,0.0
2011-11-29,-0.00043585223165854003
2011-11-30,0.00021822897810119812
2011-12-01,-0.0002181813646049413
2011-12-02,0.00021822897810119812
2011-12-05,0.0
2011-12-06,0.00021776578075516362
2011-12-07,-0.00021771836914452614
2011-12-08,0.0
2011-12-09,-0.0002181813646049413
2011-12-12,0.0
2011-12-13,0.0
2011-12-14,0.00021822897810119812
2011-12-15,-0.0002181813646049413
2011-12-16,0.00021822897810119812
2011-12-19,0.0
2011-12-20,0.0
2011-12-21,0.0
2011-12-22,0.0
2011-12-23,0.0
2011-12-27,-0.0002181813646049413
2011-12-28,4.3541876984631855e-05
2011-12-29,0.0
2011-12-30,0.0
2012-01-03,-0.00021780382133385068
2012-01-04,0.0
2012-01-05,0.0
2012-01-06,0.0
2012-01-09,0.0002178512701729307
2012-01-10,0.0
2012-01-11,-0.00021780382133385068
2012-01-12,0.0
2012-01-13,0.0
2012-01-17,0.0
2012-01-18,0.0
2012-01-19,0.0
2012-01-20,0.0
2012-01-23,0.0
2012-01-24,0.0
2012-01-25,0.0
2012-01-26,0.0
2012-01-27,0.0
2012-01-30,0.0002178512701729307
2012-01-31,-0.00021780382133385068
2012-02-01,0.0
2012-02-02,0.0
2012-02-03,0.0
2012-02-06,0.0002178512701729307
2012-02-07,-0.00021780382133385068
2012-02-08,0.0002178512701729307
2012-02-09,-0.00021780382133385068
2012-02-10,0.0002178512701729307
2012-02-13,-0.00021780382133385068
2012-02-14,0.0002178512701729307
2012-02-15,-0.00021780382133385068
2012-02-16,0.0002178512701729307
2012-02-17,-0.00021780382133385068
2012-02-21,0.0
2012-02-22,0.0
2012-02-23,0.0
2012-02-24,0.0002178512701729307
2012-02-27,-0.00021780382133385068
2012-02-28,0.0
2012-02-29,0.0002178512701729307
2012-03-01,-0.00021780382133385068
2012-03-02,0.0
2012-03-05,0.0
2012-03-06,0.0
2012-03-07,0.0
2012-03-08,0.0002178512701729307
2012-03-09,0.0
2012-03-12,0.0
2012-03-13,0.0
2012-03-14,-0.00021780382133385068
2012-03-15,0.0
2012-03-16,0.0
2012-03-19,0.0002178512701729307
2012-03-20,0.0
2012-03-21,0.0
2012-03-22,0.0
2012-03-23,0.0
2012-03-26,0.0
2012-03-27,-0.00021780382133385068
2012-03-28,0.0002178512701729307
2012-03-29,-0.00021780382133385068
2012-03-30,0.0
2012-04-02,-0.00021868276280101462
2012-04-03,0.0002187305954119978
2012-04-04,-0.00021868276280101462
2012-04-05,0.0002187305954119978
2012-04-09,0.0002178512701729307
2012-04-10,0.0
2012-04-11,0.0
2012-04-12,-0.00021780382133385068
2012-04-13,-0.00021868276280101462
2012-04-16,0.0002187305954119978
2012-04-17,0.0
2012-04-18,0.0
2012-04-19,0.0002178512701729307
2012-04-20,-0.00021780382133385068
2012-04-23,0.0002178512701729307
2012-04-24,0.0
2012-04-25,-0.00021780382133385068
2012-04-26,0.0002178512701729307
2012-04-27,-0.00021780382133385068
2012-04-30,0.0002178512701729307
2012-05-01,0.0
2012-05-02,0.0
2012-05-03,-0.00021780382133385068
2012-05-04,0.0
2012-05-07,0.0002178512701729307
2012-05-08,0.0
2012-05-09,0.0
2012-05-10,0.0
2012-05-11,0.0
2012-05-14,0.0
2012-05-15,0.0
2012-05-16,0.0
2012-05-17,0.0
2012-05-18,0.0
2012-05-21,0.0
2012-05-22,-0.00043643895419354095
2012-05-23,0.0
2012-05-24,0.00043662951632295055
2012-05-25,0.0
2012-05-29,0.0
2012-05-30,0.0
2012-05-31,0.0
2012-06-01,0.0
2012-06-04,0.0
2012-06-05,0.0
2012-06-06,-0.00021780382133385068
2012-06-07,0.0
2012-06-08,0.0
2012-06-11,0.0
2012-06-12,0.0002178512701729307
2012-06-13,0.0
2012-06-14,0.0
2012-06-15,-0.00021780382133385068
2012-06-18,0.0002178512701729307
2012-06-19,-0.00043643895419354095
2012-06-20,0.0
2012-06-21,0.00043662951632295055
2012-06-22,-0.00021780382133385068
2012-06-25,0.0002178512701729307
2012-06-26,0.0
2012-06-27,-0.00021780382133385068
2012-06-28,0.0002178512701729307
2012-06-29,-0.00043643895419354095
2012-07-02,0.0
2012-07-03,0.0
2012-07-05,0.0
2012-07-06,0.0
2012-07-09,0.0
2012-07-10,0.0
2012-07-11,0.0
2012-07-12,0.0
2012-07-13,0.0002187305954119978
2012-07-16,-0.00021868276280101462
2012-07-17,0.0
2012-07-18,0.0
2012-07-19,0.0002187305954119978
2012-07-20,-0.00021868276280101462
2012-07-23,0.0
2012-07-24,0.0002187305954119978
2012-07-25,0.0002178512701729307
2012-07-26,-0.00021780382133385068
2012-07-27,0.0002178512701729307
2012-07-30,0.0
2012-07-31,-0.00043643895419354095
2012-08-01,0.0002187305954119978
2012-08-02,0.0
2012-08-03,0.0
2012-08-06,0.0002178512701729307
2012-08-07,-0.00021780382133385068
2012-08-08,-0.00021868276280101462
2012-08-09,0.0
2012-08-10,0.0
2012-08-13,0.0
2012-08-14,0.0
2012-08-15,0.0
2012-08-16,0.0
2012-08-17,0.0
2012-08-20,0.0
2012-08-21,0.0
2012-08-22,0.0
2012-08-23,0.0
2012-08-24,0.0
2012-08-27,0.0
2012-08-28,0.0
2012-08-29,0.0
2012-08-30,0.0
2012-08-31,0.0
2012-09-04,0.0
2012-09-05,0.0002187305954119978
2012-09-06,0.0
2012-09-07,-0.00021868276280101462
2012-09-10,0.0
2012-09-11,0.0
2012-09-12,0.0
2012-09-13,0.0
2012-09-14,0.0
2012-09-17,0.0
2012-09-18,0.0
2012-09-19,0.0
2012-09-20,0.0
2012-09-21,0.0
2012-09-24,0.0
2012-09-25,0.0
2012-09-26,0.0
2012-09-27,0.0002187305954119978
2012-09-28,-0.00021868276280101462
2012-10-01,0.0
2012-10-02,0.0002187305954119978
2012-10-03,-0.00021868276280101462
2012-10-04,0.0
2012-10-05,0.0
2012-10-08,0.0
2012-10-09,0.0
2012-10-10,0.0002187305954119978
2012-10-11,0.0
2012-10-12,-0.00021868276280101462
2012-10-15,0.0002187305954119978
2012-10-16,-0.00021868276280101462
2012-10-17,0.0002187305954119978
2012-10-18,-0.00021868276280101462
2012-10-19,0.0
2012-10-22,0.0
2012-10-23,0.0002187305954119978
2012-10-24,0.0
2012-10-25,-0.00021868276280101462
2012-10-26,0.0
2012-10-31,0.0002187305954119978
2012-11-01,0.0
2012-11-02,0.0
2012-11-05,-0.00021868276280101462
2012-11-06,0.0
2012-11-07,0.0002187305954119978
2012-11-08,0.0
2012-11-09,0.0
2012-11-12,0.0
2012-11-13,0.0
2012-11-14,0.0
2012-11-15,0.0
2012-11-16,0.0
2012-11-19,0.0
2012-11-20,-0.00021868276280101462
2012-11-21,0.0
2012-11-23,0.0
2012-11-26,0.0
2012-11-27,0.0
2012-11-28,0.0
2012-11-29,0.0
2012-11-30,0.0
2012-12-03,0.0
2012-12-04,0.0
2012-12-05,0.0
2012-12-06,0.0
2012-12-07,0.0
2012-12-10,0.0
2012-12-11,0.0
2012-12-12,0.0
2012-12-13,0.0
2012-12-14,0.0
2012-12-17,0.0
2012-12-18,0.0002187305954119978
2012-12-19,-0.00021868276280101462
2012-12-20,0.0
2012-12-21,0.0
2012-12-24,0.0
2012-12-26,0.0
2012-12-27,0.0
2012-12-28,0.0002187305954119978
2012-12-31,-0.00021868276280101462
2013-01-02,0.0
2013-01-03,0.0
2013-01-04,0.0002187305954119978
2013-01-07,-0.0004365340316117017
2013-01-08,0.0
2013-01-09,0.0
2013-01-10,0.0
2013-01-11,0.0
2013-01-14,0.0
2013-01-15,0.0
2013-01-16,0.0
2013-01-17,0.00021794640983552327
2013-01-18,-0.00021789891954837604
2013-01-22,0.0
2013-01-23,0.0
2013-01-24,0.00021794640983552327
2013-01-25,-0.00021789891954837604
2013-01-28,0.0
2013-01-29,0.0
2013-01-30,0.0
2013-01-31,0.00021794640983552327
2013-02-01,-0.00021789891954837604
2013-02-04,0.0
2013-02-05,0.00021794640983552327
2013-02-06,0.0
2013-02-07,0.0
2013-02-08,0.0
2013-02-11,0.0
2013-02-12,0.0
2013-02-13,-0.00021789891954837604
2013-02-14,0.00021794640983552327
2013-02-15,-0.00021789891954837604
2013-02-19,0.0
2013-02-20,0.00021794640983552327
2013-02-21,-0.00021789891954837604
2013-02-22,0.00021794640983552327
2013-02-25,-0.00021789891954837604
2013-02-26,0.0
2013-02-27,0.00021794640983552327
2013-02-28,0.0
2013-03-01,0.0
2013-03-04,-0.00021789891954837604
2013-03-05,0.00021794640983552327
2013-03-06,-0.00021789891954837604
2013-03-07,0.00021794640983552327
2013-03-08,-0.00021789891954837604
2013-03-11,0.00021794640983552327
2013-03-12,-0.00021789891954837604
2013-03-13,0.00021794640983552327
2013-03-14,0.0
2013-03-15,0.0
2013-03-18,-0.00021789891954837604
2013-03-19,0.0
2013-03-20,0.0
2013-03-21,0.0
2013-03-22,0.00021794640983552327
2013-03-25,-0.00021789891954837604
2013-03-26,0.00021794640983552327
2013-03-27,-0.00021789891954837604
2013-03-28,0.00021794640983552327
2013-04-01,-0.00021789891954837604
2013-04-02,0.00021794640983552327
2013-04-03,-0.00021789891954837604
2013-04-04,0.0
2013-04-05,0.00021794640983552327
2013-04-08,0.0
2013-04-09,0.0
2013-04-10,0.0
2013-04-11,-0.00021789891954837604
2013-04-12,0.00021794640983552327
2013-04-15,0.0
2013-04-16,0.0
2013-04-17,0.0
2013-04-18,-0.00021789891954837604
2013-04-19,0.00021794640983552327
2013-04-22,0.0
2013-04-23,0.0
2013-04-24,0.0
2013-04-25,-0.00021789891954837604
2013-04-26,0.0
2013-04-29,0.0
2013-04-30,0.0
2013-05-01,0.0
2013-05-02,0.00021794640983552327
2013-05-03,-0.00021789891954837604
2013-05-06,0.0
2013-05-07,0.0
2013-05-08,0.00021794640983552327
2013-05-09,0.0
2013-05-10,-0.00021789891954837604
2013-05-13,0.00021794640983552327
2013-05-14,-0.00021789891954837604
2013-05-15,0.0
2013-05-16,0.0
2013-05-17,0.00021794640983552327
2013-05-20,-0.00021789891954837604
2013-05-21,0.00021794640983552327
2013-05-22,0.0
2013-05-23,0.0
2013-05-24,0.0
2013-05-28,-0.00021789891954837604
2013-05-29,0.00021794640983552327
2013-05-30,-0.00021789891954837604
2013-05-31,0.00021794640983552327
2013-06-03,0.0
2013-06-04,0.0
2013-06-05,0.0
2013-06-06,-0.00021789891954837604
2013-06-07,0.00021794640983552327
2013-06-10,-0.00021789891954837604
2013-06-11,0.00021794640983552327
2013-06-12,-0.00021789891954837604
2013-06-13,0.00021794640983552327
2013-06-14,-0.00021789891954837604
2013-06-17,0.0
2013-06-18,0.0
2013-06-19,0.0
2013-06-20,0.0
2013-06-21,0.00021794640983552327
2013-06-24,0.0
2013-06-25,0.0
2013-06-26,0.0
2013-06-27,-0.00021789891954837604
2013-06-28,0.0
2013-07-01,0.00021794640983552327
2013-07-02,-0.00021789891954837604
2013-07-03,0.00021794640983552327
2013-07-05,0.0
2013-07-08,-0.00043683743392630703
2013-07-09,0.0
2013-07-10,0.0
2013-07-11,0.0
2013-07-12,0.0
2013-07-15,0.0
2013-07-16,0.0
2013-07-17,0.0
2013-07-18,0.00021903419671431834
2013-07-19,0.0
2013-07-22,0.0
2013-07-23,0.0
2013-07-24,0.00021794640983552327
2013-07-25,-0.00043683743392630703
2013-07-26,0.0
2013-07-29,0.00021903419671431834
2013-07-30,-0.00021898623124105843
2013-07-31,0.00021903419671431834
2013-08-01,-0.00021898623124105843
2013-08-02,0.00021903419671431834
2013-08-05,0.0
2013-08-06,0.0
2013-08-07,-0.00021898623124105843
2013-08-08,0.0
2013-08-09,0.00021903419671431834
2013-08-12,0.0
2013-08-13,0.0
2013-08-14,0.0
2013-08-15,0.0
2013-08-16,0.0
2013-08-19,-0.00021898623124105843
2013-08-20,0.00021903419671431834
2013-08-21,0.0
2013-08-22,-0.00021898623124105843
2013-08-23,0.00021903419671431834
2013-08-26,-0.00021898623124105843
2013-08-27,0.0
2013-08-28,0.0
2013-08-29,0.00021903419671431834
2013-08-30,0.0
2013-09-03,0.0
2013-09-04,0.0
2013-09-05,0.0
2013-09-06,0.0
2013-09-09,-0.00043724458749816453
2013-09-10,0.0002183538302875654
2013-09-11,0.0
2013-09-12,0.0
2013-09-13,0.00021903419671431834
2013-09-16,-0.00021898623124105843
2013-09-17,0.0
2013-09-18,0.00021903419671431834
2013-09-19,0.0
2013-09-20,-0.00021898623124105843
2013-09-23,0.0
2013-09-24,0.0
2013-09-25,0.0
2013-09-26,0.0
2013-09-27,0.0
2013-09-30,0.0
2013-10-01,0.00021903419671431834
2013-10-02,0.0
2013-10-03,0.0
2013-10-04,0.0
2013-10-07,0.0
2013-10-08,0.0
2013-10-09,-0.00021898623124105843
2013-10-10,-0.00021830616230078537
2013-10-11,-0.000217833693521019
2013-10-14,0.0
2013-10-15,0.0
2013-10-16,0.0002178811553779081
2013-10-17,0.0
2013-10-18,0.0002183538302875654
2013-10-21,0.0
2013-10-22,0.0
2013-10-23,0.0
2013-10-24,-0.00021830616230078537
2013-10-25,0.0002183538302875654
2013-10-28,0.0
2013-10-29,-0.00021830616230078537
2013-10-30,0.0
2013-10-31,0.0
2013-11-01,0.0
2013-11-04,0.0
2013-11-05,0.0
2013-11-06,0.0002183538302875654
2013-11-07,-0.00021830616230078537
2013-11-08,0.0
2013-11-11,0.0002183538302875654
2013-11-12,0.0
2013-11-13,0.0
2013-11-14,-0.00021830616230078537
2013-11-15,0.0
2013-11-18,0.0
2013-11-19,0.0
2013-11-20,0.0
2013-11-21,0.0002183538302875654
2013-11-22,-0.00021830616230078537
2013-11-25,0.0
2013-11-26,0.0
2013-11-27,0.0002183538302875654
2013-11-29,-0.0004360923013841944
2013-12-02,0.0002178811553779081
2013-12-03,0.0002183538302875654
2013-12-04,0.0
2013-12-05,0.0
2013-12-06,0.0
2013-12-09,0.0
2013-12-10,-0.00021830616230078537
2013-12-11,0.0002183538302875654
2013-12-12,0.0
2013-12-13,0.0
2013-12-16,-0.00021830616230078537
2013-12-17,0.0
2013-12-18,0.0002183538302875654
2013-12-19,0.0
2013-12-20,-0.00021830616230078537
2013-12-23,0.0
2013-12-24,0.0
2013-12-26,0.0
2013-12-27,0.0002183538302875654
2013-12-30,0.0
2013-12-31,-0.0004360923013841944
2014-01-02,0.0
2014-01-03,0.0002178811553779081
2014-01-06,-0.000217833693521019
2014-01-07,0.0002178811553779081
2014-01-08,0.0
2014-01-09,-0.000217833693521019
2014-01-10,0.0002178811553779081
2014-01-13,0.0
2014-01-14,0.0
2014-01-15,0.0
2014-01-16,0.0
2014-01-17,-0.000217833693521019
2014-01-21,0.0002178811553779081
2014-01-22,0.0
2014-01-23,0.0
2014-01-24,-0.000217833693521019
2014-01-27,0.0
2014-01-28,0.0
2014-01-29,0.0002178811553779081
2014-01-30,0.0
2014-01-31,-0.000217833693521019
2014-02-03,0.0
2014-02-04,0.0002178811553779081
2014-02-05,-0.000217833693521019
2014-02-06,0.0
2014-02-07,0.0002178811553779081
2014-02-10,-0.000217833693521019
2014-02-11,0.0
2014-02-12,0.0002178811553779081
2014-02-13,0.0
2014-02-14,0.0
2014-02-18,-0.000217833693521019
2014-02-19,0.0002178811553779081
2014-02-20,0.0
2014-02-21,-0.000217833693521019
2014-02-24,0.0002178811553779081
2014-02-25,0.0
2014-02-26,0.0
2014-02-27,-0.000217833693521019
2014-02-28,0.0002178811553779081
2014-03-03,0.0
2014-03-04,-0.000217833693521019
2014-03-05,0.0002178811553779081
2014-03-06,0.0
2014-03-07,-0.000217833693521019
2014-03-10,0.0
2014-03-11,0.0
2014-03-12,0.0
2014-03-13,0.0
2014-03-14,0.0
2014-03-17,0.0
2014-03-18,0.0
2014-03-19,0.0002178811553779081
2014-03-20,-0.000217833693521019
2014-03-21,0.0002178811553779081
2014-03-24,0.0
2014-03-25,0.0
2014-03-26,-0.000217833693521019
2014-03-27,0.0
2014-03-28,0.0
2014-03-31,0.0
2014-04-01,0.0
2014-04-02,0.0
2014-04-03,0.0002178811553779081
2014-04-04,-0.000217833693521019
2014-04-07,0.0
2014-04-08,0.0
2014-04-09,0.0
2014-04-10,0.0
2014-04-11,0.0
2014-04-14,0.0
2014-04-15,0.0
2014-04-16,0.0
2014-04-17,0.0002178811553779081
2014-04-21,-0.000217833693521019
2014-04-22,-0.00021902570585885517
2014-04-23,0.00021907368862805754
2014-04-24,0.0
2014-04-25,0.0
2014-04-28,0.0
2014-04-29,0.0
2014-04-30,0.0
2014-05-01,-0.00021902570585885517
2014-05-02,0.00021907368862805754
2014-05-05,0.0
2014-05-06,-0.00021902570585885517
2014-05-07,0.0
2014-05-08,0.0
2014-05-09,0.00021907368862805754
2014-05-12,-0.00021902570585885517
2014-05-13,0.00021907368862805754
2014-05-14,0.0
2014-05-15,0.0
2014-05-16,0.0
2014-05-19,0.0
2014-05-20,0.0
2014-05-21,-0.00021902570585885517
2014-05-22,0.0
2014-05-23,0.00021907368862805754
2014-05-27,-0.00021902570585885517
2014-05-28,0.00021907368862805754
2014-05-29,-0.00021902570585885517
2014-05-30,0.00021907368862805754
2014-06-02,-0.00021902570585885517
2014-06-03,0.0
2014-06-04,0.0
2014-06-05,0.0
2014-06-06,0.0
2014-06-09,0.00021907368862805754
2014-06-10,0.0
2014-06-11,-0.00021902570585885517
2014-06-12,0.00021907368862805754
2014-06-13,-0.00021902570585885517
2014-06-16,0.00021907368862805754
2014-06-17,-0.00021902570585885517
2014-06-18,0.00021907368862805754
2014-06-19,0.0
2014-06-20,0.0
2014-06-23,0.0
2014-06-24,0.0
2014-06-25,-0.00021902570585885517
2014-06-26,0.0
2014-06-27,0.00021907368862805754
2014-06-30,-0.00021902570585885517
2014-07-01,0.00021907368862805754
2014-07-02,0.0
2014-07-03,-0.00021902570585885517
2014-07-07,0.00021907368862805754
2014-07-08,0.0
2014-07-09,-0.00021902570585885517
2014-07-10,0.0
2014-07-11,0.0
2014-07-14,0.0
2014-07-15,0.0
2014-07-16,0.0
2014-07-17,0.0
2014-07-18,-0.00021803296049272003
2014-07-21,0.00021808050923177724
2014-07-22,-0.00021803296049272003
2014-07-23,0.00021808050923177724
2014-07-24,0.0
2014-07-25,0.0
2014-07-28,0.0
2014-07-29,0.0
2014-07-30,0.0
2014-07-31,-0.00021803296049272003
2014-08-01,0.00021808050923177724
2014-08-04,0.0
2014-08-05,-0.00021803296049272003
2014-08-06,0.0
2014-08-07,0.00021808050923177724
2014-08-08,-0.00021803296049272003
2014-08-11,0.0
2014-08-12,0.0
2014-08-13,0.00021808050923177724
2014-08-14,-0.00021803296049272003
2014-08-15,0.00021808050923177724
2014-08-18,-0.00021803296049272003
2014-08-19,0.00021808050923177724
2014-08-20,-0.00021803296049272003
2014-08-21,0.00021808050923177724
2014-08-22,0.0
2014-08-25,0.0
2014-08-26,0.0
2014-08-27,-0.00021803296049272003
2014-08-28,0.00021808050923177724
2014-08-29,0.0
2014-09-02,-0.00021803296049272003
2014-09-03,0.00021808050923177724
2014-09-04,-0.00021803296049272003
2014-09-05,0.00021808050923177724
2014-09-08,-0.00021803296049272003
2014-09-09,0.0
2014-09-10,0.00021808050923177724
2014-09-11,-0.00021803296049272003
2014-09-12,0.0
2014-09-15,0.0
2014-09-16,0.0
2014-09-17,0.0
2014-09-18,0.00021808050923177724
2014-09-19,0.0
2014-09-22,0.0
2014-09-23,0.0
2014-09-24,0.0
2014-09-25,0.0
2014-09-26,0.0
2014-09-29,-0.00021803296049272003
2014-09-30,0.00021808050923177724
2014-10-01,0.0
2014-10-02,0.0
2014-10-03,-0.00043669035813942436
2014-10-06,0.0
2014-10-07,0.00021875292493978016
2014-10-08,0.0
2014-10-09,0.0
2014-10-10,0.0
2014-10-13,0.0
2014-10-14,-0.00021870508256338628
2014-10-15,0.0
2014-10-16,0.00021875292493978016
2014-10-17,0.0
2014-10-20,0.0
2014-10-21,-0.00021870508256338628
2014-10-22,0.00021875292493978016
2014-10-23,-0.00021870508256338628
2014-10-24,0.0
2014-10-27,0.0
2014-10-28,0.0
2014-10-29,0.00021875292493978016
2014-10-30,-0.00021870508256338628
2014-10-31,0.00021875292493978016
2014-11-03,-0.00021870508256338628
2014-11-04,0.00021875292493978016
2014-11-05,-0.00021870508256338628
2014-11-06,0.00021875292493978016
2014-11-07,-0.00021870508256338628
2014-11-10,0.00021875292493978016
2014-11-11,0.0
2014-11-12,0.0
2014-11-13,-0.00021870508256338628
2014-11-14,0.0
2014-11-17,0.00021875292493978016
2014-11-18,-0.00021870508256338628
2014-11-19,0.0
2014-11-20,0.0
2014-11-21,0.0
2014-11-24,0.00021875292493978016
2014-11-25,0.0
2014-11-26,-0.00021870508256338628
2014-11-28,0.00021875292493978016
2014-12-01,-0.00021870508256338628
2014-12-02,0.0
2014-12-03,0.0
2014-12-04,0.0
2014-12-05,0.00021875292493978016
2014-12-08,0.0
2014-12-09,-0.00021870508256338628
2014-12-10,0.0
2014-12-11,0.0
2014-12-12,0.00021875292493978016
2014-12-15,-0.0004380347398229567
2014-12-16,0.0
2014-12-17,0.0
2014-12-18,0.00021942577337119573
2014-12-19,-0.00021937763626367346
2014-12-22,0.0
2014-12-23,0.0
2014-12-24,0.00021942577337119573
2014-12-26,-0.00021937763626367346
2014-12-29,0.0
2014-12-30,0.0
2014-12-31,0.00021942577337119573
2015-01-02,-0.00021937763626367346
2015-01-05,0.00021942577337119573
2015-01-06,-0.00021937763626367346
2015-01-07,0.0
2015-01-08,0.0
2015-01-09,0.0
2015-01-12,0.0
2015-01-13,0.0
2015-01-14,0.0
2015-01-15,0.0
2015-01-16,0.0
2015-01-20,0.0
2015-01-21,0.00021942577337119573
2015-01-22,-0.00021937763626367346
2015-01-23,0.00021942577337119573
2015-01-26,0.0
2015-01-27,0.0
2015-01-28,-0.00021937763626367346
2015-01-29,0.0
2015-01-30,0.0
2015-02-02,0.0
2015-02-03,0.00021942577337119573
2015-02-04,-0.00021937763626367346
2015-02-05,0.0
2015-02-06,0.0
2015-02-09,-0.00021807193516798495
2015-02-10,0.0002181195009096637
2015-02-11,-0.00021807193516798495
2015-02-12,0.0
2015-02-13,0.0002181195009096637
2015-02-17,0.0
2015-02-18,0.0
2015-02-19,0.0
2015-02-20,-0.00021807193516798495
2015-02-23,0.0002181195009096637
2015-02-24,-0.00021807193516798495
2015-02-25,0.0002181195009096637
2015-02-26,-0.00021807193516798495
2015-02-27,0.0002181195009096637
2015-03-02,-0.00021807193516798495
2015-03-03,0.0002181195009096637
2015-03-04,0.0
2015-03-05,0.0
2015-03-06,-0.00021807193516798495
2015-03-09,0.0002181195009096637
2015-03-10,0.0
2015-03-11,0.0
2015-03-12,-0.00021807193516798495
2015-03-13,0.0002181195009096637
2015-03-16,0.0
2015-03-17,0.0
2015-03-18,0.0
2015-03-19,0.0
2015-03-20,0.0
2015-03-23,-0.00021807193516798495
2015-03-24,0.0002181195009096637
2015-03-25,-0.00021807193516798495
2015-03-26,0.0
2015-03-27,0.0
2015-03-30,-0.00021832783050590443
2015-03-31,0.00043654264082326755
2015-04-01,-0.00043635215450132936
2015-04-02,0.00021837550795678062
2015-04-06,0.0
2015-04-07,0.0002181195009096637
2015-04-08,0.0
2015-04-09,-0.00021807193516798495
2015-04-10,0.0
2015-04-13,-0.00021832783050590443
2015-04-14,0.00021837550795678062
2015-04-15,-0.00021832783050590443
2015-04-16,0.00021837550795678062
2015-04-17,-0.00021832783050590443
2015-04-20,0.0
2015-04-21,0.00021837550795678062
2015-04-22,-0.00021832783050590443
2015-04-23,0.0
2015-04-24,0.0
2015-04-27,0.00021837550795678062
2015-04-28,0.0
2015-04-29,0.0
2015-04-30,0.0
2015-05-01,-0.00021832783050590443
2015-05-04,0.00021837550795678062
2015-05-05,0.0
2015-05-06,0.0
2015-05-07,-0.00021832783050590443
2015-05-08,0.00021837550795678062
2015-05-11,-0.00021832783050590443
2015-05-12,0.00021837550795678062
2015-05-13,0.0
2015-05-14,-0.00021832783050590443
2015-05-15,0.0
2015-05-18,0.0
2015-05-19,0.0
2015-05-20,0.0
2015-05-21,0.00021837550795678062
2015-05-22,0.0
2015-05-26,0.0
2015-05-27,0.0
2015-05-28,-0.00021832783050590443
2015-05-29,0.0
2015-06-01,0.0
2015-06-02,0.00021837550795678062
2015-06-03,0.0
2015-06-04,-0.00021832783050590443
2015-06-05,0.0
2015-06-08,-0.00021910481462816822
2015-06-09,0.0
2015-06-10,0.00021915283206874747
2015-06-11,0.00021837550795678062
2015-06-12,-0.00021832783050590443
2015-06-15,0.00021837550795678062
2015-06-16,-0.0004373848084551213
2015-06-17,0.00043757619763651334
2015-06-18,-0.0004373848084551213
2015-06-19,0.0
2015-06-22,0.00021915283206874747
2015-06-23,-0.00021910481462816822
2015-06-24,0.0
2015-06-25,0.00021915283206874747
2015-06-26,-0.00021910481462816822
2015-06-29,0.00021915283206874747
2015-06-30,0.0
2015-07-01,0.0
2015-07-02,0.0
2015-07-06,0.0
2015-07-07,-0.00021910481462816822
2015-07-08,0.0
2015-07-09,0.0
2015-07-10,0.0
2015-07-13,0.0
2015-07-14,0.00021915283206874747
2015-07-15,-0.00021910481462816822
2015-07-16,0.0
2015-07-17,0.00021915283206874747
2015-07-20,-0.00021910481462816822
2015-07-21,0.00021915283206874747
2015-07-22,-0.00021910481462816822
2015-07-23,0.0
2015-07-24,0.00021915283206874747
2015-07-27,-0.00021910481462816822
2015-07-28,0.0
2015-07-29,0.00021915283206874747
2015-07-30,0.0
2015-07-31,0.0
2015-08-03,0.0
2015-08-04,-0.00021910481462816822
2015-08-05,0.0
2015-08-06,0.0
2015-08-07,0.0
2015-08-10,0.00021915283206874747
2015-08-11,-0.00021910481462816822
2015-08-12,0.0
2015-08-13,0.0
2015-08-14,-0.00021904862237343004
2015-08-17,0.0
2015-08-18,0.00021909661518515477
2015-08-19,0.00021915283206874747
2015-08-20,-0.00021910481462816822
2015-08-21,0.0
2015-08-24,0.0
2015-08-25,0.0
2015-08-26,0.00021915283206874747
2015-08-27,-0.00021910481462816822
2015-08-28,0.00021915283206874747
2015-08-31,0.0
2015-09-01,0.0
2015-09-02,-0.00021910481462816822
2015-09-03,0.00021915283206874747
2015-09-04,-0.00021910481462816822
2015-09-08,0.0
2015-09-09,0.0
2015-09-10,-0.00021904862237343004
2015-09-11,0.00021909661518515477
2015-09-14,0.0
2015-09-15,-0.00021904862237343004
2015-09-16,0.0
2015-09-17,0.0
2015-09-18,0.0
2015-09-21,0.00021909661518515477
2015-09-22,0.0
2015-09-23,-0.00021904862237343004
2015-09-24,0.0
2015-09-25,0.0
2015-09-28,0.00021909661518515477
2015-09-29,0.0
2015-09-30,-0.00021904862237343004
2015-10-01,0.00021909661518515477
2015-10-02,0.0
2015-10-05,-0.00021904862237343004
2015-10-06,0.0
2015-10-07,0.0
2015-10-08,0.0
2015-10-09,0.0
2015-10-12,0.0
2015-10-13,0.0
2015-10-14,0.0
2015-10-15,0.0
2015-10-16,0.0
2015-10-19,0.0
2015-10-20,-0.00021867968507616187
2015-10-21,0.00021872751634055554
2015-10-22,0.0
2015-10-23,0.0
2015-10-26,-0.00021867968507616187
2015-10-27,0.0
2015-10-28,0.0
2015-10-29,0.0
2015-10-30,0.0
2015-11-02,0.0
2015-11-03,0.00021872751634055554
2015-11-04,-0.00021867968507616187
2015-11-05,0.0
2015-11-06,0.0
2015-11-09,0.00021872751634055554
2015-11-10,-0.00021867968507616187
2015-11-11,0.00021872751634055554
2015-11-12,0.0
2015-11-13,-0.00021867968507616187
2015-11-16,0.00021872751634055554
2015-11-17,-0.00021867968507616187
2015-11-18,0.0
2015-11-19,0.00021872751634055554
2015-11-20,-0.00021867968507616187
2015-11-23,0.00021872751634055554
2015-11-24,-0.00021867968507616187
2015-11-25,0.0
2015-11-27,0.00021872751634055554
2015-11-30,0.0
2015-12-01,-0.00021867968507616187
2015-12-02,0.0
2015-12-03,0.00021872751634055554
2015-12-04,0.0
2015-12-07,0.0
2015-12-08,-0.00021867968507616187
2015-12-09,-0.00021893602699207815
2015-12-10,0.00021898397047248608
2015-12-11,0.00021872751634055554
2015-12-14,0.0
2015-12-15,-0.00021867968507616187
2015-12-16,0.00021872751634055554
2015-12-17,-0.00021867968507616187
2015-12-18,0.00021872751634055554
2015-12-21,-0.00021867968507616187
2015-12-22,0.0
2015-12-23,0.0
2015-12-24,0.00021872751634055554
2015-12-28,-0.00021867968507616187
2015-12-29,0.0
2015-12-30,0.00021872751634055554
2015-12-31,-0.00021867968507616187
2016-01-04,0.00021872751634055554
2016-01-05,0.0
2016-01-06,-0.0004375678352067647
2016-01-07,0.00021898397047248608
2016-01-08,0.0
2016-01-11,0.0
2016-01-12,0.00021872751634055554
2016-01-13,-0.00021867968507616187
2016-01-14,-0.00021893602699207815
2016-01-15,0.0
2016-01-19,0.00021898397047248608
2016-01-20,0.0
2016-01-21,0.00021872751634055554
2016-01-22,-0.0004375678352067647
2016-01-25,0.00021898397047248608
2016-01-26,-0.00021893602699207815
2016-01-27,0.00021898397047248608
2016-01-28,0.0
2016-01-29,0.00021872751634055554
2016-02-01,-0.0004375678352067647
2016-02-02,0.0
2016-02-03,0.00021898397047248608
2016-02-04,0.00021872751634055554
2016-02-05,0.0
2016-02-08,-0.00021867968507616187
2016-02-09,0.00021872751634055554
2016-02-10,-0.00021867968507616187
2016-02-11,0.00021872751634055554
2016-02-12,-0.00021867968507616187
2016-02-16,0.0
2016-02-17,0.0
2016-02-18,0.00021872751634055554
2016-02-19,0.0
2016-02-22,0.0
2016-02-23,-0.00021867968507616187
2016-02-24,0.00021872751634055554
2016-02-25,-0.00021867968507616187
2016-02-26,0.0
2016-02-29,0.00021872751634055554
2016-03-01,0.0
2016-03-02,-0.00021867968507616187
2016-03-03,0.00021872751634055554
2016-03-04,0.0
2016-03-07,0.0
2016-03-08,-0.00021867968507616187
2016-03-09,0.00021872751634055554
2016-03-10,0.0
2016-03-11,-0.00021867968507616187
2016-03-14,0.0
2016-03-15,0.0
2016-03-16,0.00021872751634055554
2016-03-17,-0.00021867968507616187
2016-03-18,0.0
2016-03-21,0.00021872751634055554
2016-03-22,0.0
2016-03-23,-0.00021867968507616187
2016-03-24,0.00021872751634055554
2016-03-28,0.0
2016-03-29,0.0
2016-03-30,0.0
2016-03-31,0.0
2016-04-01,0.0
2016-04-04,0.0
2016-04-05,0.00021909661518515477
2016-04-06,0.0
2016-04-07,-0.00021904862237343004
2016-04-08,0.00021909661518515477
2016-04-11,-0.00021904862237343004
2016-04-12,0.0
2016-04-13,0.00021909661518515477
2016-04-14,0.0
2016-04-15,-0.00021904862237343004
2016-04-18,0.00021909661518515477
2016-04-19,0.0
2016-04-20,0.0
2016-04-21,-0.00021904862237343004
2016-04-22,0.00021909661518515477
2016-04-25,-0.00021904862237343004
2016-04-26,0.00021909661518515477
2016-04-27,0.0
2016-04-28,0.0
2016-04-29,0.00021915283206874747
2016-05-02,-0.00021910481462816822
2016-05-03,0.00021915283206874747
2016-05-04,-0.00021910481462816822
2016-05-05,0.0
2016-05-06,0.00021915283206874747
2016-05-09,0.0
2016-05-10,0.0
2016-05-11,-0.0004381054423937547
2016-05-12,0.0
2016-05-13,0.0
2016-05-16,0.0
2016-05-17,0.0
2016-05-18,0.00021909661518515477
2016-05-19,-0.00021904862237343004
2016-05-20,0.00021909661518515477
2016-05-23,0.00021915283206874747
2016-05-24,-0.0004381054423937547
2016-05-25,0.00021909661518515477
2016-05-26,0.0
2016-05-27,0.00021915283206874747
2016-05-31,0.0
2016-06-01,0.0
2016-06-02,-0.00021910481462816822
2016-06-03,0.00021915283206874747
2016-06-06,0.00021837550795678062
2016-06-07,0.0
2016-06-08,0.0
2016-06-09,-0.0004373848084551213
2016-06-10,0.0
2016-06-13,0.0
2016-06-14,0.0
2016-06-15,0.0
2016-06-16,0.00021915283206874747
2016-06-17,-0.00021910481462816822
2016-06-20,0.00021915283206874747
2016-06-21,0.0
2016-06-22,0.0
2016-06-23,0.0
2016-06-24,-0.00021910481462816822
2016-06-27,0.0
2016-06-28,0.0
2016-06-29,0.0
2016-06-30,0.0
2016-07-01,0.00043757619763651334
2016-07-05,0.0
2016-07-06,-0.00021832783050590443
2016-07-07,0.00021837550795678062
2016-07-08,-0.00021832783050590443
2016-07-11,0.00021837550795678062
2016-07-12,-0.0004373848084551213
2016-07-13,0.00021915283206874747
2016-07-14,0.00021837550795678062
2016-07-15,-0.00021832783050590443
2016-07-18,0.0
2016-07-19,0.00021837550795678062
2016-07-20,0.0
2016-07-21,0.0
2016-07-22,0.0
2016-07-25,-0.00021832783050590443
2016-07-26,0.0
2016-07-27,0.00021837550795678062
2016-07-28,-0.00021832783050590443
2016-07-29,0.00021837550795678062
2016-08-01,-0.00021832783050590443
2016-08-02,0.00021837550795678062
2016-08-03,-0.00021832783050590443
2016-08-04,0.0
2016-08-05,0.0
2016-08-08,0.0
2016-08-09,0.0
2016-08-10,0.0
2016-08-11,0.0
2016-08-12,0.0
2016-08-15,0.0
2016-08-16,0.0
2016-08-17,0.0
2016-08-18,0.00021837550795678062
2016-08-19,-0.00021832783050590443
2016-08-22,0.0
2016-08-23,0.0
2016-08-24,0.00021837550795678062
2016-08-25,-0.00021832783050590443
2016-08-26,0.0
2016-08-29,0.00021837550795678062
2016-08-30,0.0
2016-08-31,0.0
2016-09-01,0.0
2016-09-02,0.0002181195009096637
2016-09-06,0.0
2016-09-07,-0.00021807193516798495
2016-09-08,0.0
2016-09-09,0.0002181195009096637
2016-09-12,-0.00043635215450132936
2016-09-13,0.00021837550795678062
2016-09-14,0.0
2016-09-15,0.0
2016-09-16,0.0
2016-09-19,0.0
2016-09-20,0.0
2016-09-21,0.0
2016-09-22,0.0002181195009096637
2016-09-23,0.0
2016-09-26,0.0
2016-09-27,-0.00021807193516798495
2016-09-28,0.0
2016-09-29,0.0
2016-09-30,0.0002181195009096637
2016-10-03,-0.00021807193516798495
2016-10-04,0.0002181195009096637
2016-10-05,0.0
2016-10-06,0.0
2016-10-07,0.0
2016-10-10,0.0
2016-10-11,-0.00021807193516798495
2016-10-12,0.0002181195009096637
2016-10-13,-0.00021807193516798495
2016-10-14,0.0
2016-10-17,0.0
2016-10-18,0.0
2016-10-19,0.0002181195009096637
2016-10-20,-0.00021807193516798495
2016-10-21,0.0
2016-10-24,0.0
2016-10-25,0.0
2016-10-26,0.0002181195009096637
2016-10-27,-0.00021807193516798495
2016-10-28,0.0002181195009096637
2016-10-31,0.00021942577337119573
2016-11-01,-0.00021937763626367346
2016-11-02,0.00021942577337119573
2016-11-03,-0.00021937763626367346
2016-11-04,0.00021942577337119573
2016-11-07,-0.00021937763626367346
2016-11-08,0.00021942577337119573
2016-11-09,-0.00043740173132589266
2016-11-10,0.0
2016-11-11,-0.0004373848084551213
2016-11-14,0.00043757619763651334
2016-11-15,0.0002181195009096637
2016-11-16,0.0
2016-11-17,0.00021942577337119573
2016-11-18,-0.00021937763626367346
2016-11-21,-0.00021807193516798495
2016-11-22,0.0
2016-11-23,0.0
2016-11-25,0.0002181195009096637
2016-11-28,-0.00021807193516798495
2016-11-29,0.0
2016-11-30,0.0
2016-12-01,0.00045936342044838874
2016-12-02,-0.0002185399336011029
2016-12-05,0.0
2016-12-06,0.00021858770374350023
2016-12-07,0.0
2016-12-08,0.0
2016-12-09,0.0
2016-12-12,-0.0002185399336011029
2016-12-13,0.00021858770374350023
2016-12-14,0.0
2016-12-15,0.0
2016-12-16,-0.0002185399336011029
2016-12-19,0.00021858770374350023
2016-12-20,-0.0002185399336011029
2016-12-21,0.00021858770374350023
2016-12-22,-0.0002185399336011029
2016-12-23,0.0
2016-12-27,0.00021858770374350023
2016-12-28,-2.1552056669871256e-05
2016-12-29,0.00021885699791979185
2016-12-30,-0.0004379305072802486
2017-01-03,0.00043812237443385804
2017-01-04,0.0
2017-01-05,-0.00021880911001481707
2017-01-06,0.00021885699791979185
2017-01-09,0.0
2017-01-10,-0.00021880911001481707
2017-01-11,0.00021885699791979185
2017-01-12,0.0
2017-01-13,0.0
2017-01-17,0.0
2017-01-18,-0.00021880911001481707
2017-01-19,0.0
2017-01-20,0.00021885699791979185
2017-01-23,-0.00021880911001481707
2017-01-24,0.0
2017-01-25,0.00021885699791979185
2017-01-26,0.00021808043976334623
2017-01-27,-0.000436794293486531
2017-01-30,0.00043698516611345717
2017-01-31,-0.0002180328910545981
2017-02-01,6.5372084736115e-05
2017-02-02,0.0
2017-02-03,-0.00021879480694209086
2017-02-06,0.0004379977109816302
2017-02-07,0.0
2017-02-08,0.0
2017-02-09,0.0
2017-02-10,-0.0002190590750222876
2017-02-13,0.0
2017-02-14,0.00021910707241490357
2017-02-15,-0.0002190590750222876
2017-02-16,0.0
2017-02-17,0.00021910707241490357
2017-02-21,-0.0002190590750222876
2017-02-22,0.0
2017-02-23,0.0
2017-02-24,0.0
2017-02-27,0.0
2017-02-28,0.0004371732581016641
2017-03-01,-0.000393388042504883
2017-03-02,0.0
2017-03-03,0.0002188893494148303
2017-03-06,0.00021873738572453227
2017-03-07,-0.00043748313915914494
2017-03-08,0.0
2017-03-09,0.0
2017-03-10,0.0002188893494148303
2017-03-13,-0.00021884144735273559
2017-03-14,0.0
2017-03-15,0.0002188893494148303
2017-03-16,0.00021873738572453227
2017-03-17,0.0
2017-03-20,-0.00021868955014403557
2017-03-21,0.00021873738572453227
2017-03-22,0.0
2017-03-23,-0.00021868955014403557
2017-03-24,0.00021873738572453227
2017-03-27,0.0
2017-03-28,0.0
2017-03-29,0.0
2017-03-30,0.0
2017-03-31,-0.00021868955014403557
2017-04-03,8.741170498716144e-05
2017-04-04,0.0
2017-04-05,0.0
2017-04-06,0.0
2017-04-07,0.0
2017-04-10,0.0
2017-04-11,0.000218926372253625
2017-04-12,-0.00021887845398771422
2017-04-13,0.000218926372253625
2017-04-17,0.0
2017-04-18,0.0002188784539876032
2017-04-19,0.0
2017-04-20,0.0
2017-04-21,0.0
2017-04-24,-0.00021883055669380536
2017-04-25,0.0
2017-04-26,0.0002188784539876032
2017-04-27,-0.00021883055669380536
2017-04-28,0.00043723675918538873
2017-05-01,-6.561404205551735e-05
2017-05-02,-0.00021910912225664436
2017-05-03,0.0
2017-05-04,0.00021915714158549093
2017-05-05,-0.00021910912225664436
2017-05-08,0.00021915714158549093
2017-05-09,0.0
2017-05-10,0.0002194210969663768
2017-05-11,0.0
2017-05-12,-0.00021937296191032463
2017-05-15,0.0002194210969663768
2017-05-16,0.0
2017-05-17,0.00021781343737026226
2017-05-18,0.0
2017-05-19,-0.00021776600500811316
2017-05-22,0.00021781343737026226
2017-05-23,0.0
2017-05-24,-0.00021776600500811316
2017-05-25,0.00021781343737026226
2017-05-26,0.0002191172986130141
2017-05-30,-0.00043678759590304317
2017-05-31,0.0
2017-06-01,0.0003716864149341248
2017-06-02,-0.0002189796638732977
2017-06-05,0.00021902762646930363
2017-06-06,-0.0002189796638732977
2017-06-07,0.000437743396990653
2017-06-08,-0.00021862007102868564
2017-06-09,0.00021866787621527273
2017-06-12,-0.00021862007102868564
2017-06-13,0.00021866787621527273
2017-06-14,-0.00021862007102868564
2017-06-15,0.0
2017-06-16,0.0004372318227572336
2017-06-19,-0.00021846842519412935
2017-06-20,0.0
2017-06-21,0.00021851616407642105
2017-06-22,0.00021898784645379976
2017-06-23,-0.0002189399012761939
2017-06-26,-0.00021846842519412935
2017-06-27,0.0
2017-06-28,0.00043755186291427606
2017-06-29,-0.0002189399012761939
2017-06-30,0.00021898784645379976
2017-07-03,0.00010915836679625812
2017-07-05,-0.000217981354581398
2017-07-06,0.0002180288808122377
2017-07-07,0.0
2017-07-10,0.0
2017-07-11,0.0
2017-07-12,-0.000217981354581398
2017-07-13,0.0
2017-07-14,0.0004369926142249181
2017-07-17,-0.00021886808967397364
2017-07-18,0.0
2017-07-19,0.0
2017-07-20,0.0
2017-07-21,0.0
2017-07-24,0.0
2017-07-25,0.0
2017-07-26,0.00021891600340140371
2017-07-27,0.00021876426359290768
2017-07-28,-0.00021871641625725857
2017-07-31,0.0
2017-08-01,0.00026268324021860856
2017-08-02,0.0002187068129786418
2017-08-03,0.0
2017-08-04,0.0
2017-08-07,0.0
2017-08-08,0.0
2017-08-09,0.0
2017-08-10,0.0
2017-08-11,0.00021845143581078474
2017-08-14,-0.000218403725203431
2017-08-15,0.00021845143581078474
2017-08-16,-0.000218403725203431
2017-08-17,0.00021845143581078474
2017-08-18,-0.000218403725203431
2017-08-21,0.00021845143581078474
2017-08-22,0.000219130007535151
2017-08-23,0.0
2017-08-24,0.0
2017-08-25,-0.00021908200009479462
2017-08-28,0.000219130007535151
2017-08-29,0.0
2017-08-30,0.0
2017-08-31,0.00021856334104319863
2017-09-01,6.554430284300139e-05
2017-09-05,-0.0004374173291825656
2017-09-06,0.00043760874683185236
2017-09-07,0.0
2017-09-08,-0.00021881236652976366
2017-09-11,0.0
2017-09-12,0.00043740933713665164
2017-09-13,0.0
2017-09-14,-0.00021845352766358683
2017-09-15,0.0
2017-09-18,0.0
2017-09-19,0.00043731362792365225
2017-09-20,0.0
2017-09-21,0.0
2017-09-22,0.0
2017-09-25,0.0
2017-09-26,0.0
2017-09-27,0.0
2017-09-28,-0.00021871672008677567
2017-09-29,0.00043763281371567153
2017-10-02,4.3837408786329135e-05
2017-10-03,0.0
2017-10-04,-0.0002188665442014459
2017-10-05,0.00021891445725219505
2017-10-06,-0.0002188665442014459
2017-10-09,0.0
2017-10-10,0.0
2017-10-11,0.0
2017-10-12,0.0004373106520971781
2017-10-13,0.0
2017-10-16,-0.00021830072961037672
2017-10-17,0.00021834839522449911
2017-10-18,0.0
2017-10-19,0.0
2017-10-20,0.00021881876547524826
2017-10-23,-0.00021877089429822583
2017-10-24,0.00043774113975336704
2017-10-25,0.0
2017-10-26,0.0
2017-10-27,0.0
2017-10-30,-0.00021882658487937245
2017-10-31,0.00021887448043456104
2017-11-01,0.00010925794859417692
2017-11-02,-0.0002188026775902241
2017-11-03,0.0
2017-11-06,0.00021885056267945124
2017-11-07,0.0
2017-11-08,0.0
2017-11-09,-0.0002188026775902241
2017-11-10,0.00021885056267945124
2017-11-13,0.0
2017-11-14,0.0
2017-11-15,0.0
2017-11-16,0.00021849202655488398
2017-11-17,-0.00021844429821749056
2017-11-20,0.00021849202655488398
2017-11-21,0.00021885840957036606
2017-11-22,0.0
2017-11-24,-0.0002188105210476632
2017-11-27,0.0
2017-11-28,0.00043771682049742466
2017-11-29,-0.00021876265483333768
2017-11-30,0.0
2017-12-01,6.582946598654438e-05
2017-12-04,0.00010898406542025896
2017-12-05,0.00010948962499468529
2017-12-06,-0.00010947763832913626
2017-12-07,0.00010948962499468529
2017-12-08,0.00010906373391694757
2017-12-11,-0.00010905184031606563
2017-12-12,0.00010906373391694757
2017-12-13,-0.00010905184031606563
2017-12-14,0.00010906373391694757
2017-12-15,0.00010956916440973963
2017-12-18,0.00010955716032334806
2017-12-19,2.1619394565020045e-05
2017-12-20,0.0
2017-12-21,0.0
2017-12-22,0.00021898214132165528
2017-12-26,-0.0001094153906872064
2017-12-27,0.00021916501320329296
2017-12-28,0.0
2017-12-29,-0.00021911699042509447
2018-01-02,0.00010942736372498985
2018-01-03,0.00021883078272977308
2018-01-04,0.00010949484711164637
2018-01-05,0.0
2018-01-08,0.00010917270933719081
2018-01-09,0.0
2018-01-10,0.0
2018-01-11,-0.00010916079195777417
2018-01-12,0.0003279316612991856
2018-01-16,-0.0002186872374928539
2018-01-17,0.00021873507206149334
2018-01-18,0.0
2018-01-19,0.00010965366703730162
2018-01-22,0.00010860826479408558
2018-01-23,0.0
2018-01-24,0.00010942308397976497
2018-01-25,0.0
2018-01-26,0.00021840896147051758
2018-01-29,-0.00021836126941232603
2018-01-30,0.00010961774302198357
2018-01-31,0.00010877929430774813
2018-02-01,-4.3176447697579334e-05
2018-02-02,0.00010928864641313041
2018-02-05,-0.00010927670371019271
2018-02-06,0.00010928864641313041
2018-02-07,0.00010896684515948607
2018-02-08,-0.00010895497267993104
2018-02-09,0.00021865669360421336
2018-02-12,0.0
2018-02-13,0.0
2018-02-14,0.0
2018-02-15,0.00010945934205963681
2018-02-16,0.00010934410972107678
2018-02-20,0.0
2018-02-21,-0.00010933215489394854
2018-02-22,0.00010934410972107678
2018-02-23,0.00021835458810004482
2018-02-26,-0.00021830691978241834
2018-02-27,0.00021835458810004482
2018-02-28,0.00010930828692812256
2018-03-01,9.845959268406368e-05
2018-03-02,0.00010918238268553537
2018-03-05,0.0
2018-03-06,0.0
2018-03-07,0.0
2018-03-08,-0.00010917046319414148
2018-03-09,0.00021888075053677625
2018-03-12,0.00010936483889367743
2018-03-13,0.0
2018-03-14,0.0
2018-03-15,-0.00010935287953361961
2018-03-16,0.00021872967778735486
2018-03-19,0.0
2018-03-20,-0.00010934092278891416
2018-03-21,0.00021849943273166694
2018-03-22,0.00010943213184289036
2018-03-23,0.00010911076972353051
2018-03-26,-0.00010909886586218942
2018-03-27,0.00021832466879323498
2018-03-28,0.00010929316702124048
2018-03-29,0.00021897482893074027
2018-04-02,-5.504094135488913e-05
2018-04-03,-0.0001090571553459263
2018-04-04,0.0002181381002124283
2018-04-05,0.0001097667351934728
2018-04-06,0.0
2018-04-09,0.00010944551942460023
2018-04-10,-0.00010943354241366166
2018-04-11,0.0002186849266121449
2018-04-12,0.0
2018-04-13,0.0
2018-04-16,0.0002185340803844138
2018-04-17,0.0
2018-04-18,-0.00010939768344975231
2018-04-19,0.00021861326053373986
2018-04-20,0.0
2018-04-23,0.0
2018-04-24,0.00010917973978274986
2018-04-25,0.00010937379803621639
2018-04-26,0.00010956779135939954
2018-04-27,0.00010934985549471143
2018-04-30,-0.00010933789941125482
2018-05-01,7.609184773360589e-05
2018-05-02,0.00010913562043457503
2018-05-03,0.0
2018-05-04,0.000219379834922373
2018-05-07,0.0
2018-05-08,0.00010951147307203257
2018-05-09,0.0
2018-05-10,0.0
2018-05-11,0.0
2018-05-14,0.0
2018-05-15,0.00021796983204369624
2018-05-16,0.00010937272854705249
2018-05-17,0.0
2018-05-18,0.00010946364690256338
2018-05-21,0.0
2018-05-22,0.0
2018-05-23,0.00010934879774326944
2018-05-24,0.00021857082550114093
2018-05-25,0.00010910728035629091
2018-05-29,0.0
2018-05-30,-0.0001090953772564518
2018-05-31,0.0002183173951693096
2018-06-01,6.497714515019126e-05
2018-06-04,0.00010979601403637851
2018-06-05,0.0
2018-06-06,-0.00010978396019512005
2018-06-07,0.00010979601403637851
2018-06-08,0.00021884836477226166
2018-06-11,0.00010945162609932169
2018-06-12,0.0
2018-06-13,-0.00010943964775178561
2018-06-14,0.0003279437907373062
2018-06-15,0.0
2018-06-18,-0.00010951848039963963
2018-06-19,0.00021895820425466006
2018-06-20,-0.00010940377338997109
2018-06-21,0.00010941574388523279
2018-06-22,0.0001091983201477742
2018-06-25,0.00021857822516291314
2018-06-26,-0.00010936792253990468
2018-06-27,0.00021865706484414105
2018-06-28,0.0
2018-06-29,0.00021850658399125145
2018-07-02,-0.00014238835660074223
2018-07-03,0.0002186953062279784
2018-07-05,0.0
2018-07-06,0.0002184421874393827
2018-07-09,0.0
2018-07-10,0.00010940249855306838
2018-07-11,0.0
2018-07-12,0.0
2018-07-13,0.00010928791177855501
2018-07-16,0.00010968639705466465
2018-07-17,0.0
2018-07-18,0.00010885360434764735
2018-07-19,0.00010955984591909385
2018-07-20,0.00010893240476650412
2018-07-23,-0.00010892053979005833
2018-07-24,0.0002183776756801148
2018-07-25,-0.0001094213757280027
2018-07-26,0.00010943335007573829
2018-07-27,0.00021884275011174736
2018-07-30,-0.00010960248980496079
2018-07-31,0.00021871631216519027
2018-08-01,5.4744009494456236e-05
2018-08-02,0.00010907198017284792
2018-08-03,0.0
2018-08-06,0.00010936758388857548
2018-08-07,0.00010925313632781375
2018-08-08,-0.00010924120138400273
2018-08-09,0.00010925313632781375
2018-08-10,0.00021868735692009977
2018-08-13,0.00010962713830653392
2018-08-14,-0.00021912779757427003
2018-08-15,0.00021917582509023426
2018-08-16,0.0
2018-08-17,0.00010848823628695214
2018-08-20,0.0
2018-08-21,0.00010980809550820148
2018-08-22,0.0
2018-08-23,0.0003274421077807954
2018-08-24,0.0
2018-08-27,0.00010945293425845826
2018-08-28,0.0
2018-08-29,-0.00010944095562459566
2018-08-30,0.0004369926339111707
2018-08-31,-0.00010950746852733673
2018-09-04,8.77179243603532e-05
2018-09-05,-0.00010910047415624291
2018-09-06,0.00021863418299838955
2018-09-07,0.0002186887270678728
2018-09-10,0.0
2018-09-11,0.00010916698882446063
2018-09-12,0.0
2018-09-13,0.0
2018-09-14,0.0001094619756474291
2018-09-17,0.0002181839602148905
2018-09-18,0.0
2018-09-19,0.0
2018-09-20,0.0002183409013076787
2018-09-21,0.0
2018-09-24,0.00010929998787800876
2018-09-25,0.0
2018-09-26,0.0
2018-09-27,0.00021867831802868665
2018-09-28,0.0
2018-10-01,6.592644963854255e-05
2018-10-02,0.00010915474118688984
2018-10-03,0.0
2018-10-04,0.00021889881650993814
2018-10-05,0.00010922111174971327
2018-10-08,0.0
2018-10-09,-0.00010920918380119549
2018-10-10,0.00021823788210562078
2018-10-11,0.00010940158025296576
2018-10-12,0.0
2018-10-15,0.00010918533571802058
2018-10-16,0.00010937766908014623
2018-10-17,0.0
2018-10-18,0.0
2018-10-19,0.00010946782383203235
2018-10-22,0.00021850326492978134
2018-10-23,0.0
2018-10-24,0.00010902360097775343
2018-10-25,0.00010952207231174071
2018-10-26,0.00010910183803791718
2018-10-29,0.0
2018-10-30,0.0
2018-10-31,0.00010908993746272522
2018-11-01,0.00021917644888214127
2018-11-02,0.0
2018-11-05,0.00010936018154938942
2018-11-06,0.0
2018-11-07,0.00010883820181128989
2018-11-08,0.00010903034450548965
2018-11-09,0.00021864880578648105
2018-11-12,-0.00010909658613922346
2018-11-13,0.00010910848950285157
2018-11-14,-0.00010909658613922346
2018-11-15,0.00032803926019941976
2018-11-16,0.00010968433113989207
2018-11-19,-0.00010967230180669585
2018-11-20,0.000218451228960026
2018-11-21,0.00021840351844315542
2018-11-23,0.0
2018-11-26,0.00010922886004638421
2018-11-27,0.0
2018-11-28,0.0001091150502026128
2018-11-29,0.00010961249618635094
2018-11-30,0.00010909118631508008
2018-12-03,-3.2998775614467846e-05
2018-12-04,0.00010989769839198082
2018-12-06,0.00021834548134092024
2018-12-07,0.00010874163549434712
2018-12-10,0.00010964607516106284
2018-12-11,-0.00010963405421737793
2018-12-12,0.0002186813095739204
2018-12-13,0.00010931674858971618
2018-12-14,0.0001094065733744376
2018-12-17,0.0001093946062193929
2018-12-18,0.0
2018-12-19,-0.00010958614307932102
2018-12-20,0.000219298068219409
2018-12-21,0.00021874128475896093
2018-12-24,0.00010914328782529736
2018-12-26,-0.00010913137686796581
2018-12-27,0.00032865047894437005
2018-12-28,0.0001088023773379021
2018-12-31,0.00010909555976001961
2019-01-02,-0.00010908365921713514
2019-01-03,0.0003279983936030906
2019-01-04,0.00010926306993086499
2019-01-07,0.0
2019-01-08,0.0
2019-01-09,0.0
2019-01-10,0.00010914950245188848
2019-01-11,0.00021807194439427136
2019-01-14,-0.00010870741233715009
2019-01-15,0.00021875935065374108
2019-01-16,0.00010889862332552624
2019-01-17,0.00021848454358330827
2019-01-18,0.0
2019-01-22,0.00010957383901777362
2019-01-23,0.0
2019-01-24,0.0003273654800104442
2019-01-25,-0.00010901844519251025
2019-01-28,0.00010903033150966301
2019-01-29,0.0
2019-01-30,0.0002186459297484067
2019-01-31,0.0
2019-02-01,9.823723024404707e-05
2019-02-04,0.00010928833089507428
2019-02-05,0.0
2019-02-06,0.00021895863155174666
2019-02-07,0.0
2019-02-08,0.00021830204988915192
2019-02-11,-0.0001091272022525347
2019-02-12,0.00021848108554634038
2019-02-13,0.0
2019-02-14,0.0002186361786262747
2019-02-15,0.0
2019-02-19,0.000218791159600773
2019-02-20,0.0
2019-02-21,0.000108662103756485
2019-02-22,0.0002192262987827931
2019-02-25,-0.0001096397899469359
2019-02-26,0.00010965181214861452
2019-02-27,0.00010862648247633722
2019-02-28,0.00021864784446501417
2019-03-01,0.00010919872642523032
2019-03-04,-0.00010888294376898422
2019-03-05,0.00010889480055542577
2019-03-06,0.00010928808989763006
2019-03-07,0.0002188561210243467
2019-03-08,0.00010925223679558727
2019-03-11,0.0
2019-03-12,0.00010903781756188557
2019-03-13,0.00010932962322751649
2019-03-14,0.0
2019-03-15,0.00010860913059662636
2019-03-18,0.00011011547313222181
2019-03-19,0.0
2019-03-20,0.0
2019-03-21,0.00032737530506077306
2019-03-22,0.0
2019-03-25,0.0
2019-03-26,0.00010946032642378256
2019-03-27,0.00010975180628158832
2019-03-28,0.00021776010084928465
2019-03-29,0.0
2019-04-01,0.0001753431539173178
2019-04-02,-0.00010949443124963487
2019-04-03,0.00010950642159301971
2019-04-04,0.000327977777606403
2019-04-05,0.0
2019-04-08,0.0
2019-04-09,0.00010925639165404455
2019-04-10,0.0
2019-04-11,0.00032823866054032536
2019-04-12,0.0
2019-04-15,0.00010840040593151912
2019-04-16,0.0
2019-04-17,0.00021899963172766768
2019-04-18,0.00010957683390255823
2019-04-22,0.0
2019-04-23,0.0
2019-04-24,0.0002182208229473126
2019-04-25,0.00021857704948180512
2019-04-26,-0.00010891136180712913
2019-04-29,0.00010892322478395222
2019-04-30,0.00010901229919357824
2019-05-01,4.319646198025495e-05
2019-05-02,0.00011010584952675373
2019-05-03,0.00010888279792076183
2019-05-06,0.0001095772432402331
2019-05-07,0.00010936345963918903
2019-05-08,0.0
2019-05-09,0.00010955325493822166
2019-05-10,0.000218477310580667
2019-05-13,-0.0001093156390932215
2019-05-14,0.0001093275903085722
2019-05-15,0.00010951732728625707
2019-05-16,0.00010869866616114443
2019-05-17,0.00010959425684142765
2019-05-20,0.00010917900042928252
2019-05-21,0.0
2019-05-22,0.0002183341620318746
2019-05-23,0.0002187903961210491
2019-05-24,0.0
2019-05-28,0.00010861559575792157
2019-05-29,0.0
2019-05-30,0.00032812854382102685
2019-05-31,0.0
2019-06-03,-4.3910689881410114e-05
2019-06-04,0.00021865663943421154
2019-06-05,0.0
2019-06-06,0.0003281649937729725
2019-06-07,-0.00010921822912624002
2019-06-10,0.00021856099245165517
2019-06-11,-0.00010930694316690914
2019-06-12,0.0001093188924810029
2019-06-13,0.00032812213024602244
2019-06-14,0.0001087679988180934
2019-06-17,0.0
2019-06-18,0.0
2019-06-19,0.000218417801605586
2019-06-20,0.00010953710005146
2019-06-21,0.0
2019-06-24,0.00010922338204277793
2019-06-25,0.0
2019-06-26,0.00021822177966979162
2019-06-27,0.0
2019-06-28,0.00010938870880838891
2019-07-01,-5.458784260548022e-05
2019-07-02,0.00010928217953876107
2019-07-03,0.0003281122861209518
2019-07-05,-0.00010973685426984847
2019-07-08,0.0
2019-07-09,0.0001097488977686023
2019-07-10,0.00010903341370682718
2019-07-11,0.00021894737879102344
2019-07-12,0.00010849536823420713
2019-07-15,0.0
2019-07-16,0.0001101912103673719
2019-07-17,0.0
2019-07-18,0.0003270219241098271
2019-07-19,0.0
2019-07-22,0.0
2019-07-23,-0.00010903860831379397
2019-07-24,0.00021860307121901457
2019-07-25,0.00021805332961344348
2019-07-26,-0.0001088021535780026
2019-07-29,0.00021843104274510416
2019-07-30,0.0
2019-07-31,0.00010949275005400771
2019-08-01,0.0002731499881594157
2019-08-02,0.0
2019-08-05,-0.00010965150954711511
2019-08-06,0.00010966353431918208
2019-08-07,0.00021829980368059942
2019-08-08,0.00010962757786847632
2019-08-09,-0.00010961556098010306
2019-08-12,0.00021825215927706587
2019-08-13,0.00011000476820011151
2019-08-14,-0.0001099926684821062
2019-08-15,0.0004371110165732883
2019-08-16,-0.00010895436544511305
2019-08-19,0.0
2019-08-20,0.00010896623779244052
2019-08-21,-0.00010895436544511305
2019-08-22,0.00032780091575213
2019-08-23,-0.00010913095325271183
2019-08-26,0.0001091428641175618
2019-08-27,0.00010893053026506117
2019-08-28,-0.00010891866569695541
2019-08-29,0.00021856254427099486
2019-08-30,0.00010930748703152915
2019-09-03,0.00019655165094789595
2019-09-04,-0.00010927406221339364
2019-09-05,0.00010928600433901536
2019-09-06,0.00010917390391029791
2019-09-09,0.0
2019-09-10,0.00021882471332634879
2019-09-11,-0.00010913810284329806
2019-09-12,0.00021840016823881925
2019-09-13,0.0
2019-09-16,0.0
2019-09-17,0.00010932641507599428
2019-09-18,0.0002186289256107532
2019-09-19,0.0
2019-09-20,0.00010899032100608608
2019-09-23,0.00021845724471569739
2019-09-24,0.0
2019-09-25,0.0
2019-09-26,0.0002186096333762766
2019-09-27,0.0
2019-09-30,0.00010893082684049205
2019-10-01,-3.250565893830881e-05
2019-10-02,0.0
2019-10-03,0.0003285678816635773
2019-10-04,0.0
2019-10-07,0.00010868675166886277
2019-10-08,0.0
2019-10-09,0.0
2019-10-10,0.00021864957888473313
2019-10-11,0.00010945082359126168
2019-10-14,-0.00010943884541958493
2019-10-15,0.00010945082359126168
2019-10-16,0.00010903906983816825
2019-10-17,0.00010932698028454091
2019-10-18,0.0
2019-10-21,0.00010951487400645554
2019-10-22,0.0
2019-10-23,0.0
2019-10-24,0.0002185062063233545
2019-10-25,0.0
2019-10-28,-0.00010927918071246268
2019-10-29,0.0002180827464697277
2019-10-30,0.00010916741587640999
2019-10-31,0.00010925536751926757
2019-11-01,-1.1084114339587892e-05
2019-11-04,0.00010944435909499006
2019-11-05,-0.00010943238233807051
2019-11-06,0.00010944435909499006
2019-11-07,0.00021886476467614102
2019-11-08,0.0
2019-11-11,0.0
2019-11-12,0.00010910896213212062
2019-11-13,0.0
2019-11-14,0.00010939650054764272
2019-11-15,-0.00010938453426245776
2019-11-18,0.0002185933723015676
2019-11-19,-0.00010917300725810097
2019-11-20,0.00010918492730493945
2019-11-21,0.0
2019-11-22,0.00010947238500680356
2019-11-25,0.0
2019-11-26,0.00010906127547727351
2019-11-27,0.00021849784793848137
2019-11-29,0.0
2019-12-02,7.660716444579663e-05
2019-12-03,-0.00010911695040527469
2019-12-04,0.00010912885821356966
2019-12-05,0.00021863286748891042
2019-12-06,0.0
2019-12-09,0.00010969141500516422
2019-12-10,0.0
2019-12-11,0.0
2019-12-12,0.0002184613947262548
2019-12-13,-0.0002184136797692693
2019-12-16,0.0002184613947262548
2019-12-17,-0.00010935636946995952
2019-12-18,0.00021833786827318846
2019-12-19,0.00010954380748873227
2019-12-20,5.48157370023894e-05
2019-12-23,0.0
2019-12-24,0.00010912716688071811
2019-12-26,0.00010991244781810572
2019-12-27,-0.00010990036839952921
2019-12-30,0.00010991244781810572
2019-12-31,0.0
2020-01-02,0.000327409441968074
2020-01-03,0.0
2020-01-06,-0.00010936637332781274
2020-01-07,0.0
2020-01-08,0.0002189559033631827
2020-01-09,0.00010945398477968382
2020-01-10,0.0
2020-01-13,0.0
2020-01-14,0.0
2020-01-15,0.00010934242388604964
2020-01-16,0.00021846179395934584
2020-01-17,-0.00010900793801416064
2020-01-21,0.00010901982204014615
2020-01-22,0.0
2020-01-23,0.00010940614081356159
2020-01-24,0.0
2020-01-27,0.00010909555299054574
2020-01-28,0.0
2020-01-29,0.00010938223930345714
2020-01-30,0.0
2020-01-31,0.0
2020-02-03,8.777487149469465e-05
2020-02-04,0.0
2020-02-05,0.0002181242980479059
2020-02-06,0.0001096352908920295
2020-02-07,0.0
2020-02-10,-0.00010962327231267555
2020-02-11,0.0001096352908920295
2020-02-12,0.00010952379558770708
2020-02-13,0.00010911393811663395
2020-02-14,0.0
2020-02-18,0.00010959930715470634
2020-02-19,0.0
2020-02-20,0.0
2020-02-21,0.0002183790428942345
2020-02-24,-0.00010946394775090962
2020-02-25,0.0
2020-02-26,0.0002187529976356295
2020-02-27,0.00021850633351871984
2020-02-28,-0.00010942807904268381
2020-03-02,0.00029551796831550625
2020-03-03,0.000218517330617507
2020-03-04,0.0004373365834164922
2020-03-05,0.00021847339440794755
2020-03-06,0.0
2020-03-09,0.0004368513510217831
2020-03-10,-0.00021803257427932543
2020-03-11,0.0002180801228499618
2020-03-12,0.0001088674254667854
2020-03-13,0.00021880268141649672
2020-03-16,0.00010922859638040627
2020-03-17,0.0
2020-03-18,0.0002178381469737367
2020-03-19,-0.00021779070385041788
2020-03-20,0.0003274516035509656
2020-03-23,-0.00021846099466082958
2020-03-24,0.0
2020-03-25,0.0
2020-03-26,0.0
2020-03-27,-0.00021811198372900797
2020-03-30,0.0
2020-03-31,0.00010922859638040627
2020-04-01,-8.778996407188266e-05
2020-04-02,0.00010972228816319429
2020-04-03,-0.0003280395986603457
2020-04-06,0.00010915088274265905
2020-04-07,-0.00021817872293905527
2020-04-08,0.00010906354815687358
2020-04-09,-0.0002183017654853181
2020-04-13,0.00021834943155174535
2020-04-14,0.00010915088274265905
2020-04-15,-0.00010913897012776452
2020-04-16,-0.00010905165459651478
2020-04-17,0.00021822633528212343
2020-04-20,-0.00010913897012776452
2020-04-21,0.0
2020-04-22,0.0
2020-04-23,0.00010915088274265905
2020-04-24,-0.00010913897012776452
2020-04-27,0.0
2020-04-28,0.0
2020-04-29,-0.00010905165459651478
2020-04-30,0.00021822633528212343
2020-05-01,-0.0001747215695208082
2020-05-04,0.0
2020-05-05,0.0
2020-05-06,0.00010945574635701227
2020-05-07,-0.00010944376710775305
2020-05-08,0.0
2020-05-11,0.00010945574635701227
2020-05-12,0.0
2020-05-13,0.0
2020-05-14,0.00010884842434188968
2020-05-15,-0.00021826843327465983
2020-05-18,0.0
2020-05-19,0.0
2020-05-20,0.0
2020-05-21,0.00010945574635701227
2020-05-22,-0.00010944376710775305
2020-05-26,0.00010945574635701227
2020-05-27,-0.00010944376710775305
2020-05-28,0.0
2020-05-29,0.0
2020-06-01,0.00010945574635701227
2020-06-02,0.0
2020-06-03,0.0
2020-06-04,0.0
2020-06-05,-0.00021829219144986478
2020-06-08,0.00010887219029109829
2020-06-09,0.0
2020-06-10,0.00010945574635701227
2020-06-11,-0.00021829219144986478
2020-06-12,0.00021833985333485906
2020-06-15,0.0
2020-06-16,0.0
2020-06-17,0.0
2020-06-18,-0.00010944376710775305
2020-06-19,0.0
2020-06-22,0.0
2020-06-23,0.0
2020-06-24,0.0
2020-06-25,0.00010945574635701227
2020-06-26,-0.00010944376710775305
2020-06-29,0.0
2020-06-30,0.0
2020-07-01,0.0
2020-07-02,0.00010945574635701227
2020-07-06,-0.00010944376710775305
2020-07-07,0.0
2020-07-08,0.0
2020-07-09,0.0
2020-07-10,0.00010945574635701227
2020-07-13,0.0
2020-07-14,0.0
2020-07-15,0.0
2020-07-16,-0.00010944376710775305
2020-07-17,0.00010945574635701227
2020-07-20,0.0
2020-07-21,0.0
2020-07-22,-0.00010944376710775305
2020-07-23,0.00010945574635701227
2020-07-24,-0.00010944376710775305
2020-07-27,0.0
2020-07-28,0.00010945574635701227
2020-07-29,0.0
2020-07-30,-0.00010944376710775305
2020-07-31,0.00010945574635701227
2020-08-03,-0.00010944376710775305
2020-08-04,0.00010945574635701227
2020-08-05,-0.00010944376710775305
2020-08-06,0.0
2020-08-07,0.00010945574635701227
2020-08-10,0.0
2020-08-11,-0.00010944376710775305
2020-08-12,0.0
2020-08-13,0.00010945574635701227
2020-08-14,-0.00010944376710775305
2020-08-17,0.0
2020-08-18,0.00010945574635701227
2020-08-19,0.0
2020-08-20,0.0
2020-08-21,0.0
2020-08-24,0.0
2020-08-25,-0.00010944376710775305
2020-08-26,0.0
2020-08-27,0.0
2020-08-28,0.00010945574635701227
2020-08-31,0.0
2020-09-01,0.0
2020-09-02,0.0
2020-09-03,-0.00010944376710775305
2020-09-04,0.00010945574635701227
2020-09-08,0.0
2020-09-09,-0.00010944376710775305
2020-09-10,0.0
2020-09-11,-0.00010886033842760767
2020-09-14,0.00021833985333485906
2020-09-15,-0.00021829219144986478
2020-09-16,0.00021833985333485906
2020-09-17,0.0
2020-09-18,-0.00021829219144986478
2020-09-21,0.0
2020-09-22,0.0
2020-09-23,0.0
2020-09-24,0.00010887219029109829
2020-09-25,-0.00010886033842760767
2020-09-28,0.00010887219029109829
2020-09-29,0.0
2020-09-30,-0.00010886033842760767
2020-10-01,0.0
2020-10-02,0.0
2020-10-05,0.0
2020-10-06,0.00010887219029109829
2020-10-07,-0.00010886033842760767
2020-10-08,0.0
2020-10-09,0.0
2020-10-12,0.00010887219029109829
2020-10-13,-0.00010886033842760767
2020-10-14,0.0
2020-10-15,0.0
2020-10-16,0.00010887219029109829
2020-10-19,0.0
2020-10-20,-0.00010886033842760767
2020-10-21,0.0
2020-10-22,0.00010887219029109829
2020-10-23,0.0
2020-10-26,0.0
2020-10-27,-0.00010886033842760767
2020-10-28,0.0
2020-10-29,0.00010887219029109829
2020-10-30,0.0
2020-11-02,0.0
2020-11-03,0.0
2020-11-04,-0.00010886033842760767
2020-11-05,0.00010887219029109829
2020-11-06,-0.00010886033842760767
2020-11-09,0.00010887219029109829
2020-11-10,-0.00010886033842760767
2020-11-11,0.0
2020-11-12,0.0
2020-11-13,0.00010887219029109829
2020-11-16,0.0
2020-11-17,0.0
2020-11-18,0.0
2020-11-19,0.0
2020-11-20,0.0
2020-11-23,0.0
2020-11-24,0.0
2020-11-25,-0.00010886033842760767
2020-11-27,0.00010887219029109829
2020-11-30,-0.00010886033842760767
2020-12-01,-7.661743958475853e-05
2020-12-02,0.00010927754469203244
2020-12-03,0.0
2020-12-04,0.00010926560441482103
2020-12-07,-0.0002185073334940446
2020-12-08,0.0
2020-12-09,0.0
2020-12-10,0.0
2020-12-11,0.00010927754469203244
2020-12-14,-0.00010926560441504307
2020-12-15,0.0
2020-12-16,0.00010927754469203244
2020-12-17,0.0
2020-12-18,0.0
2020-12-21,0.0
2020-12-22,0.0
2020-12-23,-0.00010926560441504307
2020-12-24,0.00010927754469203244
2020-12-28,0.0
2020-12-29,0.0
2020-12-30,-0.00010926560441504307
2020-12-31,0.00010927754469203244
2021-01-04,0.0
2021-01-05,-0.00010926560441504307
2021-01-06,0.00010927754469203244
2021-01-07,0.0
2021-01-08,-0.00010926560441504307
2021-01-11,0.00010927754469203244
2021-01-12,-0.00010926560441504307
2021-01-13,0.0
2021-01-14,0.00010927754469203244
2021-01-15,0.0
2021-01-19,0.0
2021-01-20,0.0
2021-01-21,0.0
2021-01-22,-0.00010926560441504307
2021-01-25,0.00010927754469203244
2021-01-26,-0.00010926560441504307
2021-01-27,0.0
2021-01-28,0.00010927754469203244
2021-01-29,0.0
2021-02-01,0.0
2021-02-02,-0.00010926560441504307
2021-02-03,0.0
2021-02-04,0.00010927754469203244
2021-02-05,0.0
2021-02-08,0.0
2021-02-09,0.0
2021-02-10,-0.00010926560441504307
2021-02-11,0.00010927754469203244
2021-02-12,-0.00010926560441504307
2021-02-16,0.00010927754469203244
2021-02-17,0.0
2021-02-18,-0.00010926560441504307
2021-02-19,0.00010927754469203244
2021-02-22,-0.00010926560441504307
2021-02-23,0.0
2021-02-24,-0.00010947605081856882
2021-02-25,0.00010948803713639599
2021-02-26,0.0
2021-03-01,-0.00010947605081856882
2021-03-02,0.0
2021-03-03,0.00010948803713639599
2021-03-04,0.0
2021-03-05,0.0
2021-03-08,-0.00010947605081856882
2021-03-09,0.0
2021-03-10,0.0
2021-03-11,0.00010948803713639599
2021-03-12,-0.00010947605081856882
2021-03-15,0.0
2021-03-16,0.0
2021-03-17,0.00010948803713639599
2021-03-18,-0.00010947605081856882
2021-03-19,0.0
2021-03-22,0.0
2021-03-23,0.00010948803713639599
2021-03-24,-0.00010947605081856882
2021-03-25,0.0
2021-03-26,0.0
2021-03-29,0.0
2021-03-30,0.00010948803713639599
2021-03-31,-0.00010947605081856882
2021-04-01,0.00010948803713639599
2021-04-05,-0.00010947605081856882
2021-04-06,-0.00010879318962386808
2021-04-07,0.0
2021-04-08,0.00010880502686982929
2021-04-09,-0.00010879318962386808
2021-04-12,0.0
2021-04-13,0.0
2021-04-14,0.0
2021-04-15,0.00010880502686982929
2021-04-16,0.0
2021-04-19,-0.00010879318962386808
2021-04-20,0.0
2021-04-21,0.0
2021-04-22,0.00010880502686982929
2021-04-23,0.0
2021-04-26,-0.00010879318962386808
2021-04-27,0.00010880502686982929
2021-04-28,-0.00010879318962386808
2021-04-29,0.0
2021-04-30,0.00010880502686982929
2021-05-03,0.0
2021-05-04,-0.00010879318962386808
2021-05-05,0.00010880502686982929
2021-05-06,0.0
2021-05-07,-0.00010879318962386808
2021-05-10,0.0
2021-05-11,0.0
2021-05-12,-0.00010949994868403312
2021-05-13,0.0
2021-05-14,0.0
2021-05-17,0.00010951194023589572
2021-05-18,0.0
2021-05-19,-0.00010949994868403312
2021-05-20,0.0
2021-05-21,0.00010951194023589572
2021-05-24,-0.00010949994868403312
2021-05-25,0.0
2021-05-26,0.0
2021-05-27,0.00010951194023589572
2021-05-28,0.0
2021-06-01,-0.00010949994868403312
2021-06-02,0.0
2021-06-03,0.0
2021-06-04,0.00010951194023589572
2021-06-07,-0.000218801349207709
2021-06-08,0.0
2021-06-09,0.0
2021-06-10,0.0
2021-06-11,0.00010932532105134563
2021-06-14,-0.0001093133703321536
2021-06-15,0.0
2021-06-16,0.00010932532105134563
2021-06-17,-0.0001093133703321536
2021-06-18,0.00010932532105134563
2021-06-21,-0.0001093133703321536
2021-06-22,0.0
2021-06-23,0.0
2021-06-24,0.00010932532105134563
2021-06-25,0.0
2021-06-28,-0.0001093133703321536
2021-06-29,0.0
2021-06-30,0.0
2021-07-01,0.00010932532105134563
2021-07-02,-0.0001093133703321536
2021-07-06,-0.00010972250687946161
2021-07-07,0.0
2021-07-08,0.00010973454722917886
2021-07-09,0.0
2021-07-12,0.0
2021-07-13,0.0
2021-07-14,-0.00010972250687946161
2021-07-15,0.00010973454722917886
2021-07-16,0.0
2021-07-19,-0.00010972250687946161
2021-07-20,0.0
2021-07-21,0.0
2021-07-22,0.00010973454722917886
2021-07-23,-0.00010972250687946161
2021-07-26,0.00010973454722917886
2021-07-27,-0.00010972250687946161
2021-07-28,0.0
2021-07-29,0.00010973454722917886
2021-07-30,-0.00010972250687946161
2021-08-02,0.0
2021-08-03,0.0
2021-08-04,0.0
2021-08-05,0.0
2021-08-06,0.00010973454722917886
2021-08-09,0.0
2021-08-10,-0.00010972250687946161
2021-08-11,0.0
2021-08-12,0.0
2021-08-13,0.00010973454722917886
2021-08-16,-0.00021894853147408355
2021-08-17,0.0
2021-08-18,0.0
2021-08-19,0.00021899648043177677
2021-08-20,0.0
2021-08-23,-0.00021894853147408355
2021-08-24,0.0
2021-08-25,0.0
2021-08-26,0.00010924994470951077
2021-08-27,0.0
2021-08-30,0.0
2021-08-31,-0.00010923801046291981
2021-09-01,0.0
2021-09-02,0.00021899648043177677
2021-09-03,-0.00021894853147408355
2021-09-07,0.0
2021-09-08,0.0
2021-09-09,0.0
2021-09-10,0.00010924994470951077
2021-09-13,0.0
2021-09-14,-0.00010923801046291981
2021-09-15,0.0
2021-09-16,0.00010924994470951077
2021-09-17,-0.00010923801046291981
2021-09-20,0.00010924994470951077
2021-09-21,-0.00010923801046291981
2021-09-22,0.0
2021-09-23,0.00010924994470951077
2021-09-24,-0.00010923801046291981
2021-09-27,0.0
2021-09-28,0.0
2021-09-29,0.00010924994470951077
2021-09-30,0.0
2021-10-01,0.0
2021-10-04,-0.00021807879151281018
2021-10-05,0.00010886452209324382
2021-10-06,0.0
2021-10-07,0.0
2021-10-08,0.0
2021-10-11,0.0
2021-10-12,0.0
2021-10-13,0.0
2021-10-14,-0.00010885267189919556
2021-10-15,0.00010886452209324382
2021-10-18,-0.00010885267189919556
2021-10-19,0.0
2021-10-20,0.0
2021-10-21,0.0
2021-10-22,0.0
2021-10-25,0.00010886452209324382
2021-10-26,-0.000218499888117063
2021-10-27,0.0
2021-10-28,0.0002185476407521314
2021-10-29,0.0
2021-11-01,0.0
2021-11-02,-0.000218499888117063
2021-11-03,0.0
2021-11-04,0.00010967117935845039
2021-11-05,0.0
2021-11-08,0.00010886452209324382
2021-11-09,-0.000218499888117063
2021-11-10,0.0
2021-11-11,0.00010967117935845039
2021-11-12,0.0
2021-11-15,0.0
2021-11-16,-0.00010965915290972461
2021-11-17,0.0
2021-11-18,0.00010967117935845039
2021-11-19,0.0
2021-11-22,0.0
2021-11-23,-0.00010965915290972461
2021-11-24,0.00010967117935845039
2021-11-26,-0.00010965915290972461
2021-11-29,0.00010967117935845039
2021-11-30,-0.00010965915290972461
2021-12-01,0.00010967117935845039
2021-12-02,0.0
2021-12-03,-0.00010965915290972461
2021-12-06,0.0
2021-12-07,0.0
2021-12-08,0.00010967117935845039
2021-12-09,-0.00010965915290972461
2021-12-10,0.00010967117935845039
2021-12-13,0.0
2021-12-14,0.0
2021-12-15,0.0
2021-12-16,-0.00010965915290972461
2021-12-17,0.00010967117935845039
2021-12-20,-0.00010965915290972461
2021-12-21,-0.00010957184075210957
2021-12-22,0.0
2021-12-23,0.0
2021-12-27,0.00010958384805603849
2021-12-28,-0.00010957184075210957
2021-12-29,0.0
2021-12-30,0.00010958384805603849
2021-12-31,0.0
2022-01-03,-0.00010957184075210957
2022-01-04,0.00010958384805603849
2022-01-05,0.0
2022-01-06,0.0
2022-01-07,0.0
2022-01-10,-0.00010957184075210957
2022-01-11,-0.00010898774328982341
2022-01-12,0.0001089996229126644
2022-01-13,0.00010958384805603849
2022-01-14,0.0
2022-01-18,-0.00021854764205420096
2022-01-19,0.00021859541556690232
2022-01-20,0.0
2022-01-21,-0.00010957184075210957
2022-01-24,0.00010958384805603849
2022-01-25,-0.00021854764205420096
2022-01-26,0.0001089996229126644
2022-01-27,0.00010958384805603849
2022-01-28,-0.00021854764205420096
2022-01-31,0.00021859541556690232
2022-02-01,-0.00010957184075210957
2022-02-02,0.00010958384805603849
2022-02-03,0.0
2022-02-04,-0.00021854764205420096
2022-02-07,0.0
2022-02-08,0.0001089996229126644
2022-02-09,-0.00010898774328982341
2022-02-10,0.0
2022-02-11,0.0
2022-02-14,-0.00010969515427772247
2022-02-15,0.0002187187695796844
2022-02-16,0.0
2022-02-17,-0.00010898774328982341
2022-02-18,0.0001089996229126644
2022-02-22,0.0
2022-02-23,-0.00010898774328982341
2022-02-24,0.0
2022-02-25,0.0
2022-02-28,0.0
2022-03-01,0.0002407530419943349
2022-03-02,0.0
2022-03-03,0.00010937073676697828
2022-03-04,0.0
2022-03-07,0.0
2022-03-08,0.0
2022-03-09,0.0
2022-03-10,0.0
2022-03-11,-0.00010935877611706335
2022-03-14,0.00010937073676697828
2022-03-15,-0.0002189162072246953
2022-03-16,0.00021896414202404735
2022-03-17,0.0
2022-03-18,-0.00010935877611706335
2022-03-21,0.0
2022-03-22,0.0
2022-03-23,0.00021854279942079557
2022-03-24,0.0
2022-03-25,-0.00021849504890114613
2022-03-28,0.0
2022-03-29,0.0
2022-03-30,0.00021854279942079557
2022-03-31,0.0
2022-04-01,0.0
2022-04-04,-0.00010914820909857514
2022-04-05,-0.00010935877611706335
2022-04-06,0.00010937073676697828
2022-04-07,0.0
2022-04-08,-0.00010935877611706335
2022-04-11,0.00010937073676697828
2022-04-12,0.0
2022-04-13,0.0
2022-04-14,-0.00010935877611706335
2022-04-18,0.00010937073676697828
2022-04-19,-0.00010935877611706335
2022-04-20,0.00021854279942079557
2022-04-21,0.0
2022-04-22,-0.00010914820909857514
2022-04-25,0.00010916012373063388
2022-04-26,-0.00010914820909857514
2022-04-27,0.0
2022-04-28,0.00021841957430535075
2022-04-29,-0.00021837187761275523
2022-05-02,0.00010916012373063388
2022-05-03,-0.00010914820909857514
2022-05-04,0.00021841957430535075
2022-05-05,0.0
2022-05-06,0.0
2022-05-09,-0.00010923559138331651
2022-05-10,0.0
2022-05-11,0.0
2022-05-12,0.00010924752510144131
2022-05-13,0.00010973211715392672
2022-05-16,-0.0001097200773374496
2022-05-17,0.0
2022-05-18,0.0
2022-05-19,0.00021886840338325442
2022-05-20,0.0
2022-05-23,0.0
2022-05-24,-0.00010911240497157859
2022-05-25,0.00010912431178766724
2022-05-26,0.00021852265891375566
2022-05-27,-0.00021847491719406698
2022-05-31,-0.00010911240497157859
2022-06-01,1.0922360604626036e-05
2022-06-02,0.00021834553168331716
2022-06-03,-0.00021829786731941692
2022-06-06,0.0001091231199055187
2022-06-07,-0.00010911121334955531
2022-06-08,0.0001091231199055187
2022-06-09,0.0001092104943878347
2022-06-10,-0.00021829786731941692
2022-06-13,0.0001091231199055187
2022-06-14,-0.00010911121334955531
2022-06-15,0.0001091231199055187
2022-06-16,0.00021891740177615304
2022-06-17,-0.00010968289589374791
2022-06-21,0.00021909204060710508
2022-06-22,0.00010947239872205472
2022-06-23,0.0
2022-06-24,-0.00021882159406649837
2022-06-27,0.0
2022-06-28,0.000218869487436546
2022-06-29,0.00010896422268080741
2022-06-30,0.00010944849115857025
2022-07-01,-7.659563772632882e-05
2022-07-05,0.0
2022-07-06,0.0
2022-07-07,0.0
2022-07-08,-0.00010944489519848499
2022-07-11,0.00010945687469465781
2022-07-12,-0.00010944489519848499
2022-07-13,0.0
2022-07-14,0.00010945687469465781
2022-07-15,-0.00010944489519848499
2022-07-18,0.0
2022-07-19,0.0
2022-07-20,0.0
2022-07-21,0.00032837062668544803
2022-07-22,0.00010912333475943115
2022-07-25,-0.00010911142815650532
2022-07-26,0.0
2022-07-27,0.0
2022-07-28,0.00010912333475943115
2022-07-29,0.00010960739085441595
2022-08-01,7.636962994395091e-05
2022-08-02,0.00010948783413700092
2022-08-03,-0.00010947584786358266
2022-08-04,0.00021887649573937296
2022-08-05,0.00021882859930233423
2022-08-08,0.00010943992778100764
2022-08-09,-0.0001094279519938679
2022-08-10,0.00010943992778100764
2022-08-11,0.0
2022-08-12,0.00021875678309646318
2022-08-15,-0.00010960221365163836
2022-08-16,0.00010961422761357476
2022-08-17,0.0
2022-08-18,0.0004375169772778964
2022-08-19,0.0
2022-08-22,0.00010915806478806189
2022-08-23,-0.00021868847626926868
2022-08-24,0.0003282035312004439
2022-08-25,0.00010903517367388815
2022-08-26,0.0
2022-08-29,0.0
2022-08-30,0.0001095183969468394
2022-08-31,0.0002182207163792249
2022-09-01,0.00020797717682308203
2022-09-02,0.00010936077839862612
2022-09-06,0.0
2022-09-07,0.00010934881862945112
2022-09-08,0.00021847583322176511
2022-09-09,0.0
2022-09-12,-0.00010901620428749315
2022-09-13,0.00021855086209265906
2022-09-14,0.0
2022-09-15,0.0003281997802841996
2022-09-16,0.0
2022-09-19,0.0
2022-09-20,-0.00010985844674327172
2022-09-21,0.00021934545890056611
2022-09-22,0.0004365184088501728
2022-09-23,0.0
2022-09-26,-0.00021841104397557487
2022-09-27,0.00032778698556246155
2022-09-28,0.00010909476885800906
2022-09-29,0.00021846215672960412
2022-09-30,0.0
2022-10-03,-0.0002731415339177756
2022-10-04,0.0003280570165333785
2022-10-05,0.0
2022-10-06,0.00021860002737272843
2022-10-07,0.0
2022-10-10,0.0001091279889224861
2022-10-11,0.0
2022-10-12,0.0
2022-10-13,0.00032873070849581687
2022-10-14,0.0
2022-10-17,0.0
2022-10-18,0.0
2022-10-19,0.0
2022-10-20,0.0004366170361653765
2022-10-21,0.00010913128990908127
2022-10-24,-0.00010911938157021073
2022-10-25,0.0
2022-10-26,0.00021826257852475273
2022-10-27,0.00032781567785789
2022-10-28,-0.00010936757390400675
2022-10-31,0.0
2022-11-01,8.73852753582316e-05
2022-11-02,0.00032870166004439483
2022-11-03,0.00032810071193334345
2022-11-04,0.00021859636141452476
2022-11-07,-0.00010976696384634721
2022-11-08,0.00010977901395547995
2022-11-09,0.0005463714680753462
2022-11-10,0.00010941158203103818
2022-11-11,-0.00010939961244627039
2022-11-14,0.0
2022-11-15,0.0002191186050901628
2022-11-16,0.00010909223686383918
2022-11-17,0.0003273394617475667
2022-11-18,0.0
2022-11-21,0.00010933988987127385
2022-11-22,0.00021836065806235538
2022-11-23,0.00021821460223492295
2022-11-25,0.0
2022-11-28,0.00010928022171841079
2022-11-29,0.0003272147369957068
2022-11-30,0.0
2022-12-01,0.0002186617150949921
2022-12-02,0.00010960184938046957
2022-12-05,0.00010968812505240955
2022-12-06,0.0003275541438334528
2022-12-07,0.0
2022-12-08,0.0006562691873741588
2022-12-09,-0.00010947009597961355
2022-12-12,0.00010948208099348378
2022-12-13,0.0
2022-12-14,0.0003275266734674709
2022-12-15,0.00021837776977129408
2022-12-16,0.0
2022-12-19,0.00012079296353006974
2022-12-20,0.00010929903204370817
2022-12-21,0.0001091889836908333
2022-12-22,0.0006574166006185767
2022-12-23,0.0
2022-12-27,0.0
2022-12-28,0.00032770811819582413
2022-12-29,0.00043725832953622756
2022-12-30,-0.00010911987464490291
2023-01-03,0.0001091317830914651
2023-01-04,-0.00010911987464490291
2023-01-05,0.00032788516911907983
2023-01-06,-0.00010919394398556381
2023-01-09,0.00021890144869285422
2023-01-10,-0.00010967157282149032
2023-01-11,0.0
2023-01-12,0.0007650431296253313
2023-01-13,0.00010950189774527885
2023-01-17,0.0
2023-01-18,0.00010909852327500857
2023-01-19,0.00043673783076481065
2023-01-20,0.0001091367935248666
2023-01-23,0.0
2023-01-24,0.00010922266620916332
2023-01-25,0.00010930850946633264
2023-01-26,0.0005451141600814058
2023-01-27,0.00010913930818046147
2023-01-30,0.0
2023-01-31,0.00010883430728747534
2023-02-01,6.564514838114377e-05
2023-02-02,0.0004378986376645244
2023-02-03,0.0002185117538546777
2023-02-06,0.00010923200717005699
2023-02-07,0.00010931768326516433
2023-02-08,0.0
2023-02-09,0.0003284051737437732
2023-02-10,0.00010878203725561697
2023-02-13,0.00021910123791690772
2023-02-14,0.0
2023-02-15,0.00021798040936138463
2023-02-16,0.0005462461427545584
2023-02-17,0.0001091506007540044
2023-02-21,0.0
2023-02-22,0.0003275135137619234
2023-02-23,0.00032701662880740834
2023-02-24,0.00010945681628160564
2023-02-27,0.00010925009368079053
2023-02-28,0.00010894607982603333
2023-03-01,5.432108205649655e-05
2023-03-02,0.00032814770321420994
2023-03-03,0.00021895287205975222
2023-03-06,0.00010877143364873554
2023-03-07,0.0
2023-03-08,0.00021897841475304602
2023-03-09,0.00021795788094380875
2023-03-10,0.00021868829031634895
2023-03-13,0.00021834882701243785
2023-03-14,0.00010924777493048765
2023-03-15,0.0005459848396465183
2023-03-16,0.0004363164051077728
2023-03-17,0.00021777178930038055
2023-03-20,0.0001091048592958277
2023-03-21,0.0
2023-03-22,0.00021808885431662262
2023-03-23,0.0004359855671807189
2023-03-24,0.00021794628177773667
2023-03-27,-0.00010890090913606709
2023-03-28,0.00021792252223584718
2023-03-29,0.0
2023-03-30,0.00021758415424133482
2023-03-31,-0.00021753682167602317
2023-04-03,0.00024007948660664802
2023-04-04,0.00010925066116884707
2023-04-05,0.0005467752094245881
2023-04-06,0.00010966340974438715
2023-04-10,0.00010907019349581937
2023-04-11,0.00010905829848639748
2023-04-12,0.00021857703403571627
2023-04-13,0.0005461779363142849
2023-04-14,0.0
2023-04-17,0.00021831320646903407
2023-04-18,0.00010913277937585342
2023-04-19,0.00010854043886920905
2023-04-20,0.0007638599173829252
2023-04-21,-0.00010902574630489159
2023-04-24,0.00010903763421432622
2023-04-25,-0.00010902574630489159
2023-04-26,0.000217978605056679
2023-04-27,0.00032684832868912217
2023-04-28,0.0
2023-05-01,3.304127832537418e-05
2023-05-02,-0.00021843234701857117
2023-05-03,0.00010938497993184804
2023-05-04,0.00032792580981721997
2023-05-05,0.00021838456037492904
2023-05-08,0.0001094098571998714
2023-05-09,0.00010939788672725825
2023-05-10,0.00010938592013864934
2023-05-11,0.0006555679927502389
2023-05-12,0.00021870107380528303
2023-05-15,0.00010927840177377135
2023-05-16,-0.00010926646130948736
2023-05-17,0.00021817100258703093
2023-05-18,0.0005461763984602186
2023-05-19,0.0
2023-05-22,0.00010909854902507732
2023-05-23,0.0
2023-05-24,0.0
2023-05-25,0.0006543271555117247
2023-05-26,0.00021803063229652864
2023-05-30,0.00010899155265109428
2023-05-31,0.0002180556214412821
2023-06-01,0.0005581584449776411
2023-06-02,0.00010908752996829918
2023-06-05,0.0
2023-06-06,0.0002186321958168591
2023-06-07,0.00010943645035510485
2023-06-08,0.0005469300713962788
2023-06-09,0.00010917245660002628
2023-06-12,0.0001087761709051005
2023-06-13,0.00021868165956928642
2023-06-14,0.00021824960455885112
2023-06-15,0.0004367881253388717
2023-06-16,0.00010934135042051096
2023-06-20,0.00021779490967777093
2023-06-21,0.0
2023-06-22,0.0004363586678908238
2023-06-23,0.00010916198986810066
2023-06-26,0.00010905416206674623
2023-06-27,0.0002178927339848702
2023-06-28,0.00010930616421611639
2023-06-29,0.0003269239299057425
2023-06-30,0.00032700876854874217
2023-07-03,0.0002509249674809144
2023-07-05,0.0001093869527937219
2023-07-06,0.0003284122883231433
2023-07-07,0.00010895610601546757
2023-07-10,0.0002188458018994588
2023-07-11,0.00010920753568566255
2023-07-12,0.00021810411492184656
2023-07-13,0.0004369742396488352
2023-07-14,0.00010921975453870303
2023-07-17,0.00010930345427095922
2023-07-18,0.0
2023-07-19,0.00021820054642374132
2023-07-20,0.0005455735554777963
2023-07-21,0.0
2023-07-24,0.0001087303590228128
2023-07-25,0.00010910067852010208
2023-07-26,0.00010899325121771497
2023-07-27,0.0005450978966341502
2023-07-28,0.00010901746302627302
2023-07-31,0.0001091010298017725
2023-08-01,0.00026236746738894645
2023-08-02,0.00010953759459386703
2023-08-03,0.00043724374142262157
2023-08-04,0.00021876473005510988
2023-08-07,0.0
2023-08-08,0.00021843085450590216
2023-08-09,0.00010914391468652695
2023-08-10,0.0005466131390829965
2023-08-11,0.00010916764298651849
2023-08-14,0.00010896522792536167
2023-08-15,0.00010933431311110908
2023-08-16,0.00021835903254219247
2023-08-17,0.00043652751800160594
2023-08-18,0.00010896530431403484
2023-08-21,0.00010923889863323488
2023-08-22,0.0001090366757798833
2023-08-23,0.0002181447125426672
2023-08-24,0.0003269079171150935
2023-08-25,0.00021802586142549707
2023-08-28,0.00021797833526471244
2023-08-29,-0.00010901293646314869
2023-08-30,0.00021804964440397256
2023-08-31,0.0006536261988674408
2023-09-01,0.0001639171142686635
2023-09-05,0.00021848868101859154
2023-09-06,0.0
2023-09-07,0.000546719450641886
2023-09-08,0.00010901847486932681
2023-09-11,0.0
2023-09-12,0.0003278736115535086
2023-09-13,0.00010906570227597889
2023-09-14,0.00032773040153721844
2023-09-15,0.0002181309590547631
2023-09-18,0.00010899430467459226
2023-09-19,0.00010955103058218896
2023-09-20,0.0001087809743525181
2023-09-21,0.0005453616590223032
2023-09-22,0.00010918333147569292
2023-09-25,0.0001087926728702282
2023-09-26,0.00010925421044660766
2023-09-27,0.00032706417721284353
2023-09-28,0.0003265787086785821
2023-09-29,0.00010907630258372158
2023-10-02,0.00015333339404555169
2023-10-03,0.00021847367961425057
2023-10-04,0.00010949665054682534
2023-10-05,0.0006557734159229334
2023-10-06,0.0
2023-10-09,0.00010960187992048454
2023-10-10,0.0
2023-10-11,0.00021842394706172996
2023-10-12,0.00043665804221948434
2023-10-13,0.00021837534533308833
2023-10-16,0.0001092110304070637
2023-10-17,0.00010901034202825954
2023-10-18,0.00010909283109739043
2023-10-19,0.0004367011663004572
2023-10-20,0.00021806663111068048
2023-10-23,0.00010900954482928604
2023-10-24,0.00010890337434044106
2023-10-25,0.00010908007255894248
2023-10-26,0.00043627270034174437
2023-10-27,0.00032659070157436965
2023-10-30,0.00010870243034077909
2023-10-31,0.0
2023-11-01,0.00030657534897793326
2023-11-02,0.0003281375238557427
2023-11-03,0.0001093746712328425
2023-11-06,0.00010917447649672063
2023-11-07,0.00021851333014089036
2023-11-08,0.00010923279686481102
2023-11-09,0.0005464806276709311
2023-11-10,0.00010925523538207749
2023-11-13,0.00010914928551342129
2023-11-14,0.00010923137745266764
2023-11-15,0.00021834489935357304
2023-11-16,0.0004365944729944893
2023-11-17,0.00021801410836630453
2023-11-20,0.0
2023-11-21,0.0003270907495345199
2023-11-22,0.00043626003405039526
2023-11-24,0.000109134746765438
2023-11-27,0.00010912283890185392
2023-11-28,0.00021765895209790997
2023-11-29,0.00010918098553980293
2023-11-30,0.00043555081276958063
2023-12-01,0.000208024652149863
2023-12-04,0.0
2023-12-05,0.00021847886904802216
2023-12-06,0.00010944984103633537
2023-12-07,0.0004372829692078639
2023-12-08,0.00021849909085269736
2023-12-11,0.00021845135820197648
2023-12-12,0.0
2023-12-13,0.00010943586132472483
2023-12-14,0.00043675949933241753
2023-12-15,0.00032775409052798743
2023-12-18,0.00012000306060677701
2023-12-19,0.0
2023-12-20,0.00021968306028896656
2023-12-21,0.0006575019073600252
2023-12-22,0.00010969852739184383
2023-12-26,0.0002189058409405309
2023-12-27,0.0
2023-12-28,0.0006571342498102872
2023-12-29,0.0
2024-01-02,0.00010921708153244225
2024-01-03,0.0003281754902273448
2024-01-04,0.00032825443955375455
2024-01-05,0.00010932005734165529
2024-01-08,0.0001094013741433919
2024-01-09,0.00010910963828814069
2024-01-10,0.00021866169931694657
2024-01-11,0.0005463016780546948
2024-01-12,0.00021830818226442616
2024-01-16,0.00010917684489819557
2024-01-17,0.0002182367090297621
2024-01-18,0.0004374025457685171
2024-01-19,0.00010862797569233251
2024-01-22,0.0001091746128198956
2024-01-23,0.00010916269624483554
2024-01-24,0.00010924383378685398
2024-01-25,0.0005449499509473377
2024-01-26,0.00010926539805389268
2024-01-29,0.000109160479914161
2024-01-30,0.00010849776409482814
2024-01-31,0.00010904376261278159
2024-02-01,0.0005036101358457667
2024-02-02,0.00021851140914619371
2024-02-05,0.0
2024-02-06,0.00021911386230977214
2024-02-07,0.0001090221799460167
2024-02-08,0.00043752684015507803
2024-02-09,0.00010924106094090114
2024-02-12,0.00021845825605337765
2024-02-13,0.0
2024-02-14,0.00021850332647832538
2024-02-15,0.0005458143117380576
2024-02-16,0.0002186145566129838
2024-02-20,0.00010909800344216514
2024-02-21,0.00010945682977081539
2024-02-22,0.0005453708209139929
2024-02-23,0.00010892209033497302
2024-02-26,0.0
2024-02-27,0.00021791306480056782
2024-02-28,0.0001089790904416077
2024-02-29,0.0004362391808980792
2024-03-01,0.00027327091997109143
2024-03-04,0.00010944503311649534
2024-03-05,0.0
2024-03-06,0.00021858859692480692
2024-03-07,0.0004374515897569431
2024-03-08,0.00010899152270926749
2024-03-11,0.00010934938219109291
2024-03-12,0.00032782742835979484
2024-03-13,0.0
2024-03-14,0.0004367444047883584
2024-03-15,0.00021832304844804362
2024-03-18,0.0001089530300582009
2024-03-19,0.00021862090706026294
2024-03-20,0.00010891734897899852
2024-03-21,0.0003272702201706501
2024-03-22,0.00010896212128685967
2024-03-25,0.00021817725628059392
2024-03-26,0.00010892648334603905
2024-03-27,0.0006539488325603138
2024-03-28,0.0
2024-04-01,0.00027381360475242644
2024-04-02,0.00021864080025579824
2024-04-03,0.0
2024-04-04,0.00043727813061034126
2024-04-05,0.00021877369235134836
2024-04-08,0.00010954703323839965
2024-04-09,0.00010925889506152586
2024-04-10,0.00021821781015396446
2024-04-11,0.0003279454218183542
2024-04-12,0.0001093712889703724
2024-04-15,0.00021807482473734652
2024-04-16,0.00010924352898467049
2024-04-17,0.00010932354199311156
2024-04-18,0.0005455466656847374
2024-04-19,0.00010916010392891806
2024-04-22,0.0002179288760182363
2024-04-23,0.00010912440794186296
2024-04-24,0.0
2024-04-25,0.0005452869687070372
2024-04-26,0.0
2024-04-29,0.00021819786736121394
2024-04-30,0.00010857036953249022
2024-05-01,0.00019702052044601182
2024-05-02,0.0005469063733078983
2024-05-03,0.00010921144948072836
2024-05-06,0.0
2024-05-07,0.00010929121096570071
2024-05-08,0.00021901692072034962
2024-05-09,0.0005460933790117917
2024-05-10,0.0
2024-05-13,0.0002187578445740357
2024-05-14,0.00010862230268271489
2024-05-15,0.00010934312292110171
2024-05-16,0.0004366837015832292
2024-05-17,0.00010937497204999147
2024-05-20,0.00021835995442720524
2024-05-21,0.00010869865563090109
2024-05-22,0.00021838004340013484
2024-05-23,0.0006544482855219691
2024-05-24,0.00010868345129533274
2024-05-28,-0.00010867164048644629
2024-05-29,0.00021782394013980522
2024-05-30,0.00021768511560038561
2024-05-31,0.0002180032087624184
2024-06-03,0.00016406053129025544
2024-06-04,0.0002187419370025534
2024-06-05,0.00010948401838017929
2024-06-06,0.00010919812560183928
2024-06-07,0.0004373838584361689
2024-06-10,0.00021845943927067957
2024-06-11,0.0001095707941192181
2024-06-12,0.0002182965732056008
2024-06-13,0.00010907886413913381
2024-06-14,0.0005462467656152104
2024-06-17,0.00010909856448648725
2024-06-18,0.00021799106086684006
2024-06-20,0.00021849023266140577
2024-06-21,0.0003272993835103932
2024-06-24,0.00021818890463976004
2024-06-25,0.0
2024-06-26,0.00010870647764815722
2024-06-27,0.000218117597830636
2024-06-28,0.00032692302143622065
2024-07-01,0.0003502901670966452
2024-07-02,0.00010923407259988416
2024-07-03,0.0003283030209990656
2024-07-05,0.0003279225360401927
2024-07-08,0.00021866453538144093
2024-07-09,0.0
2024-07-10,0.00021843500642182434
2024-07-11,0.00010946618100637906
2024-07-12,0.0004367267979741296
2024-07-15,0.00021854045619540408
2024-07-16,0.0
2024-07-17,0.00032742135246355275
2024-07-18,0.0001091652233569107
2024-07-19,0.0003273691897047737
2024-07-22,0.00021823517175190155
2024-07-23,0.0
2024-07-24,0.00032691859517952615
2024-07-25,0.0
2024-07-26,0.0005452906244267641
2024-07-29,0.0
2024-07-30,0.00010908929566366687
2024-07-31,0.00021788300287473028
2024-08-01,0.0002407512966386971
2024-08-02,0.0005468574612963462
2024-08-05,0.0
2024-08-06,0.00021865963109157782
2024-08-07,0.00021861182950932978
2024-08-08,0.00010919155909472344
2024-08-09,0.0002185401860792524
2024-08-12,0.00032782909072825994
2024-08-13,0.00010912000996121662
2024-08-14,0.00010937929260657064
2024-08-15,0.00010909617122178972
2024-08-16,0.0005457828572548173
2024-08-19,0.0
2024-08-20,0.00021832051478076764
2024-08-21,0.00021827286133735413
2024-08-22,0.0
2024-08-23,0.00043608930656136025
2024-08-26,0.0001090199280684434
2024-08-27,0.00021801608803873052
2024-08-28,0.0001088940648497072
2024-08-29,0.0
2024-08-30,0.000544681666992064
2024-09-03,0.0003941788476733432
2024-09-04,0.00010914055311173065
2024-09-05,0.00010939898640316414
2024-09-06,0.0005465746767354673
2024-09-09,0.0
2024-09-10,0.0003277116245863354
2024-09-11,0.0
2024-09-12,0.00010920142201342742
2024-09-13,0.0005460375056038913
2024-09-16,0.00021843975153035267
2024-09-17,0.00010883623414170707
2024-09-18,0.000218458217221551
2024-09-19,0.00021823066778559053
2024-09-20,0.00043600651502262444
2024-09-23,0.00010926863131732745
2024-09-24,0.00010889729453822383
2024-09-25,0.0002178607163072499
2024-09-26,0.0
2024-09-27,0.00032703426373603683
2024-09-30,0.00010882613064278068
2024-10-01,0.00022992854444980892
2024-10-02,0.0001090585568004343
2024-10-03,0.00021872158031555067
2024-10-04,0.00021858401969176988
2024-10-07,0.0002186259635048593
2024-10-08,0.0
2024-10-09,0.00010915455156723652
2024-10-10,0.00010905295520480252
2024-10-11,0.0005464607300156299
2024-10-14,-0.0001091607570474773
2024-10-15,0.00032742838928179197
2024-10-16,0.0
2024-10-17,0.00021836348088721813
2024-10-18,0.0003274289222550131
2024-10-21,0.00021824435034911716
2024-10-22,0.0001089640631035671
2024-10-23,0.0
2024-10-24,0.00010886266477405648
2024-10-25,0.00043629841765913113
2024-10-28,0.0
2024-10-29,0.00021787511801196757
2024-10-30,0.00010904801607791725
2024-10-31,0.00021798280221019262
2024-11-01,0.0004264806866178805
2024-11-04,0.00021855750759436354
2024-11-05,0.0
2024-11-06,0.00021842038054242785
2024-11-07,0.00010936504292757832
2024-11-08,0.000546408055511538
2024-11-11,-0.00010938265677684633
2024-11-12,0.0001093946226513598
2024-11-13,0.00021840814543860887
2024-11-14,0.0
2024-11-15,0.0003272728641829925
2024-11-18,0.00010941223680505097
2024-11-19,0.00032730846562412097
2024-11-20,0.00010891844934302064
2024-11-21,0.00010926336600003417
2024-11-22,0.0003269516234984948
2024-11-25,0.00010930487631832797
2024-11-26,0.0
2024-11-27,0.00032698733010327885
2024-11-29,0.00021780147373307024
2024-12-02,0.00027335082584767356
2024-12-03,0.0002186743427095017
2024-12-04,0.00010935779475285123
2024-12-05,0.00010943488083792197
2024-12-06,0.00043680128300738197
2024-12-09,0.00010928613566973944
2024-12-10,0.00021863737142746587
2024-12-11,0.00010907237509139023
2024-12-12,0.00021829887203006493
2024-12-13,0.0003276436518675485
2024-12-16,0.0001090898714126709
2024-12-17,0.00010916687027728855
2024-12-18,0.0
2024-12-19,0.0001423992159321763
2024-12-20,0.00043824628922384257
2024-12-23,0.0
2024-12-24,0.00021889390146156984
2024-12-26,0.0002189348148402548
2024-12-27,0.0004379513829055881
2024-12-30,0.0
2024-12-31,0.00021843603654692068
2025-01-02,0.0002187432916083143
2025-01-03,0.00010956952812568588
2025-01-06,0.00010902526030687198
2025-01-07,0.0002186476555947614
2025-01-08,0.00021868854079643008
2025-01-10,0.0003278724282846923
2025-01-13,0.00010919589822333542
2025-01-14,0.00021863382298681344
2025-01-15,0.00010916011085027044
2025-01-16,0.0
2025-01-17,0.0005459181675395719
2025-01-21,0.0
2025-01-22,0.00021844292245587482
2025-01-23,0.0
2025-01-24,0.0004364363243278824
2025-01-27,0.0001090172392284039
2025-01-28,0.0
2025-01-29,0.00010882839889281293
2025-01-30,0.0001092588994433541
2025-01-31,0.0003270332188929359
2025-02-03,0.0002843913956360744
2025-02-04,0.0
2025-02-05,0.00010935700894876277
2025-02-06,0.00021886689111583202
2025-02-07,0.00021837711967553908
2025-02-10,0.00010947396890381711
2025-02-11,0.00010919694550537429
2025-02-12,0.00010918502167656108
2025-02-13,0.00021869951563946444
2025-02-14,0.0003278009273444127
2025-02-18,0.00021813864805420025
2025-02-19,0.00010917792687004102
2025-02-20,0.00021833201786014556
2025-02-21,0.0003274265385149189
2025-02-24,0.00010910645477069103
2025-02-25,0.0
2025-02-26,0.00021827729776835447
2025-02-27,0.00010889439685479729
2025-02-28,0.00021820590178722732
2025-03-03,0.00020758092568717856
2025-03-04,0.0
2025-03-05,0.00010945307996523823
2025-03-06,0.00010926486751583475
2025-03-07,0.00043754036477960945
2025-03-10,0.00010929321707964235
2025-03-11,0.00010901709605648513
2025-03-12,0.00010944546016555812
2025-03-13,0.0002182506883812163
2025-03-14,0.0002186431675681444
2025-03-17,0.00021833136892013272
2025-03-18,0.0
2025-03-19,0.00010909786426349655
2025-03-20,0.00021834787281704848
2025-03-21,0.0003276262162372756
2025-03-24,0.0
2025-03-25,0.00010885058060616792
2025-03-26,0.00010901456351430916
2025-03-27,0.00021818117332306208
2025-03-28,0.00032728825557137853
2025-03-31,0.0
2025-04-01,0.00022965939503150068
2025-04-02,0.00010944525763800783
2025-04-03,0.00010925762521263316
2025-04-04,0.000328176157418536
2025-04-07,0.00010920984921924948
2025-04-08,0.00021865918669394802
2025-04-09,0.0
2025-04-10,0.00010943733348534046
2025-04-11,0.00043664842164559126
2025-04-14,0.0
2025-04-15,0.0002187551962702372
2025-04-16,0.00010909059661945442
2025-04-17,0.00043666552424914684
2025-04-21,0.00010920637830502677
2025-04-22,0.0
2025-04-23,0.00021838890714809267
2025-04-24,0.0
2025-04-25,0.0004362443619143619
2025-04-28,0.00010894785018566999
2025-04-29,0.0
2025-04-30,0.0001090235510246007
2025-05-01,0.0002406137018546861
2025-05-02,0.0003283569443719436
2025-05-05,0.0
2025-05-06,0.00021859941437418762
2025-05-07,0.0
2025-05-08,0.00021855164026041152
2025-05-09,0.0003279307708581314
2025-05-12,0.0
2025-05-13,0.0002186071399115086
2025-05-14,0.0
2025-05-15,0.00010901740978819241
2025-05-16,0.00043689624563736373
2025-05-19,0.0
2025-05-20,0.00021844010258131874
2025-05-21,0.00010893412625367915
2025-05-22,0.00021863065164806628
2025-05-23,0.00043646709587297217
2025-05-27,0.0
2025-05-28,0.00010876365333811755
2025-05-29,0.00010910094837623951
2025-05-30,0.00032726713882924585
2025-06-02,0.00017492158369125654
2025-06-03,0.00021867916054163494
2025-06-04,0.0
2025-06-05,0.00010935927884880847
2025-06-06,0.0003281291632830641
2025-06-09,0.00021844856429820148
2025-06-10,0.00010937473109895457
2025-06-11,0.0
2025-06-12,0.00010910134330055499
2025-06-13,0.0004368805614956006
2025-06-16,0.0
2025-06-17,0.00021843198426463317
2025-06-18,0.00021847135728747524
2025-06-20,0.00021824952574744927
2025-06-23,0.0002182019032854754
2025-06-24,0.0
2025-06-25,0.00010920767742916837
2025-06-26,0.00010902173515381364
2025-06-27,0.00043630040256070757
2025-06-30,0.00010922319402384417
2025-07-01,0.00017477280727185018
2025-07-02,0.00010953992784878963
2025-07-03,0.0005465965280826435
2025-07-07,0.0001094680952866689
2025-07-08,0.0
2025-07-09,0.00010910863335999998
2025-07-10,0.0002185409031334462
2025-07-11,0.00021840631076619488
2025-07-14,0.00010939636637119499
2025-07-15,0.00010921077395864565
2025-07-16,0.00021822409047689284
2025-07-17,0.0
2025-07-18,0.00043670009572838175
2025-07-21,0.00021816798865392784
2025-07-22,0.00010936374837955398
2025-07-23,0.00010891819739544673
2025-07-24,0.0
2025-07-25,0.0003271525523191876
2025-07-28,0.00010930412103316023
2025-07-29,0.00010903216165680796
2025-07-30,0.00010884695278035039
2025-07-31,0.00010909506192380292
2025-08-01,0.00042636873604973147
2025-08-04,0.00010938309501340449
2025-08-05,0.0
2025-08-06,0.0003281133938464187
2025-08-07,0.0
2025-08-08,0.00032791920393293594
2025-08-11,0.00010886671800247605
2025-08-12,0.0001093740483106842
2025-08-13,0.00010927556623618884
2025-08-14,0.00010917711514490946
2025-08-15,0.00043674728901721416
2025-08-18,0.0
2025-08-19,0.0002181486159877899
2025-08-20,0.00021844681827576373
2025-08-21,0.0
2025-08-22,0.00032729617246984866
2025-08-25,0.00010903422890340408
2025-08-26,0.0001090223417363756
2025-08-27,0.00010901045716105173
2025-08-28,0.00010917131472210073
2025-08-29,0.0004357739871414523
2025-09-02,0.000240667591271837
2025-09-03,0.0001093445020461381
2025-09-04,0.00021883767817909572
2025-09-05,0.00032775333157819553
2025-09-08,0.0001093590560035107
2025-09-09,0.00010900215526210566
2025-09-10,0.00010924895472275153
2025-09-11,0.00010932323668844113
2025-09-12,0.0003275028241567224
2025-09-15,0.00010918931891290562
2025-09-16,0.00010917739903670842
2025-09-17,0.00010907931997183873
2025-09-18,0.00010915357423590955
2025-09-19,0.00043656664187530225
2025-09-22,0.00010909403421743846
2025-09-23,0.0
2025-09-24,0.00021807817313512778
2025-09-25,0.0
2025-09-26,0.00032717505115553713
2025-09-29,0.0001090226801323535
2025-09-30,0.0
2025-10-01,0.00022972283038869001
2025-10-02,0.00010915779772235901
2025-10-03,0.00021880782262395648
2025-10-06,0.00021858797501317362
2025-10-07,0.0
2025-10-08,0.00021854020475253755
2025-10-09,0.0
2025-10-10,0.00043698491073307366
2025-10-13,0.00010928442450919285
2025-10-14,0.0
2025-10-15,0.0001092724838549497
2025-10-16,0.00010891695669501544
2025-10-17,0.00021841140282075067
2025-10-20,0.00021827784109018644
2025-10-21,0.0
2025-10-22,0.00021831605613908955
2025-10-23,0.00010917711844782296
2025-10-24,0.0003272381327905638
2025-10-27,0.0
2025-10-28,0.00010895790140730277
2025-10-29,0.0003271812277299002
2025-10-30,0.0
2025-10-31,0.00021807806259221962
2025-11-03,0.00014206707117470074
2025-11-04,0.0001092998116549726
2025-11-05,0.00010928786538810797
2025-11-06,0.00010944733619155933
2025-11-07,0.00032779189374121387
2025-11-10,0.00021837065211727236
2025-11-11,-0.00010903301319953318
2025-11-12,0.0001090449026939222
2025-11-13,0.0001092899635866118
2025-11-14,0.00043685516007552216
2025-11-17,0.0
2025-11-18,0.0002183750018016628
2025-11-19,0.0
2025-11-20,0.00021824174063622692
2025-11-21,0.00021836525321639044
2025-11-24,0.0
2025-11-25,0.00021814648595874786
2025-11-26,0.00010913498270825883
2025-11-28,0.00032719818238868825
2025-12-01,0.00012028679032027867
2025-12-02,0.0003279921136445374
2025-12-03,0.00010929485669719519
2025-12-04,0.00010936835672681333
2025-12-05,0.00021854192370263092
2025-12-08,0.00010924708678272665
2025-12-09,0.00021847030632105024
2025-12-10,0.0
2025-12-11,0.00010921129373575589
2025-12-12,0.000436882851614806
2025-12-15,0.0
2025-12-16,0.00010915168143355025
2025-12-17,0.00010922510081567971
2025-12-18,0.00016416104828254063
2025-12-19,0.0003290359895751216
2025-12-22,0.0
2025-12-23,0.0
2025-12-24,0.0003285013554512606
2025-12-26,0.00032856398331104764
2025-12-29,0.0
2025-12-30,0.00010942853867890179
2025-12-31,0.00010933134992940907
