strategy,decision_date,BIL,GLD,IEF,LQD,TIP,VEA,VNQ,VTI,VWO
equal_weight_monthly,2011-01-03,0.1111111111111111,0.1111111111111111,0.1111111111111111,0.1111111111111111,0.1111111111111111,0.1111111111111111,0.1111111111111111,0.1111111111111111,0.1111111111111111
equal_weight_monthly,2011-02-01,0.1111111111111111,0.1111111111111111,0.1111111111111111,0.1111111111111111,0.1111111111111111,0.1111111111111111,0.1111111111111111,0.1111111111111111,0.1111111111111111
equal_weight_monthly,2011-03-01,0.1111111111111111,0.1111111111111111,0.1111111111111111,0.1111111111111111,0.1111111111111111,0.1111111111111111,0.1111111111111111,0.1111111111111111,0.1111111111111111
equal_weight_monthly,2011-04-01,0.1111111111111111,0.1111111111111111,0.1111111111111111,0.1111111111111111,0.1111111111111111,0.1111111111111111,0.1111111111111111,0.1111111111111111,0.1111111111111111
equal_weight_monthly,2011-05-02,0.1111111111111111,0.1111111111111111,0.1111111111111111,0.1111111111111111,0.1111111111111111,0.1111111111111111,0.1111111111111111,0.1111111111111111,0.1111111111111111
equal_weight_monthly,2011-06-01,0.1111111111111111,0.1111111111111111,0.1111111111111111,0.1111111111111111,0.1111111111111111,0.1111111111111111,0.1111111111111111,0.1111111111111111,0.1111111111111111
equal_weight_monthly,2011-07-01,0.1111111111111111,0.1111111111111111,0.1111111111111111,0.1111111111111111,0.1111111111111111,0.1111111111111111,0.1111111111111111,0.1111111111111111,0.1111111111111111
equal_weight_monthly,2011-08-01,0.1111111111111111,0.1111111111111111,0.1111111111111111,0.1111111111111111,0.1111111111111111,0.1111111111111111,0.1111111111111111,0.1111111111111111,0.1111111111111111
equal_weight_monthly,2011-09-01,0.1111111111111111,0.1111111111111111,0.1111111111111111,0.1111111111111111,0.1111111111111111,0.1111111111111111,0.1111111111111111,0.1111111111111111,0.1111111111111111
equal_weight_monthly,2011-10-03,0.1111111111111111,0.1111111111111111,0.1111111111111111,0.1111111111111111,0.1111111111111111,0.1111111111111111,0.1111111111111111,0.1111111111111111,0.1111111111111111
equal_weight_monthly,2011-11-01,0.1111111111111111,0.1111111111111111,0.1111111111111111,0.1111111111111111,0.1111111111111111,0.1111111111111111,0.1111111111111111,0.1111111111111111,0.1111111111111111
equal_weight_monthly,2011-12-01,0.1111111111111111,0.1111111111111111,0.1111111111111111,0.1111111111111111,0.1111111111111111,0.1111111111111111,0.1111111111111111,0.1111111111111111,0.1111111111111111
equal_weight_monthly,2012-01-03,0.1111111111111111,0.1111111111111111,0.1111111111111111,0.1111111111111111,0.1111111111111111,0.1111111111111111,0.1111111111111111,0.1111111111111111,0.1111111111111111
equal_weight_monthly,2012-02-01,0.1111111111111111,0.1111111111111111,0.1111111111111111,0.1111111111111111,0.1111111111111111,0.1111111111111111,0.1111111111111111,0.1111111111111111,0.1111111111111111
equal_weight_monthly,2012-03-01,0.1111111111111111,0.1111111111111111,0.1111111111111111,0.1111111111111111,0.1111111111111111,0.1111111111111111,0.1111111111111111,0.1111111111111111,0.1111111111111111
equal_weight_monthly,2012-04-02,0.1111111111111111,0.1111111111111111,0.1111111111111111,0.1111111111111111,0.1111111111111111,0.1111111111111111,0.1111111111111111,0.1111111111111111,0.1111111111111111
equal_weight_monthly,2012-05-01,0.1111111111111111,0.1111111111111111,0.1111111111111111,0.1111111111111111,0.1111111111111111,0.1111111111111111,0.1111111111111111,0.1111111111111111,0.1111111111111111
equal_weight_monthly,2012-06-01,0.1111111111111111,0.1111111111111111,0.1111111111111111,0.1111111111111111,0.1111111111111111,0.1111111111111111,0.1111111111111111,0.1111111111111111,0.1111111111111111
equal_weight_monthly,2012-07-02,0.1111111111111111,0.1111111111111111,0.1111111111111111,0.1111111111111111,0.1111111111111111,0.1111111111111111,0.1111111111111111,0.1111111111111111,0.1111111111111111
equal_weight_monthly,2012-08-01,0.1111111111111111,0.1111111111111111,0.1111111111111111,0.1111111111111111,0.1111111111111111,0.1111111111111111,0.1111111111111111,0.1111111111111111,0.1111111111111111
equal_weight_monthly,2012-09-04,0.1111111111111111,0.1111111111111111,0.1111111111111111,0.1111111111111111,0.1111111111111111,0.1111111111111111,0.1111111111111111,0.1111111111111111,0.1111111111111111
equal_weight_monthly,2012-10-01,0.1111111111111111,0.1111111111111111,0.1111111111111111,0.1111111111111111,0.1111111111111111,0.1111111111111111,0.1111111111111111,0.1111111111111111,0.1111111111111111
equal_weight_monthly,2012-11-01,0.1111111111111111,0.1111111111111111,0.1111111111111111,0.1111111111111111,0.1111111111111111,0.1111111111111111,0.1111111111111111,0.1111111111111111,0.1111111111111111
equal_weight_monthly,2012-12-03,0.1111111111111111,0.1111111111111111,0.1111111111111111,0.1111111111111111,0.1111111111111111,0.1111111111111111,0.1111111111111111,0.1111111111111111,0.1111111111111111
equal_weight_monthly,2013-01-02,0.1111111111111111,0.1111111111111111,0.1111111111111111,0.1111111111111111,0.1111111111111111,0.1111111111111111,0.1111111111111111,0.1111111111111111,0.1111111111111111
equal_weight_monthly,2013-02-01,0.1111111111111111,0.1111111111111111,0.1111111111111111,0.1111111111111111,0.1111111111111111,0.1111111111111111,0.1111111111111111,0.1111111111111111,0.1111111111111111
equal_weight_monthly,2013-03-01,0.1111111111111111,0.1111111111111111,0.1111111111111111,0.1111111111111111,0.1111111111111111,0.1111111111111111,0.1111111111111111,0.1111111111111111,0.1111111111111111
equal_weight_monthly,2013-04-01,0.1111111111111111,0.1111111111111111,0.1111111111111111,0.1111111111111111,0.1111111111111111,0.1111111111111111,0.1111111111111111,0.1111111111111111,0.1111111111111111
equal_weight_monthly,2013-05-01,0.1111111111111111,0.1111111111111111,0.1111111111111111,0.1111111111111111,0.1111111111111111,0.1111111111111111,0.1111111111111111,0.1111111111111111,0.1111111111111111
equal_weight_monthly,2013-06-03,0.1111111111111111,0.1111111111111111,0.1111111111111111,0.1111111111111111,0.1111111111111111,0.1111111111111111,0.1111111111111111,0.1111111111111111,0.1111111111111111
equal_weight_monthly,2013-07-01,0.1111111111111111,0.1111111111111111,0.1111111111111111,0.1111111111111111,0.1111111111111111,0.1111111111111111,0.1111111111111111,0.1111111111111111,0.1111111111111111
equal_weight_monthly,2013-08-01,0.1111111111111111,0.1111111111111111,0.1111111111111111,0.1111111111111111,0.1111111111111111,0.1111111111111111,0.1111111111111111,0.1111111111111111,0.1111111111111111
equal_weight_monthly,2013-09-03,0.1111111111111111,0.1111111111111111,0.1111111111111111,0.1111111111111111,0.1111111111111111,0.1111111111111111,0.1111111111111111,0.1111111111111111,0.1111111111111111
equal_weight_monthly,2013-10-01,0.1111111111111111,0.1111111111111111,0.1111111111111111,0.1111111111111111,0.1111111111111111,0.1111111111111111,0.1111111111111111,0.1111111111111111,0.1111111111111111
equal_weight_monthly,2013-11-01,0.1111111111111111,0.1111111111111111,0.1111111111111111,0.1111111111111111,0.1111111111111111,0.1111111111111111,0.1111111111111111,0.1111111111111111,0.1111111111111111
equal_weight_monthly,2013-12-02,0.1111111111111111,0.1111111111111111,0.1111111111111111,0.1111111111111111,0.1111111111111111,0.1111111111111111,0.1111111111111111,0.1111111111111111,0.1111111111111111
equal_weight_monthly,2014-01-02,0.1111111111111111,0.1111111111111111,0.1111111111111111,0.1111111111111111,0.1111111111111111,0.1111111111111111,0.1111111111111111,0.1111111111111111,0.1111111111111111
equal_weight_monthly,2014-02-03,0.1111111111111111,0.1111111111111111,0.1111111111111111,0.1111111111111111,0.1111111111111111,0.1111111111111111,0.1111111111111111,0.1111111111111111,0.1111111111111111
equal_weight_monthly,2014-03-03,0.1111111111111111,0.1111111111111111,0.1111111111111111,0.1111111111111111,0.1111111111111111,0.1111111111111111,0.1111111111111111,0.1111111111111111,0.1111111111111111
equal_weight_monthly,2014-04-01,0.1111111111111111,0.1111111111111111,0.1111111111111111,0.1111111111111111,0.1111111111111111,0.1111111111111111,0.1111111111111111,0.1111111111111111,0.1111111111111111
equal_weight_monthly,2014-05-01,0.1111111111111111,0.1111111111111111,0.1111111111111111,0.1111111111111111,0.1111111111111111,0.1111111111111111,0.1111111111111111,0.1111111111111111,0.1111111111111111
equal_weight_monthly,2014-06-02,0.1111111111111111,0.1111111111111111,0.1111111111111111,0.1111111111111111,0.1111111111111111,0.1111111111111111,0.1111111111111111,0.1111111111111111,0.1111111111111111
equal_weight_monthly,2014-07-01,0.1111111111111111,0.1111111111111111,0.1111111111111111,0.1111111111111111,0.1111111111111111,0.1111111111111111,0.1111111111111111,0.1111111111111111,0.1111111111111111
equal_weight_monthly,2014-08-01,0.1111111111111111,0.1111111111111111,0.1111111111111111,0.1111111111111111,0.1111111111111111,0.1111111111111111,0.1111111111111111,0.1111111111111111,0.1111111111111111
equal_weight_monthly,2014-09-02,0.1111111111111111,0.1111111111111111,0.1111111111111111,0.1111111111111111,0.1111111111111111,0.1111111111111111,0.1111111111111111,0.1111111111111111,0.1111111111111111
equal_weight_monthly,2014-10-01,0.1111111111111111,0.1111111111111111,0.1111111111111111,0.1111111111111111,0.1111111111111111,0.1111111111111111,0.1111111111111111,0.1111111111111111,0.1111111111111111
equal_weight_monthly,2014-11-03,0.1111111111111111,0.1111111111111111,0.1111111111111111,0.1111111111111111,0.1111111111111111,0.1111111111111111,0.1111111111111111,0.1111111111111111,0.1111111111111111
equal_weight_monthly,2014-12-01,0.1111111111111111,0.1111111111111111,0.1111111111111111,0.1111111111111111,0.1111111111111111,0.1111111111111111,0.1111111111111111,0.1111111111111111,0.1111111111111111
equal_weight_monthly,2015-01-02,0.1111111111111111,0.1111111111111111,0.1111111111111111,0.1111111111111111,0.1111111111111111,0.1111111111111111,0.1111111111111111,0.1111111111111111,0.1111111111111111
equal_weight_monthly,2015-02-02,0.1111111111111111,0.1111111111111111,0.1111111111111111,0.1111111111111111,0.1111111111111111,0.1111111111111111,0.1111111111111111,0.1111111111111111,0.1111111111111111
equal_weight_monthly,2015-03-02,0.1111111111111111,0.1111111111111111,0.1111111111111111,0.1111111111111111,0.1111111111111111,0.1111111111111111,0.1111111111111111,0.1111111111111111,0.1111111111111111
equal_weight_monthly,2015-04-01,0.1111111111111111,0.1111111111111111,0.1111111111111111,0.1111111111111111,0.1111111111111111,0.1111111111111111,0.1111111111111111,0.1111111111111111,0.1111111111111111
equal_weight_monthly,2015-05-01,0.1111111111111111,0.1111111111111111,0.1111111111111111,0.1111111111111111,0.1111111111111111,0.1111111111111111,0.1111111111111111,0.1111111111111111,0.1111111111111111
equal_weight_monthly,2015-06-01,0.1111111111111111,0.1111111111111111,0.1111111111111111,0.1111111111111111,0.1111111111111111,0.1111111111111111,0.1111111111111111,0.1111111111111111,0.1111111111111111
equal_weight_monthly,2015-07-01,0.1111111111111111,0.1111111111111111,0.1111111111111111,0.1111111111111111,0.1111111111111111,0.1111111111111111,0.1111111111111111,0.1111111111111111,0.1111111111111111
equal_weight_monthly,2015-08-03,0.1111111111111111,0.1111111111111111,0.1111111111111111,0.1111111111111111,0.1111111111111111,0.1111111111111111,0.1111111111111111,0.1111111111111111,0.1111111111111111
equal_weight_monthly,2015-09-01,0.1111111111111111,0.1111111111111111,0.1111111111111111,0.1111111111111111,0.1111111111111111,0.1111111111111111,0.1111111111111111,0.1111111111111111,0.1111111111111111
equal_weight_monthly,2015-10-01,0.1111111111111111,0.1111111111111111,0.1111111111111111,0.1111111111111111,0.1111111111111111,0.1111111111111111,0.1111111111111111,0.1111111111111111,0.1111111111111111
equal_weight_monthly,2015-11-02,0.1111111111111111,0.1111111111111111,0.1111111111111111,0.1111111111111111,0.1111111111111111,0.1111111111111111,0.1111111111111111,0.1111111111111111,0.1111111111111111
equal_weight_monthly,2015-12-01,0.1111111111111111,0.1111111111111111,0.1111111111111111,0.1111111111111111,0.1111111111111111,0.1111111111111111,0.1111111111111111,0.1111111111111111,0.1111111111111111
equal_weight_monthly,2016-01-04,0.1111111111111111,0.1111111111111111,0.1111111111111111,0.1111111111111111,0.1111111111111111,0.1111111111111111,0.1111111111111111,0.1111111111111111,0.1111111111111111
equal_weight_monthly,2016-02-01,0.1111111111111111,0.1111111111111111,0.1111111111111111,0.1111111111111111,0.1111111111111111,0.1111111111111111,0.1111111111111111,0.1111111111111111,0.1111111111111111
equal_weight_monthly,2016-03-01,0.1111111111111111,0.1111111111111111,0.1111111111111111,0.1111111111111111,0.1111111111111111,0.1111111111111111,0.1111111111111111,0.1111111111111111,0.1111111111111111
equal_weight_monthly,2016-04-01,0.1111111111111111,0.1111111111111111,0.1111111111111111,0.1111111111111111,0.1111111111111111,0.1111111111111111,0.1111111111111111,0.1111111111111111,0.1111111111111111
equal_weight_monthly,2016-05-02,0.1111111111111111,0.1111111111111111,0.1111111111111111,0.1111111111111111,0.1111111111111111,0.1111111111111111,0.1111111111111111,0.1111111111111111,0.1111111111111111
equal_weight_monthly,2016-06-01,0.1111111111111111,0.1111111111111111,0.1111111111111111,0.1111111111111111,0.1111111111111111,0.1111111111111111,0.1111111111111111,0.1111111111111111,0.1111111111111111
equal_weight_monthly,2016-07-01,0.1111111111111111,0.1111111111111111,0.1111111111111111,0.1111111111111111,0.1111111111111111,0.1111111111111111,0.1111111111111111,0.1111111111111111,0.1111111111111111
equal_weight_monthly,2016-08-01,0.1111111111111111,0.1111111111111111,0.1111111111111111,0.1111111111111111,0.1111111111111111,0.1111111111111111,0.1111111111111111,0.1111111111111111,0.1111111111111111
equal_weight_monthly,2016-09-01,0.1111111111111111,0.1111111111111111,0.1111111111111111,0.1111111111111111,0.1111111111111111,0.1111111111111111,0.1111111111111111,0.1111111111111111,0.1111111111111111
equal_weight_monthly,2016-10-03,0.1111111111111111,0.1111111111111111,0.1111111111111111,0.1111111111111111,0.1111111111111111,0.1111111111111111,0.1111111111111111,0.1111111111111111,0.1111111111111111
equal_weight_monthly,2016-11-01,0.1111111111111111,0.1111111111111111,0.1111111111111111,0.1111111111111111,0.1111111111111111,0.1111111111111111,0.1111111111111111,0.1111111111111111,0.1111111111111111
equal_weight_monthly,2016-12-01,0.1111111111111111,0.1111111111111111,0.1111111111111111,0.1111111111111111,0.1111111111111111,0.1111111111111111,0.1111111111111111,0.1111111111111111,0.1111111111111111
equal_weight_monthly,2017-01-03,0.1111111111111111,0.1111111111111111,0.1111111111111111,0.1111111111111111,0.1111111111111111,0.1111111111111111,0.1111111111111111,0.1111111111111111,0.1111111111111111
equal_weight_monthly,2017-02-01,0.1111111111111111,0.1111111111111111,0.1111111111111111,0.1111111111111111,0.1111111111111111,0.1111111111111111,0.1111111111111111,0.1111111111111111,0.1111111111111111
equal_weight_monthly,2017-03-01,0.1111111111111111,0.1111111111111111,0.1111111111111111,0.1111111111111111,0.1111111111111111,0.1111111111111111,0.1111111111111111,0.1111111111111111,0.1111111111111111
equal_weight_monthly,2017-04-03,0.1111111111111111,0.1111111111111111,0.1111111111111111,0.1111111111111111,0.1111111111111111,0.1111111111111111,0.1111111111111111,0.1111111111111111,0.1111111111111111
equal_weight_monthly,2017-05-01,0.1111111111111111,0.1111111111111111,0.1111111111111111,0.1111111111111111,0.1111111111111111,0.1111111111111111,0.1111111111111111,0.1111111111111111,0.1111111111111111
equal_weight_monthly,2017-06-01,0.1111111111111111,0.1111111111111111,0.1111111111111111,0.1111111111111111,0.1111111111111111,0.1111111111111111,0.1111111111111111,0.1111111111111111,0.1111111111111111
equal_weight_monthly,2017-07-03,0.1111111111111111,0.1111111111111111,0.1111111111111111,0.1111111111111111,0.1111111111111111,0.1111111111111111,0.1111111111111111,0.1111111111111111,0.1111111111111111
equal_weight_monthly,2017-08-01,0.1111111111111111,0.1111111111111111,0.1111111111111111,0.1111111111111111,0.1111111111111111,0.1111111111111111,0.1111111111111111,0.1111111111111111,0.1111111111111111
equal_weight_monthly,2017-09-01,0.1111111111111111,0.1111111111111111,0.1111111111111111,0.1111111111111111,0.1111111111111111,0.1111111111111111,0.1111111111111111,0.1111111111111111,0.1111111111111111
equal_weight_monthly,2017-10-02,0.1111111111111111,0.1111111111111111,0.1111111111111111,0.1111111111111111,0.1111111111111111,0.1111111111111111,0.1111111111111111,0.1111111111111111,0.1111111111111111
equal_weight_monthly,2017-11-01,0.1111111111111111,0.1111111111111111,0.1111111111111111,0.1111111111111111,0.1111111111111111,0.1111111111111111,0.1111111111111111,0.1111111111111111,0.1111111111111111
equal_weight_monthly,2017-12-01,0.1111111111111111,0.1111111111111111,0.1111111111111111,0.1111111111111111,0.1111111111111111,0.1111111111111111,0.1111111111111111,0.1111111111111111,0.1111111111111111
equal_weight_monthly,2018-01-02,0.1111111111111111,0.1111111111111111,0.1111111111111111,0.1111111111111111,0.1111111111111111,0.1111111111111111,0.1111111111111111,0.1111111111111111,0.1111111111111111
equal_weight_monthly,2018-02-01,0.1111111111111111,0.1111111111111111,0.1111111111111111,0.1111111111111111,0.1111111111111111,0.1111111111111111,0.1111111111111111,0.1111111111111111,0.1111111111111111
equal_weight_monthly,2018-03-01,0.1111111111111111,0.1111111111111111,0.1111111111111111,0.1111111111111111,0.1111111111111111,0.1111111111111111,0.1111111111111111,0.1111111111111111,0.1111111111111111
equal_weight_monthly,2018-04-02,0.1111111111111111,0.1111111111111111,0.1111111111111111,0.1111111111111111,0.1111111111111111,0.1111111111111111,0.1111111111111111,0.1111111111111111,0.1111111111111111
equal_weight_monthly,2018-05-01,0.1111111111111111,0.1111111111111111,0.1111111111111111,0.1111111111111111,0.1111111111111111,0.1111111111111111,0.1111111111111111,0.1111111111111111,0.1111111111111111
equal_weight_monthly,2018-06-01,0.1111111111111111,0.1111111111111111,0.1111111111111111,0.1111111111111111,0.1111111111111111,0.1111111111111111,0.1111111111111111,0.1111111111111111,0.1111111111111111
equal_weight_monthly,2018-07-02,0.1111111111111111,0.1111111111111111,0.1111111111111111,0.1111111111111111,0.1111111111111111,0.1111111111111111,0.1111111111111111,0.1111111111111111,0.1111111111111111
equal_weight_monthly,2018-08-01,0.1111111111111111,0.1111111111111111,0.1111111111111111,0.1111111111111111,0.1111111111111111,0.1111111111111111,0.1111111111111111,0.1111111111111111,0.1111111111111111
equal_weight_monthly,2018-09-04,0.1111111111111111,0.1111111111111111,0.1111111111111111,0.1111111111111111,0.1111111111111111,0.1111111111111111,0.1111111111111111,0.1111111111111111,0.1111111111111111
equal_weight_monthly,2018-10-01,0.1111111111111111,0.1111111111111111,0.1111111111111111,0.1111111111111111,0.1111111111111111,0.1111111111111111,0.1111111111111111,0.1111111111111111,0.1111111111111111
equal_weight_monthly,2018-11-01,0.1111111111111111,0.1111111111111111,0.1111111111111111,0.1111111111111111,0.1111111111111111,0.1111111111111111,0.1111111111111111,0.1111111111111111,0.1111111111111111
equal_weight_monthly,2018-12-03,0.1111111111111111,0.1111111111111111,0.1111111111111111,0.1111111111111111,0.1111111111111111,0.1111111111111111,0.1111111111111111,0.1111111111111111,0.1111111111111111
equal_weight_monthly,2019-01-02,0.1111111111111111,0.1111111111111111,0.1111111111111111,0.1111111111111111,0.1111111111111111,0.1111111111111111,0.1111111111111111,0.1111111111111111,0.1111111111111111
equal_weight_monthly,2019-02-01,0.1111111111111111,0.1111111111111111,0.1111111111111111,0.1111111111111111,0.1111111111111111,0.1111111111111111,0.1111111111111111,0.1111111111111111,0.1111111111111111
equal_weight_monthly,2019-03-01,0.1111111111111111,0.1111111111111111,0.1111111111111111,0.1111111111111111,0.1111111111111111,0.1111111111111111,0.1111111111111111,0.1111111111111111,0.1111111111111111
equal_weight_monthly,2019-04-01,0.1111111111111111,0.1111111111111111,0.1111111111111111,0.1111111111111111,0.1111111111111111,0.1111111111111111,0.1111111111111111,0.1111111111111111,0.1111111111111111
equal_weight_monthly,2019-05-01,0.1111111111111111,0.1111111111111111,0.1111111111111111,0.1111111111111111,0.1111111111111111,0.1111111111111111,0.1111111111111111,0.1111111111111111,0.1111111111111111
equal_weight_monthly,2019-06-03,0.1111111111111111,0.1111111111111111,0.1111111111111111,0.1111111111111111,0.1111111111111111,0.1111111111111111,0.1111111111111111,0.1111111111111111,0.1111111111111111
equal_weight_monthly,2019-07-01,0.1111111111111111,0.1111111111111111,0.1111111111111111,0.1111111111111111,0.1111111111111111,0.1111111111111111,0.1111111111111111,0.1111111111111111,0.1111111111111111
equal_weight_monthly,2019-08-01,0.1111111111111111,0.1111111111111111,0.1111111111111111,0.1111111111111111,0.1111111111111111,0.1111111111111111,0.1111111111111111,0.1111111111111111,0.1111111111111111
equal_weight_monthly,2019-09-03,0.1111111111111111,0.1111111111111111,0.1111111111111111,0.1111111111111111,0.1111111111111111,0.1111111111111111,0.1111111111111111,0.1111111111111111,0.1111111111111111
equal_weight_monthly,2019-10-01,0.1111111111111111,0.1111111111111111,0.1111111111111111,0.1111111111111111,0.1111111111111111,0.1111111111111111,0.1111111111111111,0.1111111111111111,0.1111111111111111
equal_weight_monthly,2019-11-01,0.1111111111111111,0.1111111111111111,0.1111111111111111,0.1111111111111111,0.1111111111111111,0.1111111111111111,0.1111111111111111,0.1111111111111111,0.1111111111111111
equal_weight_monthly,2019-12-02,0.1111111111111111,0.1111111111111111,0.1111111111111111,0.1111111111111111,0.1111111111111111,0.1111111111111111,0.1111111111111111,0.1111111111111111,0.1111111111111111
equal_weight_monthly,2020-01-02,0.1111111111111111,0.1111111111111111,0.1111111111111111,0.1111111111111111,0.1111111111111111,0.1111111111111111,0.1111111111111111,0.1111111111111111,0.1111111111111111
equal_weight_monthly,2020-02-03,0.1111111111111111,0.1111111111111111,0.1111111111111111,0.1111111111111111,0.1111111111111111,0.1111111111111111,0.1111111111111111,0.1111111111111111,0.1111111111111111
equal_weight_monthly,2020-03-02,0.1111111111111111,0.1111111111111111,0.1111111111111111,0.1111111111111111,0.1111111111111111,0.1111111111111111,0.1111111111111111,0.1111111111111111,0.1111111111111111
equal_weight_monthly,2020-04-01,0.1111111111111111,0.1111111111111111,0.1111111111111111,0.1111111111111111,0.1111111111111111,0.1111111111111111,0.1111111111111111,0.1111111111111111,0.1111111111111111
equal_weight_monthly,2020-05-01,0.1111111111111111,0.1111111111111111,0.1111111111111111,0.1111111111111111,0.1111111111111111,0.1111111111111111,0.1111111111111111,0.1111111111111111,0.1111111111111111
equal_weight_monthly,2020-06-01,0.1111111111111111,0.1111111111111111,0.1111111111111111,0.1111111111111111,0.1111111111111111,0.1111111111111111,0.1111111111111111,0.1111111111111111,0.1111111111111111
equal_weight_monthly,2020-07-01,0.1111111111111111,0.1111111111111111,0.1111111111111111,0.1111111111111111,0.1111111111111111,0.1111111111111111,0.1111111111111111,0.1111111111111111,0.1111111111111111
equal_weight_monthly,2020-08-03,0.1111111111111111,0.1111111111111111,0.1111111111111111,0.1111111111111111,0.1111111111111111,0.1111111111111111,0.1111111111111111,0.1111111111111111,0.1111111111111111
equal_weight_monthly,2020-09-01,0.1111111111111111,0.1111111111111111,0.1111111111111111,0.1111111111111111,0.1111111111111111,0.1111111111111111,0.1111111111111111,0.1111111111111111,0.1111111111111111
equal_weight_monthly,2020-10-01,0.1111111111111111,0.1111111111111111,0.1111111111111111,0.1111111111111111,0.1111111111111111,0.1111111111111111,0.1111111111111111,0.1111111111111111,0.1111111111111111
equal_weight_monthly,2020-11-02,0.1111111111111111,0.1111111111111111,0.1111111111111111,0.1111111111111111,0.1111111111111111,0.1111111111111111,0.1111111111111111,0.1111111111111111,0.1111111111111111
equal_weight_monthly,2020-12-01,0.1111111111111111,0.1111111111111111,0.1111111111111111,0.1111111111111111,0.1111111111111111,0.1111111111111111,0.1111111111111111,0.1111111111111111,0.1111111111111111
equal_weight_monthly,2021-01-04,0.1111111111111111,0.1111111111111111,0.1111111111111111,0.1111111111111111,0.1111111111111111,0.1111111111111111,0.1111111111111111,0.1111111111111111,0.1111111111111111
equal_weight_monthly,2021-02-01,0.1111111111111111,0.1111111111111111,0.1111111111111111,0.1111111111111111,0.1111111111111111,0.1111111111111111,0.1111111111111111,0.1111111111111111,0.1111111111111111
equal_weight_monthly,2021-03-01,0.1111111111111111,0.1111111111111111,0.1111111111111111,0.1111111111111111,0.1111111111111111,0.1111111111111111,0.1111111111111111,0.1111111111111111,0.1111111111111111
equal_weight_monthly,2021-04-01,0.1111111111111111,0.1111111111111111,0.1111111111111111,0.1111111111111111,0.1111111111111111,0.1111111111111111,0.1111111111111111,0.1111111111111111,0.1111111111111111
equal_weight_monthly,2021-05-03,0.1111111111111111,0.1111111111111111,0.1111111111111111,0.1111111111111111,0.1111111111111111,0.1111111111111111,0.1111111111111111,0.1111111111111111,0.1111111111111111
equal_weight_monthly,2021-06-01,0.1111111111111111,0.1111111111111111,0.1111111111111111,0.1111111111111111,0.1111111111111111,0.1111111111111111,0.1111111111111111,0.1111111111111111,0.1111111111111111
equal_weight_monthly,2021-07-01,0.1111111111111111,0.1111111111111111,0.1111111111111111,0.1111111111111111,0.1111111111111111,0.1111111111111111,0.1111111111111111,0.1111111111111111,0.1111111111111111
equal_weight_monthly,2021-08-02,0.1111111111111111,0.1111111111111111,0.1111111111111111,0.1111111111111111,0.1111111111111111,0.1111111111111111,0.1111111111111111,0.1111111111111111,0.1111111111111111
equal_weight_monthly,2021-09-01,0.1111111111111111,0.1111111111111111,0.1111111111111111,0.1111111111111111,0.1111111111111111,0.1111111111111111,0.1111111111111111,0.1111111111111111,0.1111111111111111
equal_weight_monthly,2021-10-01,0.1111111111111111,0.1111111111111111,0.1111111111111111,0.1111111111111111,0.1111111111111111,0.1111111111111111,0.1111111111111111,0.1111111111111111,0.1111111111111111
equal_weight_monthly,2021-11-01,0.1111111111111111,0.1111111111111111,0.1111111111111111,0.1111111111111111,0.1111111111111111,0.1111111111111111,0.1111111111111111,0.1111111111111111,0.1111111111111111
equal_weight_monthly,2021-12-01,0.1111111111111111,0.1111111111111111,0.1111111111111111,0.1111111111111111,0.1111111111111111,0.1111111111111111,0.1111111111111111,0.1111111111111111,0.1111111111111111
equal_weight_monthly,2022-01-03,0.1111111111111111,0.1111111111111111,0.1111111111111111,0.1111111111111111,0.1111111111111111,0.1111111111111111,0.1111111111111111,0.1111111111111111,0.1111111111111111
equal_weight_monthly,2022-02-01,0.1111111111111111,0.1111111111111111,0.1111111111111111,0.1111111111111111,0.1111111111111111,0.1111111111111111,0.1111111111111111,0.1111111111111111,0.1111111111111111
equal_weight_monthly,2022-03-01,0.1111111111111111,0.1111111111111111,0.1111111111111111,0.1111111111111111,0.1111111111111111,0.1111111111111111,0.1111111111111111,0.1111111111111111,0.1111111111111111
equal_weight_monthly,2022-04-01,0.1111111111111111,0.1111111111111111,0.1111111111111111,0.1111111111111111,0.1111111111111111,0.1111111111111111,0.1111111111111111,0.1111111111111111,0.1111111111111111
equal_weight_monthly,2022-05-02,0.1111111111111111,0.1111111111111111,0.1111111111111111,0.1111111111111111,0.1111111111111111,0.1111111111111111,0.1111111111111111,0.1111111111111111,0.1111111111111111
equal_weight_monthly,2022-06-01,0.1111111111111111,0.1111111111111111,0.1111111111111111,0.1111111111111111,0.1111111111111111,0.1111111111111111,0.1111111111111111,0.1111111111111111,0.1111111111111111
equal_weight_monthly,2022-07-01,0.1111111111111111,0.1111111111111111,0.1111111111111111,0.1111111111111111,0.1111111111111111,0.1111111111111111,0.1111111111111111,0.1111111111111111,0.1111111111111111
equal_weight_monthly,2022-08-01,0.1111111111111111,0.1111111111111111,0.1111111111111111,0.1111111111111111,0.1111111111111111,0.1111111111111111,0.1111111111111111,0.1111111111111111,0.1111111111111111
equal_weight_monthly,2022-09-01,0.1111111111111111,0.1111111111111111,0.1111111111111111,0.1111111111111111,0.1111111111111111,0.1111111111111111,0.1111111111111111,0.1111111111111111,0.1111111111111111
equal_weight_monthly,2022-10-03,0.1111111111111111,0.1111111111111111,0.1111111111111111,0.1111111111111111,0.1111111111111111,0.1111111111111111,0.1111111111111111,0.1111111111111111,0.1111111111111111
equal_weight_monthly,2022-11-01,0.1111111111111111,0.1111111111111111,0.1111111111111111,0.1111111111111111,0.1111111111111111,0.1111111111111111,0.1111111111111111,0.1111111111111111,0.1111111111111111
equal_weight_monthly,2022-12-01,0.1111111111111111,0.1111111111111111,0.1111111111111111,0.1111111111111111,0.1111111111111111,0.1111111111111111,0.1111111111111111,0.1111111111111111,0.1111111111111111
equal_weight_monthly,2023-01-03,0.1111111111111111,0.1111111111111111,0.1111111111111111,0.1111111111111111,0.1111111111111111,0.1111111111111111,0.1111111111111111,0.1111111111111111,0.1111111111111111
equal_weight_monthly,2023-02-01,0.1111111111111111,0.1111111111111111,0.1111111111111111,0.1111111111111111,0.1111111111111111,0.1111111111111111,0.1111111111111111,0.1111111111111111,0.1111111111111111
equal_weight_monthly,2023-03-01,0.1111111111111111,0.1111111111111111,0.1111111111111111,0.1111111111111111,0.1111111111111111,0.1111111111111111,0.1111111111111111,0.1111111111111111,0.1111111111111111
equal_weight_monthly,2023-04-03,0.1111111111111111,0.1111111111111111,0.1111111111111111,0.1111111111111111,0.1111111111111111,0.1111111111111111,0.1111111111111111,0.1111111111111111,0.1111111111111111
equal_weight_monthly,2023-05-01,0.1111111111111111,0.1111111111111111,0.1111111111111111,0.1111111111111111,0.1111111111111111,0.1111111111111111,0.1111111111111111,0.1111111111111111,0.1111111111111111
equal_weight_monthly,2023-06-01,0.1111111111111111,0.1111111111111111,0.1111111111111111,0.1111111111111111,0.1111111111111111,0.1111111111111111,0.1111111111111111,0.1111111111111111,0.1111111111111111
equal_weight_monthly,2023-07-03,0.1111111111111111,0.1111111111111111,0.1111111111111111,0.1111111111111111,0.1111111111111111,0.1111111111111111,0.1111111111111111,0.1111111111111111,0.1111111111111111
equal_weight_monthly,2023-08-01,0.1111111111111111,0.1111111111111111,0.1111111111111111,0.1111111111111111,0.1111111111111111,0.1111111111111111,0.1111111111111111,0.1111111111111111,0.1111111111111111
equal_weight_monthly,2023-09-01,0.1111111111111111,0.1111111111111111,0.1111111111111111,0.1111111111111111,0.1111111111111111,0.1111111111111111,0.1111111111111111,0.1111111111111111,0.1111111111111111
equal_weight_monthly,2023-10-02,0.1111111111111111,0.1111111111111111,0.1111111111111111,0.1111111111111111,0.1111111111111111,0.1111111111111111,0.1111111111111111,0.1111111111111111,0.1111111111111111
equal_weight_monthly,2023-11-01,0.1111111111111111,0.1111111111111111,0.1111111111111111,0.1111111111111111,0.1111111111111111,0.1111111111111111,0.1111111111111111,0.1111111111111111,0.1111111111111111
equal_weight_monthly,2023-12-01,0.1111111111111111,0.1111111111111111,0.1111111111111111,0.1111111111111111,0.1111111111111111,0.1111111111111111,0.1111111111111111,0.1111111111111111,0.1111111111111111
equal_weight_monthly,2024-01-02,0.1111111111111111,0.1111111111111111,0.1111111111111111,0.1111111111111111,0.1111111111111111,0.1111111111111111,0.1111111111111111,0.1111111111111111,0.1111111111111111
equal_weight_monthly,2024-02-01,0.1111111111111111,0.1111111111111111,0.1111111111111111,0.1111111111111111,0.1111111111111111,0.1111111111111111,0.1111111111111111,0.1111111111111111,0.1111111111111111
equal_weight_monthly,2024-03-01,0.1111111111111111,0.1111111111111111,0.1111111111111111,0.1111111111111111,0.1111111111111111,0.1111111111111111,0.1111111111111111,0.1111111111111111,0.1111111111111111
equal_weight_monthly,2024-04-01,0.1111111111111111,0.1111111111111111,0.1111111111111111,0.1111111111111111,0.1111111111111111,0.1111111111111111,0.1111111111111111,0.1111111111111111,0.1111111111111111
equal_weight_monthly,2024-05-01,0.1111111111111111,0.1111111111111111,0.1111111111111111,0.1111111111111111,0.1111111111111111,0.1111111111111111,0.1111111111111111,0.1111111111111111,0.1111111111111111
equal_weight_monthly,2024-06-03,0.1111111111111111,0.1111111111111111,0.1111111111111111,0.1111111111111111,0.1111111111111111,0.1111111111111111,0.1111111111111111,0.1111111111111111,0.1111111111111111
equal_weight_monthly,2024-07-01,0.1111111111111111,0.1111111111111111,0.1111111111111111,0.1111111111111111,0.1111111111111111,0.1111111111111111,0.1111111111111111,0.1111111111111111,0.1111111111111111
equal_weight_monthly,2024-08-01,0.1111111111111111,0.1111111111111111,0.1111111111111111,0.1111111111111111,0.1111111111111111,0.1111111111111111,0.1111111111111111,0.1111111111111111,0.1111111111111111
equal_weight_monthly,2024-09-03,0.1111111111111111,0.1111111111111111,0.1111111111111111,0.1111111111111111,0.1111111111111111,0.1111111111111111,0.1111111111111111,0.1111111111111111,0.1111111111111111
equal_weight_monthly,2024-10-01,0.1111111111111111,0.1111111111111111,0.1111111111111111,0.1111111111111111,0.1111111111111111,0.1111111111111111,0.1111111111111111,0.1111111111111111,0.1111111111111111
equal_weight_monthly,2024-11-01,0.1111111111111111,0.1111111111111111,0.1111111111111111,0.1111111111111111,0.1111111111111111,0.1111111111111111,0.1111111111111111,0.1111111111111111,0.1111111111111111
equal_weight_monthly,2024-12-02,0.1111111111111111,0.1111111111111111,0.1111111111111111,0.1111111111111111,0.1111111111111111,0.1111111111111111,0.1111111111111111,0.1111111111111111,0.1111111111111111
equal_weight_monthly,2025-01-02,0.1111111111111111,0.1111111111111111,0.1111111111111111,0.1111111111111111,0.1111111111111111,0.1111111111111111,0.1111111111111111,0.1111111111111111,0.1111111111111111
equal_weight_monthly,2025-02-03,0.1111111111111111,0.1111111111111111,0.1111111111111111,0.1111111111111111,0.1111111111111111,0.1111111111111111,0.1111111111111111,0.1111111111111111,0.1111111111111111
equal_weight_monthly,2025-03-03,0.1111111111111111,0.1111111111111111,0.1111111111111111,0.1111111111111111,0.1111111111111111,0.1111111111111111,0.1111111111111111,0.1111111111111111,0.1111111111111111
equal_weight_monthly,2025-04-01,0.1111111111111111,0.1111111111111111,0.1111111111111111,0.1111111111111111,0.1111111111111111,0.1111111111111111,0.1111111111111111,0.1111111111111111,0.1111111111111111
equal_weight_monthly,2025-05-01,0.1111111111111111,0.1111111111111111,0.1111111111111111,0.1111111111111111,0.1111111111111111,0.1111111111111111,0.1111111111111111,0.1111111111111111,0.1111111111111111
equal_weight_monthly,2025-06-02,0.1111111111111111,0.1111111111111111,0.1111111111111111,0.1111111111111111,0.1111111111111111,0.1111111111111111,0.1111111111111111,0.1111111111111111,0.1111111111111111
equal_weight_monthly,2025-07-01,0.1111111111111111,0.1111111111111111,0.1111111111111111,0.1111111111111111,0.1111111111111111,0.1111111111111111,0.1111111111111111,0.1111111111111111,0.1111111111111111
equal_weight_monthly,2025-08-01,0.1111111111111111,0.1111111111111111,0.1111111111111111,0.1111111111111111,0.1111111111111111,0.1111111111111111,0.1111111111111111,0.1111111111111111,0.1111111111111111
equal_weight_monthly,2025-09-02,0.1111111111111111,0.1111111111111111,0.1111111111111111,0.1111111111111111,0.1111111111111111,0.1111111111111111,0.1111111111111111,0.1111111111111111,0.1111111111111111
equal_weight_monthly,2025-10-01,0.1111111111111111,0.1111111111111111,0.1111111111111111,0.1111111111111111,0.1111111111111111,0.1111111111111111,0.1111111111111111,0.1111111111111111,0.1111111111111111
equal_weight_monthly,2025-11-03,0.1111111111111111,0.1111111111111111,0.1111111111111111,0.1111111111111111,0.1111111111111111,0.1111111111111111,0.1111111111111111,0.1111111111111111,0.1111111111111111
equal_weight_monthly,2025-12-01,0.1111111111111111,0.1111111111111111,0.1111111111111111,0.1111111111111111,0.1111111111111111,0.1111111111111111,0.1111111111111111,0.1111111111111111,0.1111111111111111
equal_weight_quarterly,2011-01-03,0.1111111111111111,0.1111111111111111,0.1111111111111111,0.1111111111111111,0.1111111111111111,0.1111111111111111,0.1111111111111111,0.1111111111111111,0.1111111111111111
equal_weight_quarterly,2011-04-01,0.1111111111111111,0.1111111111111111,0.1111111111111111,0.1111111111111111,0.1111111111111111,0.1111111111111111,0.1111111111111111,0.1111111111111111,0.1111111111111111
equal_weight_quarterly,2011-07-01,0.1111111111111111,0.1111111111111111,0.1111111111111111,0.1111111111111111,0.1111111111111111,0.1111111111111111,0.1111111111111111,0.1111111111111111,0.1111111111111111
equal_weight_quarterly,2011-10-03,0.1111111111111111,0.1111111111111111,0.1111111111111111,0.1111111111111111,0.1111111111111111,0.1111111111111111,0.1111111111111111,0.1111111111111111,0.1111111111111111
equal_weight_quarterly,2012-01-03,0.1111111111111111,0.1111111111111111,0.1111111111111111,0.1111111111111111,0.1111111111111111,0.1111111111111111,0.1111111111111111,0.1111111111111111,0.1111111111111111
equal_weight_quarterly,2012-04-02,0.1111111111111111,0.1111111111111111,0.1111111111111111,0.1111111111111111,0.1111111111111111,0.1111111111111111,0.1111111111111111,0.1111111111111111,0.1111111111111111
equal_weight_quarterly,2012-07-02,0.1111111111111111,0.1111111111111111,0.1111111111111111,0.1111111111111111,0.1111111111111111,0.1111111111111111,0.1111111111111111,0.1111111111111111,0.1111111111111111
equal_weight_quarterly,2012-10-01,0.1111111111111111,0.1111111111111111,0.1111111111111111,0.1111111111111111,0.1111111111111111,0.1111111111111111,0.1111111111111111,0.1111111111111111,0.1111111111111111
equal_weight_quarterly,2013-01-02,0.1111111111111111,0.1111111111111111,0.1111111111111111,0.1111111111111111,0.1111111111111111,0.1111111111111111,0.1111111111111111,0.1111111111111111,0.1111111111111111
equal_weight_quarterly,2013-04-01,0.1111111111111111,0.1111111111111111,0.1111111111111111,0.1111111111111111,0.1111111111111111,0.1111111111111111,0.1111111111111111,0.1111111111111111,0.1111111111111111
equal_weight_quarterly,2013-07-01,0.1111111111111111,0.1111111111111111,0.1111111111111111,0.1111111111111111,0.1111111111111111,0.1111111111111111,0.1111111111111111,0.1111111111111111,0.1111111111111111
equal_weight_quarterly,2013-10-01,0.1111111111111111,0.1111111111111111,0.1111111111111111,0.1111111111111111,0.1111111111111111,0.1111111111111111,0.1111111111111111,0.1111111111111111,0.1111111111111111
equal_weight_quarterly,2014-01-02,0.1111111111111111,0.1111111111111111,0.1111111111111111,0.1111111111111111,0.1111111111111111,0.1111111111111111,0.1111111111111111,0.1111111111111111,0.1111111111111111
equal_weight_quarterly,2014-04-01,0.1111111111111111,0.1111111111111111,0.1111111111111111,0.1111111111111111,0.1111111111111111,0.1111111111111111,0.1111111111111111,0.1111111111111111,0.1111111111111111
equal_weight_quarterly,2014-07-01,0.1111111111111111,0.1111111111111111,0.1111111111111111,0.1111111111111111,0.1111111111111111,0.1111111111111111,0.1111111111111111,0.1111111111111111,0.1111111111111111
equal_weight_quarterly,2014-10-01,0.1111111111111111,0.1111111111111111,0.1111111111111111,0.1111111111111111,0.1111111111111111,0.1111111111111111,0.1111111111111111,0.1111111111111111,0.1111111111111111
equal_weight_quarterly,2015-01-02,0.1111111111111111,0.1111111111111111,0.1111111111111111,0.1111111111111111,0.1111111111111111,0.1111111111111111,0.1111111111111111,0.1111111111111111,0.1111111111111111
equal_weight_quarterly,2015-04-01,0.1111111111111111,0.1111111111111111,0.1111111111111111,0.1111111111111111,0.1111111111111111,0.1111111111111111,0.1111111111111111,0.1111111111111111,0.1111111111111111
equal_weight_quarterly,2015-07-01,0.1111111111111111,0.1111111111111111,0.1111111111111111,0.1111111111111111,0.1111111111111111,0.1111111111111111,0.1111111111111111,0.1111111111111111,0.1111111111111111
equal_weight_quarterly,2015-10-01,0.1111111111111111,0.1111111111111111,0.1111111111111111,0.1111111111111111,0.1111111111111111,0.1111111111111111,0.1111111111111111,0.1111111111111111,0.1111111111111111
equal_weight_quarterly,2016-01-04,0.1111111111111111,0.1111111111111111,0.1111111111111111,0.1111111111111111,0.1111111111111111,0.1111111111111111,0.1111111111111111,0.1111111111111111,0.1111111111111111
equal_weight_quarterly,2016-04-01,0.1111111111111111,0.1111111111111111,0.1111111111111111,0.1111111111111111,0.1111111111111111,0.1111111111111111,0.1111111111111111,0.1111111111111111,0.1111111111111111
equal_weight_quarterly,2016-07-01,0.1111111111111111,0.1111111111111111,0.1111111111111111,0.1111111111111111,0.1111111111111111,0.1111111111111111,0.1111111111111111,0.1111111111111111,0.1111111111111111
equal_weight_quarterly,2016-10-03,0.1111111111111111,0.1111111111111111,0.1111111111111111,0.1111111111111111,0.1111111111111111,0.1111111111111111,0.1111111111111111,0.1111111111111111,0.1111111111111111
equal_weight_quarterly,2017-01-03,0.1111111111111111,0.1111111111111111,0.1111111111111111,0.1111111111111111,0.1111111111111111,0.1111111111111111,0.1111111111111111,0.1111111111111111,0.1111111111111111
equal_weight_quarterly,2017-04-03,0.1111111111111111,0.1111111111111111,0.1111111111111111,0.1111111111111111,0.1111111111111111,0.1111111111111111,0.1111111111111111,0.1111111111111111,0.1111111111111111
equal_weight_quarterly,2017-07-03,0.1111111111111111,0.1111111111111111,0.1111111111111111,0.1111111111111111,0.1111111111111111,0.1111111111111111,0.1111111111111111,0.1111111111111111,0.1111111111111111
equal_weight_quarterly,2017-10-02,0.1111111111111111,0.1111111111111111,0.1111111111111111,0.1111111111111111,0.1111111111111111,0.1111111111111111,0.1111111111111111,0.1111111111111111,0.1111111111111111
equal_weight_quarterly,2018-01-02,0.1111111111111111,0.1111111111111111,0.1111111111111111,0.1111111111111111,0.1111111111111111,0.1111111111111111,0.1111111111111111,0.1111111111111111,0.1111111111111111
equal_weight_quarterly,2018-04-02,0.1111111111111111,0.1111111111111111,0.1111111111111111,0.1111111111111111,0.1111111111111111,0.1111111111111111,0.1111111111111111,0.1111111111111111,0.1111111111111111
equal_weight_quarterly,2018-07-02,0.1111111111111111,0.1111111111111111,0.1111111111111111,0.1111111111111111,0.1111111111111111,0.1111111111111111,0.1111111111111111,0.1111111111111111,0.1111111111111111
equal_weight_quarterly,2018-10-01,0.1111111111111111,0.1111111111111111,0.1111111111111111,0.1111111111111111,0.1111111111111111,0.1111111111111111,0.1111111111111111,0.1111111111111111,0.1111111111111111
equal_weight_quarterly,2019-01-02,0.1111111111111111,0.1111111111111111,0.1111111111111111,0.1111111111111111,0.1111111111111111,0.1111111111111111,0.1111111111111111,0.1111111111111111,0.1111111111111111
equal_weight_quarterly,2019-04-01,0.1111111111111111,0.1111111111111111,0.1111111111111111,0.1111111111111111,0.1111111111111111,0.1111111111111111,0.1111111111111111,0.1111111111111111,0.1111111111111111
equal_weight_quarterly,2019-07-01,0.1111111111111111,0.1111111111111111,0.1111111111111111,0.1111111111111111,0.1111111111111111,0.1111111111111111,0.1111111111111111,0.1111111111111111,0.1111111111111111
equal_weight_quarterly,2019-10-01,0.1111111111111111,0.1111111111111111,0.1111111111111111,0.1111111111111111,0.1111111111111111,0.1111111111111111,0.1111111111111111,0.1111111111111111,0.1111111111111111
equal_weight_quarterly,2020-01-02,0.1111111111111111,0.1111111111111111,0.1111111111111111,0.1111111111111111,0.1111111111111111,0.1111111111111111,0.1111111111111111,0.1111111111111111,0.1111111111111111
equal_weight_quarterly,2020-04-01,0.1111111111111111,0.1111111111111111,0.1111111111111111,0.1111111111111111,0.1111111111111111,0.1111111111111111,0.1111111111111111,0.1111111111111111,0.1111111111111111
equal_weight_quarterly,2020-07-01,0.1111111111111111,0.1111111111111111,0.1111111111111111,0.1111111111111111,0.1111111111111111,0.1111111111111111,0.1111111111111111,0.1111111111111111,0.1111111111111111
equal_weight_quarterly,2020-10-01,0.1111111111111111,0.1111111111111111,0.1111111111111111,0.1111111111111111,0.1111111111111111,0.1111111111111111,0.1111111111111111,0.1111111111111111,0.1111111111111111
equal_weight_quarterly,2021-01-04,0.1111111111111111,0.1111111111111111,0.1111111111111111,0.1111111111111111,0.1111111111111111,0.1111111111111111,0.1111111111111111,0.1111111111111111,0.1111111111111111
equal_weight_quarterly,2021-04-01,0.1111111111111111,0.1111111111111111,0.1111111111111111,0.1111111111111111,0.1111111111111111,0.1111111111111111,0.1111111111111111,0.1111111111111111,0.1111111111111111
equal_weight_quarterly,2021-07-01,0.1111111111111111,0.1111111111111111,0.1111111111111111,0.1111111111111111,0.1111111111111111,0.1111111111111111,0.1111111111111111,0.1111111111111111,0.1111111111111111
equal_weight_quarterly,2021-10-01,0.1111111111111111,0.1111111111111111,0.1111111111111111,0.1111111111111111,0.1111111111111111,0.1111111111111111,0.1111111111111111,0.1111111111111111,0.1111111111111111
equal_weight_quarterly,2022-01-03,0.1111111111111111,0.1111111111111111,0.1111111111111111,0.1111111111111111,0.1111111111111111,0.1111111111111111,0.1111111111111111,0.1111111111111111,0.1111111111111111
equal_weight_quarterly,2022-04-01,0.1111111111111111,0.1111111111111111,0.1111111111111111,0.1111111111111111,0.1111111111111111,0.1111111111111111,0.1111111111111111,0.1111111111111111,0.1111111111111111
equal_weight_quarterly,2022-07-01,0.1111111111111111,0.1111111111111111,0.1111111111111111,0.1111111111111111,0.1111111111111111,0.1111111111111111,0.1111111111111111,0.1111111111111111,0.1111111111111111
equal_weight_quarterly,2022-10-03,0.1111111111111111,0.1111111111111111,0.1111111111111111,0.1111111111111111,0.1111111111111111,0.1111111111111111,0.1111111111111111,0.1111111111111111,0.1111111111111111
equal_weight_quarterly,2023-01-03,0.1111111111111111,0.1111111111111111,0.1111111111111111,0.1111111111111111,0.1111111111111111,0.1111111111111111,0.1111111111111111,0.1111111111111111,0.1111111111111111
equal_weight_quarterly,2023-04-03,0.1111111111111111,0.1111111111111111,0.1111111111111111,0.1111111111111111,0.1111111111111111,0.1111111111111111,0.1111111111111111,0.1111111111111111,0.1111111111111111
equal_weight_quarterly,2023-07-03,0.1111111111111111,0.1111111111111111,0.1111111111111111,0.1111111111111111,0.1111111111111111,0.1111111111111111,0.1111111111111111,0.1111111111111111,0.1111111111111111
equal_weight_quarterly,2023-10-02,0.1111111111111111,0.1111111111111111,0.1111111111111111,0.1111111111111111,0.1111111111111111,0.1111111111111111,0.1111111111111111,0.1111111111111111,0.1111111111111111
equal_weight_quarterly,2024-01-02,0.1111111111111111,0.1111111111111111,0.1111111111111111,0.1111111111111111,0.1111111111111111,0.1111111111111111,0.1111111111111111,0.1111111111111111,0.1111111111111111
equal_weight_quarterly,2024-04-01,0.1111111111111111,0.1111111111111111,0.1111111111111111,0.1111111111111111,0.1111111111111111,0.1111111111111111,0.1111111111111111,0.1111111111111111,0.1111111111111111
equal_weight_quarterly,2024-07-01,0.1111111111111111,0.1111111111111111,0.1111111111111111,0.1111111111111111,0.1111111111111111,0.1111111111111111,0.1111111111111111,0.1111111111111111,0.1111111111111111
equal_weight_quarterly,2024-10-01,0.1111111111111111,0.1111111111111111,0.1111111111111111,0.1111111111111111,0.1111111111111111,0.1111111111111111,0.1111111111111111,0.1111111111111111,0.1111111111111111
equal_weight_quarterly,2025-01-02,0.1111111111111111,0.1111111111111111,0.1111111111111111,0.1111111111111111,0.1111111111111111,0.1111111111111111,0.1111111111111111,0.1111111111111111,0.1111111111111111
equal_weight_quarterly,2025-04-01,0.1111111111111111,0.1111111111111111,0.1111111111111111,0.1111111111111111,0.1111111111111111,0.1111111111111111,0.1111111111111111,0.1111111111111111,0.1111111111111111
equal_weight_quarterly,2025-07-01,0.1111111111111111,0.1111111111111111,0.1111111111111111,0.1111111111111111,0.1111111111111111,0.1111111111111111,0.1111111111111111,0.1111111111111111,0.1111111111111111
equal_weight_quarterly,2025-10-01,0.1111111111111111,0.1111111111111111,0.1111111111111111,0.1111111111111111,0.1111111111111111,0.1111111111111111,0.1111111111111111,0.1111111111111111,0.1111111111111111
equal_weight_band_250bp,2011-01-03,0.1111111111111111,0.1111111111111111,0.1111111111111111,0.1111111111111111,0.1111111111111111,0.1111111111111111,0.1111111111111111,0.1111111111111111,0.1111111111111111
equal_weight_band_250bp,2011-02-01,0.1111111111111111,0.1111111111111111,0.1111111111111111,0.1111111111111111,0.1111111111111111,0.1111111111111111,0.1111111111111111,0.1111111111111111,0.1111111111111111
equal_weight_band_250bp,2011-03-01,0.1111111111111111,0.1111111111111111,0.1111111111111111,0.1111111111111111,0.1111111111111111,0.1111111111111111,0.1111111111111111,0.1111111111111111,0.1111111111111111
equal_weight_band_250bp,2011-04-01,0.1111111111111111,0.1111111111111111,0.1111111111111111,0.1111111111111111,0.1111111111111111,0.1111111111111111,0.1111111111111111,0.1111111111111111,0.1111111111111111
equal_weight_band_250bp,2011-05-02,0.1111111111111111,0.1111111111111111,0.1111111111111111,0.1111111111111111,0.1111111111111111,0.1111111111111111,0.1111111111111111,0.1111111111111111,0.1111111111111111
equal_weight_band_250bp,2011-06-01,0.1111111111111111,0.1111111111111111,0.1111111111111111,0.1111111111111111,0.1111111111111111,0.1111111111111111,0.1111111111111111,0.1111111111111111,0.1111111111111111
equal_weight_band_250bp,2011-07-01,0.1111111111111111,0.1111111111111111,0.1111111111111111,0.1111111111111111,0.1111111111111111,0.1111111111111111,0.1111111111111111,0.1111111111111111,0.1111111111111111
equal_weight_band_250bp,2011-08-01,0.1111111111111111,0.1111111111111111,0.1111111111111111,0.1111111111111111,0.1111111111111111,0.1111111111111111,0.1111111111111111,0.1111111111111111,0.1111111111111111
equal_weight_band_250bp,2011-09-01,0.1111111111111111,0.1111111111111111,0.1111111111111111,0.1111111111111111,0.1111111111111111,0.1111111111111111,0.1111111111111111,0.1111111111111111,0.1111111111111111
equal_weight_band_250bp,2011-10-03,0.1111111111111111,0.1111111111111111,0.1111111111111111,0.1111111111111111,0.1111111111111111,0.1111111111111111,0.1111111111111111,0.1111111111111111,0.1111111111111111
equal_weight_band_250bp,2011-11-01,0.1111111111111111,0.1111111111111111,0.1111111111111111,0.1111111111111111,0.1111111111111111,0.1111111111111111,0.1111111111111111,0.1111111111111111,0.1111111111111111
equal_weight_band_250bp,2011-12-01,0.1111111111111111,0.1111111111111111,0.1111111111111111,0.1111111111111111,0.1111111111111111,0.1111111111111111,0.1111111111111111,0.1111111111111111,0.1111111111111111
equal_weight_band_250bp,2012-01-03,0.1111111111111111,0.1111111111111111,0.1111111111111111,0.1111111111111111,0.1111111111111111,0.1111111111111111,0.1111111111111111,0.1111111111111111,0.1111111111111111
equal_weight_band_250bp,2012-02-01,0.1111111111111111,0.1111111111111111,0.1111111111111111,0.1111111111111111,0.1111111111111111,0.1111111111111111,0.1111111111111111,0.1111111111111111,0.1111111111111111
equal_weight_band_250bp,2012-03-01,0.1111111111111111,0.1111111111111111,0.1111111111111111,0.1111111111111111,0.1111111111111111,0.1111111111111111,0.1111111111111111,0.1111111111111111,0.1111111111111111
equal_weight_band_250bp,2012-04-02,0.1111111111111111,0.1111111111111111,0.1111111111111111,0.1111111111111111,0.1111111111111111,0.1111111111111111,0.1111111111111111,0.1111111111111111,0.1111111111111111
equal_weight_band_250bp,2012-05-01,0.1111111111111111,0.1111111111111111,0.1111111111111111,0.1111111111111111,0.1111111111111111,0.1111111111111111,0.1111111111111111,0.1111111111111111,0.1111111111111111
equal_weight_band_250bp,2012-06-01,0.1111111111111111,0.1111111111111111,0.1111111111111111,0.1111111111111111,0.1111111111111111,0.1111111111111111,0.1111111111111111,0.1111111111111111,0.1111111111111111
equal_weight_band_250bp,2012-07-02,0.1111111111111111,0.1111111111111111,0.1111111111111111,0.1111111111111111,0.1111111111111111,0.1111111111111111,0.1111111111111111,0.1111111111111111,0.1111111111111111
equal_weight_band_250bp,2012-08-01,0.1111111111111111,0.1111111111111111,0.1111111111111111,0.1111111111111111,0.1111111111111111,0.1111111111111111,0.1111111111111111,0.1111111111111111,0.1111111111111111
equal_weight_band_250bp,2012-09-04,0.1111111111111111,0.1111111111111111,0.1111111111111111,0.1111111111111111,0.1111111111111111,0.1111111111111111,0.1111111111111111,0.1111111111111111,0.1111111111111111
equal_weight_band_250bp,2012-10-01,0.1111111111111111,0.1111111111111111,0.1111111111111111,0.1111111111111111,0.1111111111111111,0.1111111111111111,0.1111111111111111,0.1111111111111111,0.1111111111111111
equal_weight_band_250bp,2012-11-01,0.1111111111111111,0.1111111111111111,0.1111111111111111,0.1111111111111111,0.1111111111111111,0.1111111111111111,0.1111111111111111,0.1111111111111111,0.1111111111111111
equal_weight_band_250bp,2012-12-03,0.1111111111111111,0.1111111111111111,0.1111111111111111,0.1111111111111111,0.1111111111111111,0.1111111111111111,0.1111111111111111,0.1111111111111111,0.1111111111111111
equal_weight_band_250bp,2013-01-02,0.1111111111111111,0.1111111111111111,0.1111111111111111,0.1111111111111111,0.1111111111111111,0.1111111111111111,0.1111111111111111,0.1111111111111111,0.1111111111111111
equal_weight_band_250bp,2013-02-01,0.1111111111111111,0.1111111111111111,0.1111111111111111,0.1111111111111111,0.1111111111111111,0.1111111111111111,0.1111111111111111,0.1111111111111111,0.1111111111111111
equal_weight_band_250bp,2013-03-01,0.1111111111111111,0.1111111111111111,0.1111111111111111,0.1111111111111111,0.1111111111111111,0.1111111111111111,0.1111111111111111,0.1111111111111111,0.1111111111111111
equal_weight_band_250bp,2013-04-01,0.1111111111111111,0.1111111111111111,0.1111111111111111,0.1111111111111111,0.1111111111111111,0.1111111111111111,0.1111111111111111,0.1111111111111111,0.1111111111111111
equal_weight_band_250bp,2013-05-01,0.1111111111111111,0.1111111111111111,0.1111111111111111,0.1111111111111111,0.1111111111111111,0.1111111111111111,0.1111111111111111,0.1111111111111111,0.1111111111111111
equal_weight_band_250bp,2013-06-03,0.1111111111111111,0.1111111111111111,0.1111111111111111,0.1111111111111111,0.1111111111111111,0.1111111111111111,0.1111111111111111,0.1111111111111111,0.1111111111111111
equal_weight_band_250bp,2013-07-01,0.1111111111111111,0.1111111111111111,0.1111111111111111,0.1111111111111111,0.1111111111111111,0.1111111111111111,0.1111111111111111,0.1111111111111111,0.1111111111111111
equal_weight_band_250bp,2013-08-01,0.1111111111111111,0.1111111111111111,0.1111111111111111,0.1111111111111111,0.1111111111111111,0.1111111111111111,0.1111111111111111,0.1111111111111111,0.1111111111111111
equal_weight_band_250bp,2013-09-03,0.1111111111111111,0.1111111111111111,0.1111111111111111,0.1111111111111111,0.1111111111111111,0.1111111111111111,0.1111111111111111,0.1111111111111111,0.1111111111111111
equal_weight_band_250bp,2013-10-01,0.1111111111111111,0.1111111111111111,0.1111111111111111,0.1111111111111111,0.1111111111111111,0.1111111111111111,0.1111111111111111,0.1111111111111111,0.1111111111111111
equal_weight_band_250bp,2013-11-01,0.1111111111111111,0.1111111111111111,0.1111111111111111,0.1111111111111111,0.1111111111111111,0.1111111111111111,0.1111111111111111,0.1111111111111111,0.1111111111111111
equal_weight_band_250bp,2013-12-02,0.1111111111111111,0.1111111111111111,0.1111111111111111,0.1111111111111111,0.1111111111111111,0.1111111111111111,0.1111111111111111,0.1111111111111111,0.1111111111111111
equal_weight_band_250bp,2014-01-02,0.1111111111111111,0.1111111111111111,0.1111111111111111,0.1111111111111111,0.1111111111111111,0.1111111111111111,0.1111111111111111,0.1111111111111111,0.1111111111111111
equal_weight_band_250bp,2014-02-03,0.1111111111111111,0.1111111111111111,0.1111111111111111,0.1111111111111111,0.1111111111111111,0.1111111111111111,0.1111111111111111,0.1111111111111111,0.1111111111111111
equal_weight_band_250bp,2014-03-03,0.1111111111111111,0.1111111111111111,0.1111111111111111,0.1111111111111111,0.1111111111111111,0.1111111111111111,0.1111111111111111,0.1111111111111111,0.1111111111111111
equal_weight_band_250bp,2014-04-01,0.1111111111111111,0.1111111111111111,0.1111111111111111,0.1111111111111111,0.1111111111111111,0.1111111111111111,0.1111111111111111,0.1111111111111111,0.1111111111111111
equal_weight_band_250bp,2014-05-01,0.1111111111111111,0.1111111111111111,0.1111111111111111,0.1111111111111111,0.1111111111111111,0.1111111111111111,0.1111111111111111,0.1111111111111111,0.1111111111111111
equal_weight_band_250bp,2014-06-02,0.1111111111111111,0.1111111111111111,0.1111111111111111,0.1111111111111111,0.1111111111111111,0.1111111111111111,0.1111111111111111,0.1111111111111111,0.1111111111111111
equal_weight_band_250bp,2014-07-01,0.1111111111111111,0.1111111111111111,0.1111111111111111,0.1111111111111111,0.1111111111111111,0.1111111111111111,0.1111111111111111,0.1111111111111111,0.1111111111111111
equal_weight_band_250bp,2014-08-01,0.1111111111111111,0.1111111111111111,0.1111111111111111,0.1111111111111111,0.1111111111111111,0.1111111111111111,0.1111111111111111,0.1111111111111111,0.1111111111111111
equal_weight_band_250bp,2014-09-02,0.1111111111111111,0.1111111111111111,0.1111111111111111,0.1111111111111111,0.1111111111111111,0.1111111111111111,0.1111111111111111,0.1111111111111111,0.1111111111111111
equal_weight_band_250bp,2014-10-01,0.1111111111111111,0.1111111111111111,0.1111111111111111,0.1111111111111111,0.1111111111111111,0.1111111111111111,0.1111111111111111,0.1111111111111111,0.1111111111111111
equal_weight_band_250bp,2014-11-03,0.1111111111111111,0.1111111111111111,0.1111111111111111,0.1111111111111111,0.1111111111111111,0.1111111111111111,0.1111111111111111,0.1111111111111111,0.1111111111111111
equal_weight_band_250bp,2014-12-01,0.1111111111111111,0.1111111111111111,0.1111111111111111,0.1111111111111111,0.1111111111111111,0.1111111111111111,0.1111111111111111,0.1111111111111111,0.1111111111111111
equal_weight_band_250bp,2015-01-02,0.1111111111111111,0.1111111111111111,0.1111111111111111,0.1111111111111111,0.1111111111111111,0.1111111111111111,0.1111111111111111,0.1111111111111111,0.1111111111111111
equal_weight_band_250bp,2015-02-02,0.1111111111111111,0.1111111111111111,0.1111111111111111,0.1111111111111111,0.1111111111111111,0.1111111111111111,0.1111111111111111,0.1111111111111111,0.1111111111111111
equal_weight_band_250bp,2015-03-02,0.1111111111111111,0.1111111111111111,0.1111111111111111,0.1111111111111111,0.1111111111111111,0.1111111111111111,0.1111111111111111,0.1111111111111111,0.1111111111111111
equal_weight_band_250bp,2015-04-01,0.1111111111111111,0.1111111111111111,0.1111111111111111,0.1111111111111111,0.1111111111111111,0.1111111111111111,0.1111111111111111,0.1111111111111111,0.1111111111111111
equal_weight_band_250bp,2015-05-01,0.1111111111111111,0.1111111111111111,0.1111111111111111,0.1111111111111111,0.1111111111111111,0.1111111111111111,0.1111111111111111,0.1111111111111111,0.1111111111111111
equal_weight_band_250bp,2015-06-01,0.1111111111111111,0.1111111111111111,0.1111111111111111,0.1111111111111111,0.1111111111111111,0.1111111111111111,0.1111111111111111,0.1111111111111111,0.1111111111111111
equal_weight_band_250bp,2015-07-01,0.1111111111111111,0.1111111111111111,0.1111111111111111,0.1111111111111111,0.1111111111111111,0.1111111111111111,0.1111111111111111,0.1111111111111111,0.1111111111111111
equal_weight_band_250bp,2015-08-03,0.1111111111111111,0.1111111111111111,0.1111111111111111,0.1111111111111111,0.1111111111111111,0.1111111111111111,0.1111111111111111,0.1111111111111111,0.1111111111111111
equal_weight_band_250bp,2015-09-01,0.1111111111111111,0.1111111111111111,0.1111111111111111,0.1111111111111111,0.1111111111111111,0.1111111111111111,0.1111111111111111,0.1111111111111111,0.1111111111111111
equal_weight_band_250bp,2015-10-01,0.1111111111111111,0.1111111111111111,0.1111111111111111,0.1111111111111111,0.1111111111111111,0.1111111111111111,0.1111111111111111,0.1111111111111111,0.1111111111111111
equal_weight_band_250bp,2015-11-02,0.1111111111111111,0.1111111111111111,0.1111111111111111,0.1111111111111111,0.1111111111111111,0.1111111111111111,0.1111111111111111,0.1111111111111111,0.1111111111111111
equal_weight_band_250bp,2015-12-01,0.1111111111111111,0.1111111111111111,0.1111111111111111,0.1111111111111111,0.1111111111111111,0.1111111111111111,0.1111111111111111,0.1111111111111111,0.1111111111111111
equal_weight_band_250bp,2016-01-04,0.1111111111111111,0.1111111111111111,0.1111111111111111,0.1111111111111111,0.1111111111111111,0.1111111111111111,0.1111111111111111,0.1111111111111111,0.1111111111111111
equal_weight_band_250bp,2016-02-01,0.1111111111111111,0.1111111111111111,0.1111111111111111,0.1111111111111111,0.1111111111111111,0.1111111111111111,0.1111111111111111,0.1111111111111111,0.1111111111111111
equal_weight_band_250bp,2016-03-01,0.1111111111111111,0.1111111111111111,0.1111111111111111,0.1111111111111111,0.1111111111111111,0.1111111111111111,0.1111111111111111,0.1111111111111111,0.1111111111111111
equal_weight_band_250bp,2016-04-01,0.1111111111111111,0.1111111111111111,0.1111111111111111,0.1111111111111111,0.1111111111111111,0.1111111111111111,0.1111111111111111,0.1111111111111111,0.1111111111111111
equal_weight_band_250bp,2016-05-02,0.1111111111111111,0.1111111111111111,0.1111111111111111,0.1111111111111111,0.1111111111111111,0.1111111111111111,0.1111111111111111,0.1111111111111111,0.1111111111111111
equal_weight_band_250bp,2016-06-01,0.1111111111111111,0.1111111111111111,0.1111111111111111,0.1111111111111111,0.1111111111111111,0.1111111111111111,0.1111111111111111,0.1111111111111111,0.1111111111111111
equal_weight_band_250bp,2016-07-01,0.1111111111111111,0.1111111111111111,0.1111111111111111,0.1111111111111111,0.1111111111111111,0.1111111111111111,0.1111111111111111,0.1111111111111111,0.1111111111111111
equal_weight_band_250bp,2016-08-01,0.1111111111111111,0.1111111111111111,0.1111111111111111,0.1111111111111111,0.1111111111111111,0.1111111111111111,0.1111111111111111,0.1111111111111111,0.1111111111111111
equal_weight_band_250bp,2016-09-01,0.1111111111111111,0.1111111111111111,0.1111111111111111,0.1111111111111111,0.1111111111111111,0.1111111111111111,0.1111111111111111,0.1111111111111111,0.1111111111111111
equal_weight_band_250bp,2016-10-03,0.1111111111111111,0.1111111111111111,0.1111111111111111,0.1111111111111111,0.1111111111111111,0.1111111111111111,0.1111111111111111,0.1111111111111111,0.1111111111111111
equal_weight_band_250bp,2016-11-01,0.1111111111111111,0.1111111111111111,0.1111111111111111,0.1111111111111111,0.1111111111111111,0.1111111111111111,0.1111111111111111,0.1111111111111111,0.1111111111111111
equal_weight_band_250bp,2016-12-01,0.1111111111111111,0.1111111111111111,0.1111111111111111,0.1111111111111111,0.1111111111111111,0.1111111111111111,0.1111111111111111,0.1111111111111111,0.1111111111111111
equal_weight_band_250bp,2017-01-03,0.1111111111111111,0.1111111111111111,0.1111111111111111,0.1111111111111111,0.1111111111111111,0.1111111111111111,0.1111111111111111,0.1111111111111111,0.1111111111111111
equal_weight_band_250bp,2017-02-01,0.1111111111111111,0.1111111111111111,0.1111111111111111,0.1111111111111111,0.1111111111111111,0.1111111111111111,0.1111111111111111,0.1111111111111111,0.1111111111111111
equal_weight_band_250bp,2017-03-01,0.1111111111111111,0.1111111111111111,0.1111111111111111,0.1111111111111111,0.1111111111111111,0.1111111111111111,0.1111111111111111,0.1111111111111111,0.1111111111111111
equal_weight_band_250bp,2017-04-03,0.1111111111111111,0.1111111111111111,0.1111111111111111,0.1111111111111111,0.1111111111111111,0.1111111111111111,0.1111111111111111,0.1111111111111111,0.1111111111111111
equal_weight_band_250bp,2017-05-01,0.1111111111111111,0.1111111111111111,0.1111111111111111,0.1111111111111111,0.1111111111111111,0.1111111111111111,0.1111111111111111,0.1111111111111111,0.1111111111111111
equal_weight_band_250bp,2017-06-01,0.1111111111111111,0.1111111111111111,0.1111111111111111,0.1111111111111111,0.1111111111111111,0.1111111111111111,0.1111111111111111,0.1111111111111111,0.1111111111111111
equal_weight_band_250bp,2017-07-03,0.1111111111111111,0.1111111111111111,0.1111111111111111,0.1111111111111111,0.1111111111111111,0.1111111111111111,0.1111111111111111,0.1111111111111111,0.1111111111111111
equal_weight_band_250bp,2017-08-01,0.1111111111111111,0.1111111111111111,0.1111111111111111,0.1111111111111111,0.1111111111111111,0.1111111111111111,0.1111111111111111,0.1111111111111111,0.1111111111111111
equal_weight_band_250bp,2017-09-01,0.1111111111111111,0.1111111111111111,0.1111111111111111,0.1111111111111111,0.1111111111111111,0.1111111111111111,0.1111111111111111,0.1111111111111111,0.1111111111111111
equal_weight_band_250bp,2017-10-02,0.1111111111111111,0.1111111111111111,0.1111111111111111,0.1111111111111111,0.1111111111111111,0.1111111111111111,0.1111111111111111,0.1111111111111111,0.1111111111111111
equal_weight_band_250bp,2017-11-01,0.1111111111111111,0.1111111111111111,0.1111111111111111,0.1111111111111111,0.1111111111111111,0.1111111111111111,0.1111111111111111,0.1111111111111111,0.1111111111111111
equal_weight_band_250bp,2017-12-01,0.1111111111111111,0.1111111111111111,0.1111111111111111,0.1111111111111111,0.1111111111111111,0.1111111111111111,0.1111111111111111,0.1111111111111111,0.1111111111111111
equal_weight_band_250bp,2018-01-02,0.1111111111111111,0.1111111111111111,0.1111111111111111,0.1111111111111111,0.1111111111111111,0.1111111111111111,0.1111111111111111,0.1111111111111111,0.1111111111111111
equal_weight_band_250bp,2018-02-01,0.1111111111111111,0.1111111111111111,0.1111111111111111,0.1111111111111111,0.1111111111111111,0.1111111111111111,0.1111111111111111,0.1111111111111111,0.1111111111111111
equal_weight_band_250bp,2018-03-01,0.1111111111111111,0.1111111111111111,0.1111111111111111,0.1111111111111111,0.1111111111111111,0.1111111111111111,0.1111111111111111,0.1111111111111111,0.1111111111111111
equal_weight_band_250bp,2018-04-02,0.1111111111111111,0.1111111111111111,0.1111111111111111,0.1111111111111111,0.1111111111111111,0.1111111111111111,0.1111111111111111,0.1111111111111111,0.1111111111111111
equal_weight_band_250bp,2018-05-01,0.1111111111111111,0.1111111111111111,0.1111111111111111,0.1111111111111111,0.1111111111111111,0.1111111111111111,0.1111111111111111,0.1111111111111111,0.1111111111111111
equal_weight_band_250bp,2018-06-01,0.1111111111111111,0.1111111111111111,0.1111111111111111,0.1111111111111111,0.1111111111111111,0.1111111111111111,0.1111111111111111,0.1111111111111111,0.1111111111111111
equal_weight_band_250bp,2018-07-02,0.1111111111111111,0.1111111111111111,0.1111111111111111,0.1111111111111111,0.1111111111111111,0.1111111111111111,0.1111111111111111,0.1111111111111111,0.1111111111111111
equal_weight_band_250bp,2018-08-01,0.1111111111111111,0.1111111111111111,0.1111111111111111,0.1111111111111111,0.1111111111111111,0.1111111111111111,0.1111111111111111,0.1111111111111111,0.1111111111111111
equal_weight_band_250bp,2018-09-04,0.1111111111111111,0.1111111111111111,0.1111111111111111,0.1111111111111111,0.1111111111111111,0.1111111111111111,0.1111111111111111,0.1111111111111111,0.1111111111111111
equal_weight_band_250bp,2018-10-01,0.1111111111111111,0.1111111111111111,0.1111111111111111,0.1111111111111111,0.1111111111111111,0.1111111111111111,0.1111111111111111,0.1111111111111111,0.1111111111111111
equal_weight_band_250bp,2018-11-01,0.1111111111111111,0.1111111111111111,0.1111111111111111,0.1111111111111111,0.1111111111111111,0.1111111111111111,0.1111111111111111,0.1111111111111111,0.1111111111111111
equal_weight_band_250bp,2018-12-03,0.1111111111111111,0.1111111111111111,0.1111111111111111,0.1111111111111111,0.1111111111111111,0.1111111111111111,0.1111111111111111,0.1111111111111111,0.1111111111111111
equal_weight_band_250bp,2019-01-02,0.1111111111111111,0.1111111111111111,0.1111111111111111,0.1111111111111111,0.1111111111111111,0.1111111111111111,0.1111111111111111,0.1111111111111111,0.1111111111111111
equal_weight_band_250bp,2019-02-01,0.1111111111111111,0.1111111111111111,0.1111111111111111,0.1111111111111111,0.1111111111111111,0.1111111111111111,0.1111111111111111,0.1111111111111111,0.1111111111111111
equal_weight_band_250bp,2019-03-01,0.1111111111111111,0.1111111111111111,0.1111111111111111,0.1111111111111111,0.1111111111111111,0.1111111111111111,0.1111111111111111,0.1111111111111111,0.1111111111111111
equal_weight_band_250bp,2019-04-01,0.1111111111111111,0.1111111111111111,0.1111111111111111,0.1111111111111111,0.1111111111111111,0.1111111111111111,0.1111111111111111,0.1111111111111111,0.1111111111111111
equal_weight_band_250bp,2019-05-01,0.1111111111111111,0.1111111111111111,0.1111111111111111,0.1111111111111111,0.1111111111111111,0.1111111111111111,0.1111111111111111,0.1111111111111111,0.1111111111111111
equal_weight_band_250bp,2019-06-03,0.1111111111111111,0.1111111111111111,0.1111111111111111,0.1111111111111111,0.1111111111111111,0.1111111111111111,0.1111111111111111,0.1111111111111111,0.1111111111111111
equal_weight_band_250bp,2019-07-01,0.1111111111111111,0.1111111111111111,0.1111111111111111,0.1111111111111111,0.1111111111111111,0.1111111111111111,0.1111111111111111,0.1111111111111111,0.1111111111111111
equal_weight_band_250bp,2019-08-01,0.1111111111111111,0.1111111111111111,0.1111111111111111,0.1111111111111111,0.1111111111111111,0.1111111111111111,0.1111111111111111,0.1111111111111111,0.1111111111111111
equal_weight_band_250bp,2019-09-03,0.1111111111111111,0.1111111111111111,0.1111111111111111,0.1111111111111111,0.1111111111111111,0.1111111111111111,0.1111111111111111,0.1111111111111111,0.1111111111111111
equal_weight_band_250bp,2019-10-01,0.1111111111111111,0.1111111111111111,0.1111111111111111,0.1111111111111111,0.1111111111111111,0.1111111111111111,0.1111111111111111,0.1111111111111111,0.1111111111111111
equal_weight_band_250bp,2019-11-01,0.1111111111111111,0.1111111111111111,0.1111111111111111,0.1111111111111111,0.1111111111111111,0.1111111111111111,0.1111111111111111,0.1111111111111111,0.1111111111111111
equal_weight_band_250bp,2019-12-02,0.1111111111111111,0.1111111111111111,0.1111111111111111,0.1111111111111111,0.1111111111111111,0.1111111111111111,0.1111111111111111,0.1111111111111111,0.1111111111111111
equal_weight_band_250bp,2020-01-02,0.1111111111111111,0.1111111111111111,0.1111111111111111,0.1111111111111111,0.1111111111111111,0.1111111111111111,0.1111111111111111,0.1111111111111111,0.1111111111111111
equal_weight_band_250bp,2020-02-03,0.1111111111111111,0.1111111111111111,0.1111111111111111,0.1111111111111111,0.1111111111111111,0.1111111111111111,0.1111111111111111,0.1111111111111111,0.1111111111111111
equal_weight_band_250bp,2020-03-02,0.1111111111111111,0.1111111111111111,0.1111111111111111,0.1111111111111111,0.1111111111111111,0.1111111111111111,0.1111111111111111,0.1111111111111111,0.1111111111111111
equal_weight_band_250bp,2020-04-01,0.1111111111111111,0.1111111111111111,0.1111111111111111,0.1111111111111111,0.1111111111111111,0.1111111111111111,0.1111111111111111,0.1111111111111111,0.1111111111111111
equal_weight_band_250bp,2020-05-01,0.1111111111111111,0.1111111111111111,0.1111111111111111,0.1111111111111111,0.1111111111111111,0.1111111111111111,0.1111111111111111,0.1111111111111111,0.1111111111111111
equal_weight_band_250bp,2020-06-01,0.1111111111111111,0.1111111111111111,0.1111111111111111,0.1111111111111111,0.1111111111111111,0.1111111111111111,0.1111111111111111,0.1111111111111111,0.1111111111111111
equal_weight_band_250bp,2020-07-01,0.1111111111111111,0.1111111111111111,0.1111111111111111,0.1111111111111111,0.1111111111111111,0.1111111111111111,0.1111111111111111,0.1111111111111111,0.1111111111111111
equal_weight_band_250bp,2020-08-03,0.1111111111111111,0.1111111111111111,0.1111111111111111,0.1111111111111111,0.1111111111111111,0.1111111111111111,0.1111111111111111,0.1111111111111111,0.1111111111111111
equal_weight_band_250bp,2020-09-01,0.1111111111111111,0.1111111111111111,0.1111111111111111,0.1111111111111111,0.1111111111111111,0.1111111111111111,0.1111111111111111,0.1111111111111111,0.1111111111111111
equal_weight_band_250bp,2020-10-01,0.1111111111111111,0.1111111111111111,0.1111111111111111,0.1111111111111111,0.1111111111111111,0.1111111111111111,0.1111111111111111,0.1111111111111111,0.1111111111111111
equal_weight_band_250bp,2020-11-02,0.1111111111111111,0.1111111111111111,0.1111111111111111,0.1111111111111111,0.1111111111111111,0.1111111111111111,0.1111111111111111,0.1111111111111111,0.1111111111111111
equal_weight_band_250bp,2020-12-01,0.1111111111111111,0.1111111111111111,0.1111111111111111,0.1111111111111111,0.1111111111111111,0.1111111111111111,0.1111111111111111,0.1111111111111111,0.1111111111111111
equal_weight_band_250bp,2021-01-04,0.1111111111111111,0.1111111111111111,0.1111111111111111,0.1111111111111111,0.1111111111111111,0.1111111111111111,0.1111111111111111,0.1111111111111111,0.1111111111111111
equal_weight_band_250bp,2021-02-01,0.1111111111111111,0.1111111111111111,0.1111111111111111,0.1111111111111111,0.1111111111111111,0.1111111111111111,0.1111111111111111,0.1111111111111111,0.1111111111111111
equal_weight_band_250bp,2021-03-01,0.1111111111111111,0.1111111111111111,0.1111111111111111,0.1111111111111111,0.1111111111111111,0.1111111111111111,0.1111111111111111,0.1111111111111111,0.1111111111111111
equal_weight_band_250bp,2021-04-01,0.1111111111111111,0.1111111111111111,0.1111111111111111,0.1111111111111111,0.1111111111111111,0.1111111111111111,0.1111111111111111,0.1111111111111111,0.1111111111111111
equal_weight_band_250bp,2021-05-03,0.1111111111111111,0.1111111111111111,0.1111111111111111,0.1111111111111111,0.1111111111111111,0.1111111111111111,0.1111111111111111,0.1111111111111111,0.1111111111111111
equal_weight_band_250bp,2021-06-01,0.1111111111111111,0.1111111111111111,0.1111111111111111,0.1111111111111111,0.1111111111111111,0.1111111111111111,0.1111111111111111,0.1111111111111111,0.1111111111111111
equal_weight_band_250bp,2021-07-01,0.1111111111111111,0.1111111111111111,0.1111111111111111,0.1111111111111111,0.1111111111111111,0.1111111111111111,0.1111111111111111,0.1111111111111111,0.1111111111111111
equal_weight_band_250bp,2021-08-02,0.1111111111111111,0.1111111111111111,0.1111111111111111,0.1111111111111111,0.1111111111111111,0.1111111111111111,0.1111111111111111,0.1111111111111111,0.1111111111111111
equal_weight_band_250bp,2021-09-01,0.1111111111111111,0.1111111111111111,0.1111111111111111,0.1111111111111111,0.1111111111111111,0.1111111111111111,0.1111111111111111,0.1111111111111111,0.1111111111111111
equal_weight_band_250bp,2021-10-01,0.1111111111111111,0.1111111111111111,0.1111111111111111,0.1111111111111111,0.1111111111111111,0.1111111111111111,0.1111111111111111,0.1111111111111111,0.1111111111111111
equal_weight_band_250bp,2021-11-01,0.1111111111111111,0.1111111111111111,0.1111111111111111,0.1111111111111111,0.1111111111111111,0.1111111111111111,0.1111111111111111,0.1111111111111111,0.1111111111111111
equal_weight_band_250bp,2021-12-01,0.1111111111111111,0.1111111111111111,0.1111111111111111,0.1111111111111111,0.1111111111111111,0.1111111111111111,0.1111111111111111,0.1111111111111111,0.1111111111111111
equal_weight_band_250bp,2022-01-03,0.1111111111111111,0.1111111111111111,0.1111111111111111,0.1111111111111111,0.1111111111111111,0.1111111111111111,0.1111111111111111,0.1111111111111111,0.1111111111111111
equal_weight_band_250bp,2022-02-01,0.1111111111111111,0.1111111111111111,0.1111111111111111,0.1111111111111111,0.1111111111111111,0.1111111111111111,0.1111111111111111,0.1111111111111111,0.1111111111111111
equal_weight_band_250bp,2022-03-01,0.1111111111111111,0.1111111111111111,0.1111111111111111,0.1111111111111111,0.1111111111111111,0.1111111111111111,0.1111111111111111,0.1111111111111111,0.1111111111111111
equal_weight_band_250bp,2022-04-01,0.1111111111111111,0.1111111111111111,0.1111111111111111,0.1111111111111111,0.1111111111111111,0.1111111111111111,0.1111111111111111,0.1111111111111111,0.1111111111111111
equal_weight_band_250bp,2022-05-02,0.1111111111111111,0.1111111111111111,0.1111111111111111,0.1111111111111111,0.1111111111111111,0.1111111111111111,0.1111111111111111,0.1111111111111111,0.1111111111111111
equal_weight_band_250bp,2022-06-01,0.1111111111111111,0.1111111111111111,0.1111111111111111,0.1111111111111111,0.1111111111111111,0.1111111111111111,0.1111111111111111,0.1111111111111111,0.1111111111111111
equal_weight_band_250bp,2022-07-01,0.1111111111111111,0.1111111111111111,0.1111111111111111,0.1111111111111111,0.1111111111111111,0.1111111111111111,0.1111111111111111,0.1111111111111111,0.1111111111111111
equal_weight_band_250bp,2022-08-01,0.1111111111111111,0.1111111111111111,0.1111111111111111,0.1111111111111111,0.1111111111111111,0.1111111111111111,0.1111111111111111,0.1111111111111111,0.1111111111111111
equal_weight_band_250bp,2022-09-01,0.1111111111111111,0.1111111111111111,0.1111111111111111,0.1111111111111111,0.1111111111111111,0.1111111111111111,0.1111111111111111,0.1111111111111111,0.1111111111111111
equal_weight_band_250bp,2022-10-03,0.1111111111111111,0.1111111111111111,0.1111111111111111,0.1111111111111111,0.1111111111111111,0.1111111111111111,0.1111111111111111,0.1111111111111111,0.1111111111111111
equal_weight_band_250bp,2022-11-01,0.1111111111111111,0.1111111111111111,0.1111111111111111,0.1111111111111111,0.1111111111111111,0.1111111111111111,0.1111111111111111,0.1111111111111111,0.1111111111111111
equal_weight_band_250bp,2022-12-01,0.1111111111111111,0.1111111111111111,0.1111111111111111,0.1111111111111111,0.1111111111111111,0.1111111111111111,0.1111111111111111,0.1111111111111111,0.1111111111111111
equal_weight_band_250bp,2023-01-03,0.1111111111111111,0.1111111111111111,0.1111111111111111,0.1111111111111111,0.1111111111111111,0.1111111111111111,0.1111111111111111,0.1111111111111111,0.1111111111111111
equal_weight_band_250bp,2023-02-01,0.1111111111111111,0.1111111111111111,0.1111111111111111,0.1111111111111111,0.1111111111111111,0.1111111111111111,0.1111111111111111,0.1111111111111111,0.1111111111111111
equal_weight_band_250bp,2023-03-01,0.1111111111111111,0.1111111111111111,0.1111111111111111,0.1111111111111111,0.1111111111111111,0.1111111111111111,0.1111111111111111,0.1111111111111111,0.1111111111111111
equal_weight_band_250bp,2023-04-03,0.1111111111111111,0.1111111111111111,0.1111111111111111,0.1111111111111111,0.1111111111111111,0.1111111111111111,0.1111111111111111,0.1111111111111111,0.1111111111111111
equal_weight_band_250bp,2023-05-01,0.1111111111111111,0.1111111111111111,0.1111111111111111,0.1111111111111111,0.1111111111111111,0.1111111111111111,0.1111111111111111,0.1111111111111111,0.1111111111111111
equal_weight_band_250bp,2023-06-01,0.1111111111111111,0.1111111111111111,0.1111111111111111,0.1111111111111111,0.1111111111111111,0.1111111111111111,0.1111111111111111,0.1111111111111111,0.1111111111111111
equal_weight_band_250bp,2023-07-03,0.1111111111111111,0.1111111111111111,0.1111111111111111,0.1111111111111111,0.1111111111111111,0.1111111111111111,0.1111111111111111,0.1111111111111111,0.1111111111111111
equal_weight_band_250bp,2023-08-01,0.1111111111111111,0.1111111111111111,0.1111111111111111,0.1111111111111111,0.1111111111111111,0.1111111111111111,0.1111111111111111,0.1111111111111111,0.1111111111111111
equal_weight_band_250bp,2023-09-01,0.1111111111111111,0.1111111111111111,0.1111111111111111,0.1111111111111111,0.1111111111111111,0.1111111111111111,0.1111111111111111,0.1111111111111111,0.1111111111111111
equal_weight_band_250bp,2023-10-02,0.1111111111111111,0.1111111111111111,0.1111111111111111,0.1111111111111111,0.1111111111111111,0.1111111111111111,0.1111111111111111,0.1111111111111111,0.1111111111111111
equal_weight_band_250bp,2023-11-01,0.1111111111111111,0.1111111111111111,0.1111111111111111,0.1111111111111111,0.1111111111111111,0.1111111111111111,0.1111111111111111,0.1111111111111111,0.1111111111111111
equal_weight_band_250bp,2023-12-01,0.1111111111111111,0.1111111111111111,0.1111111111111111,0.1111111111111111,0.1111111111111111,0.1111111111111111,0.1111111111111111,0.1111111111111111,0.1111111111111111
equal_weight_band_250bp,2024-01-02,0.1111111111111111,0.1111111111111111,0.1111111111111111,0.1111111111111111,0.1111111111111111,0.1111111111111111,0.1111111111111111,0.1111111111111111,0.1111111111111111
equal_weight_band_250bp,2024-02-01,0.1111111111111111,0.1111111111111111,0.1111111111111111,0.1111111111111111,0.1111111111111111,0.1111111111111111,0.1111111111111111,0.1111111111111111,0.1111111111111111
equal_weight_band_250bp,2024-03-01,0.1111111111111111,0.1111111111111111,0.1111111111111111,0.1111111111111111,0.1111111111111111,0.1111111111111111,0.1111111111111111,0.1111111111111111,0.1111111111111111
equal_weight_band_250bp,2024-04-01,0.1111111111111111,0.1111111111111111,0.1111111111111111,0.1111111111111111,0.1111111111111111,0.1111111111111111,0.1111111111111111,0.1111111111111111,0.1111111111111111
equal_weight_band_250bp,2024-05-01,0.1111111111111111,0.1111111111111111,0.1111111111111111,0.1111111111111111,0.1111111111111111,0.1111111111111111,0.1111111111111111,0.1111111111111111,0.1111111111111111
equal_weight_band_250bp,2024-06-03,0.1111111111111111,0.1111111111111111,0.1111111111111111,0.1111111111111111,0.1111111111111111,0.1111111111111111,0.1111111111111111,0.1111111111111111,0.1111111111111111
equal_weight_band_250bp,2024-07-01,0.1111111111111111,0.1111111111111111,0.1111111111111111,0.1111111111111111,0.1111111111111111,0.1111111111111111,0.1111111111111111,0.1111111111111111,0.1111111111111111
equal_weight_band_250bp,2024-08-01,0.1111111111111111,0.1111111111111111,0.1111111111111111,0.1111111111111111,0.1111111111111111,0.1111111111111111,0.1111111111111111,0.1111111111111111,0.1111111111111111
equal_weight_band_250bp,2024-09-03,0.1111111111111111,0.1111111111111111,0.1111111111111111,0.1111111111111111,0.1111111111111111,0.1111111111111111,0.1111111111111111,0.1111111111111111,0.1111111111111111
equal_weight_band_250bp,2024-10-01,0.1111111111111111,0.1111111111111111,0.1111111111111111,0.1111111111111111,0.1111111111111111,0.1111111111111111,0.1111111111111111,0.1111111111111111,0.1111111111111111
equal_weight_band_250bp,2024-11-01,0.1111111111111111,0.1111111111111111,0.1111111111111111,0.1111111111111111,0.1111111111111111,0.1111111111111111,0.1111111111111111,0.1111111111111111,0.1111111111111111
equal_weight_band_250bp,2024-12-02,0.1111111111111111,0.1111111111111111,0.1111111111111111,0.1111111111111111,0.1111111111111111,0.1111111111111111,0.1111111111111111,0.1111111111111111,0.1111111111111111
equal_weight_band_250bp,2025-01-02,0.1111111111111111,0.1111111111111111,0.1111111111111111,0.1111111111111111,0.1111111111111111,0.1111111111111111,0.1111111111111111,0.1111111111111111,0.1111111111111111
equal_weight_band_250bp,2025-02-03,0.1111111111111111,0.1111111111111111,0.1111111111111111,0.1111111111111111,0.1111111111111111,0.1111111111111111,0.1111111111111111,0.1111111111111111,0.1111111111111111
equal_weight_band_250bp,2025-03-03,0.1111111111111111,0.1111111111111111,0.1111111111111111,0.1111111111111111,0.1111111111111111,0.1111111111111111,0.1111111111111111,0.1111111111111111,0.1111111111111111
equal_weight_band_250bp,2025-04-01,0.1111111111111111,0.1111111111111111,0.1111111111111111,0.1111111111111111,0.1111111111111111,0.1111111111111111,0.1111111111111111,0.1111111111111111,0.1111111111111111
equal_weight_band_250bp,2025-05-01,0.1111111111111111,0.1111111111111111,0.1111111111111111,0.1111111111111111,0.1111111111111111,0.1111111111111111,0.1111111111111111,0.1111111111111111,0.1111111111111111
equal_weight_band_250bp,2025-06-02,0.1111111111111111,0.1111111111111111,0.1111111111111111,0.1111111111111111,0.1111111111111111,0.1111111111111111,0.1111111111111111,0.1111111111111111,0.1111111111111111
equal_weight_band_250bp,2025-07-01,0.1111111111111111,0.1111111111111111,0.1111111111111111,0.1111111111111111,0.1111111111111111,0.1111111111111111,0.1111111111111111,0.1111111111111111,0.1111111111111111
equal_weight_band_250bp,2025-08-01,0.1111111111111111,0.1111111111111111,0.1111111111111111,0.1111111111111111,0.1111111111111111,0.1111111111111111,0.1111111111111111,0.1111111111111111,0.1111111111111111
equal_weight_band_250bp,2025-09-02,0.1111111111111111,0.1111111111111111,0.1111111111111111,0.1111111111111111,0.1111111111111111,0.1111111111111111,0.1111111111111111,0.1111111111111111,0.1111111111111111
equal_weight_band_250bp,2025-10-01,0.1111111111111111,0.1111111111111111,0.1111111111111111,0.1111111111111111,0.1111111111111111,0.1111111111111111,0.1111111111111111,0.1111111111111111,0.1111111111111111
equal_weight_band_250bp,2025-11-03,0.1111111111111111,0.1111111111111111,0.1111111111111111,0.1111111111111111,0.1111111111111111,0.1111111111111111,0.1111111111111111,0.1111111111111111,0.1111111111111111
equal_weight_band_250bp,2025-12-01,0.1111111111111111,0.1111111111111111,0.1111111111111111,0.1111111111111111,0.1111111111111111,0.1111111111111111,0.1111111111111111,0.1111111111111111,0.1111111111111111
equal_weight_band_500bp,2011-01-03,0.1111111111111111,0.1111111111111111,0.1111111111111111,0.1111111111111111,0.1111111111111111,0.1111111111111111,0.1111111111111111,0.1111111111111111,0.1111111111111111
equal_weight_band_500bp,2011-02-01,0.1111111111111111,0.1111111111111111,0.1111111111111111,0.1111111111111111,0.1111111111111111,0.1111111111111111,0.1111111111111111,0.1111111111111111,0.1111111111111111
equal_weight_band_500bp,2011-03-01,0.1111111111111111,0.1111111111111111,0.1111111111111111,0.1111111111111111,0.1111111111111111,0.1111111111111111,0.1111111111111111,0.1111111111111111,0.1111111111111111
equal_weight_band_500bp,2011-04-01,0.1111111111111111,0.1111111111111111,0.1111111111111111,0.1111111111111111,0.1111111111111111,0.1111111111111111,0.1111111111111111,0.1111111111111111,0.1111111111111111
equal_weight_band_500bp,2011-05-02,0.1111111111111111,0.1111111111111111,0.1111111111111111,0.1111111111111111,0.1111111111111111,0.1111111111111111,0.1111111111111111,0.1111111111111111,0.1111111111111111
equal_weight_band_500bp,2011-06-01,0.1111111111111111,0.1111111111111111,0.1111111111111111,0.1111111111111111,0.1111111111111111,0.1111111111111111,0.1111111111111111,0.1111111111111111,0.1111111111111111
equal_weight_band_500bp,2011-07-01,0.1111111111111111,0.1111111111111111,0.1111111111111111,0.1111111111111111,0.1111111111111111,0.1111111111111111,0.1111111111111111,0.1111111111111111,0.1111111111111111
equal_weight_band_500bp,2011-08-01,0.1111111111111111,0.1111111111111111,0.1111111111111111,0.1111111111111111,0.1111111111111111,0.1111111111111111,0.1111111111111111,0.1111111111111111,0.1111111111111111
equal_weight_band_500bp,2011-09-01,0.1111111111111111,0.1111111111111111,0.1111111111111111,0.1111111111111111,0.1111111111111111,0.1111111111111111,0.1111111111111111,0.1111111111111111,0.1111111111111111
equal_weight_band_500bp,2011-10-03,0.1111111111111111,0.1111111111111111,0.1111111111111111,0.1111111111111111,0.1111111111111111,0.1111111111111111,0.1111111111111111,0.1111111111111111,0.1111111111111111
equal_weight_band_500bp,2011-11-01,0.1111111111111111,0.1111111111111111,0.1111111111111111,0.1111111111111111,0.1111111111111111,0.1111111111111111,0.1111111111111111,0.1111111111111111,0.1111111111111111
equal_weight_band_500bp,2011-12-01,0.1111111111111111,0.1111111111111111,0.1111111111111111,0.1111111111111111,0.1111111111111111,0.1111111111111111,0.1111111111111111,0.1111111111111111,0.1111111111111111
equal_weight_band_500bp,2012-01-03,0.1111111111111111,0.1111111111111111,0.1111111111111111,0.1111111111111111,0.1111111111111111,0.1111111111111111,0.1111111111111111,0.1111111111111111,0.1111111111111111
equal_weight_band_500bp,2012-02-01,0.1111111111111111,0.1111111111111111,0.1111111111111111,0.1111111111111111,0.1111111111111111,0.1111111111111111,0.1111111111111111,0.1111111111111111,0.1111111111111111
equal_weight_band_500bp,2012-03-01,0.1111111111111111,0.1111111111111111,0.1111111111111111,0.1111111111111111,0.1111111111111111,0.1111111111111111,0.1111111111111111,0.1111111111111111,0.1111111111111111
equal_weight_band_500bp,2012-04-02,0.1111111111111111,0.1111111111111111,0.1111111111111111,0.1111111111111111,0.1111111111111111,0.1111111111111111,0.1111111111111111,0.1111111111111111,0.1111111111111111
equal_weight_band_500bp,2012-05-01,0.1111111111111111,0.1111111111111111,0.1111111111111111,0.1111111111111111,0.1111111111111111,0.1111111111111111,0.1111111111111111,0.1111111111111111,0.1111111111111111
equal_weight_band_500bp,2012-06-01,0.1111111111111111,0.1111111111111111,0.1111111111111111,0.1111111111111111,0.1111111111111111,0.1111111111111111,0.1111111111111111,0.1111111111111111,0.1111111111111111
equal_weight_band_500bp,2012-07-02,0.1111111111111111,0.1111111111111111,0.1111111111111111,0.1111111111111111,0.1111111111111111,0.1111111111111111,0.1111111111111111,0.1111111111111111,0.1111111111111111
equal_weight_band_500bp,2012-08-01,0.1111111111111111,0.1111111111111111,0.1111111111111111,0.1111111111111111,0.1111111111111111,0.1111111111111111,0.1111111111111111,0.1111111111111111,0.1111111111111111
equal_weight_band_500bp,2012-09-04,0.1111111111111111,0.1111111111111111,0.1111111111111111,0.1111111111111111,0.1111111111111111,0.1111111111111111,0.1111111111111111,0.1111111111111111,0.1111111111111111
equal_weight_band_500bp,2012-10-01,0.1111111111111111,0.1111111111111111,0.1111111111111111,0.1111111111111111,0.1111111111111111,0.1111111111111111,0.1111111111111111,0.1111111111111111,0.1111111111111111
equal_weight_band_500bp,2012-11-01,0.1111111111111111,0.1111111111111111,0.1111111111111111,0.1111111111111111,0.1111111111111111,0.1111111111111111,0.1111111111111111,0.1111111111111111,0.1111111111111111
equal_weight_band_500bp,2012-12-03,0.1111111111111111,0.1111111111111111,0.1111111111111111,0.1111111111111111,0.1111111111111111,0.1111111111111111,0.1111111111111111,0.1111111111111111,0.1111111111111111
equal_weight_band_500bp,2013-01-02,0.1111111111111111,0.1111111111111111,0.1111111111111111,0.1111111111111111,0.1111111111111111,0.1111111111111111,0.1111111111111111,0.1111111111111111,0.1111111111111111
equal_weight_band_500bp,2013-02-01,0.1111111111111111,0.1111111111111111,0.1111111111111111,0.1111111111111111,0.1111111111111111,0.1111111111111111,0.1111111111111111,0.1111111111111111,0.1111111111111111
equal_weight_band_500bp,2013-03-01,0.1111111111111111,0.1111111111111111,0.1111111111111111,0.1111111111111111,0.1111111111111111,0.1111111111111111,0.1111111111111111,0.1111111111111111,0.1111111111111111
equal_weight_band_500bp,2013-04-01,0.1111111111111111,0.1111111111111111,0.1111111111111111,0.1111111111111111,0.1111111111111111,0.1111111111111111,0.1111111111111111,0.1111111111111111,0.1111111111111111
equal_weight_band_500bp,2013-05-01,0.1111111111111111,0.1111111111111111,0.1111111111111111,0.1111111111111111,0.1111111111111111,0.1111111111111111,0.1111111111111111,0.1111111111111111,0.1111111111111111
equal_weight_band_500bp,2013-06-03,0.1111111111111111,0.1111111111111111,0.1111111111111111,0.1111111111111111,0.1111111111111111,0.1111111111111111,0.1111111111111111,0.1111111111111111,0.1111111111111111
equal_weight_band_500bp,2013-07-01,0.1111111111111111,0.1111111111111111,0.1111111111111111,0.1111111111111111,0.1111111111111111,0.1111111111111111,0.1111111111111111,0.1111111111111111,0.1111111111111111
equal_weight_band_500bp,2013-08-01,0.1111111111111111,0.1111111111111111,0.1111111111111111,0.1111111111111111,0.1111111111111111,0.1111111111111111,0.1111111111111111,0.1111111111111111,0.1111111111111111
equal_weight_band_500bp,2013-09-03,0.1111111111111111,0.1111111111111111,0.1111111111111111,0.1111111111111111,0.1111111111111111,0.1111111111111111,0.1111111111111111,0.1111111111111111,0.1111111111111111
equal_weight_band_500bp,2013-10-01,0.1111111111111111,0.1111111111111111,0.1111111111111111,0.1111111111111111,0.1111111111111111,0.1111111111111111,0.1111111111111111,0.1111111111111111,0.1111111111111111
equal_weight_band_500bp,2013-11-01,0.1111111111111111,0.1111111111111111,0.1111111111111111,0.1111111111111111,0.1111111111111111,0.1111111111111111,0.1111111111111111,0.1111111111111111,0.1111111111111111
equal_weight_band_500bp,2013-12-02,0.1111111111111111,0.1111111111111111,0.1111111111111111,0.1111111111111111,0.1111111111111111,0.1111111111111111,0.1111111111111111,0.1111111111111111,0.1111111111111111
equal_weight_band_500bp,2014-01-02,0.1111111111111111,0.1111111111111111,0.1111111111111111,0.1111111111111111,0.1111111111111111,0.1111111111111111,0.1111111111111111,0.1111111111111111,0.1111111111111111
equal_weight_band_500bp,2014-02-03,0.1111111111111111,0.1111111111111111,0.1111111111111111,0.1111111111111111,0.1111111111111111,0.1111111111111111,0.1111111111111111,0.1111111111111111,0.1111111111111111
equal_weight_band_500bp,2014-03-03,0.1111111111111111,0.1111111111111111,0.1111111111111111,0.1111111111111111,0.1111111111111111,0.1111111111111111,0.1111111111111111,0.1111111111111111,0.1111111111111111
equal_weight_band_500bp,2014-04-01,0.1111111111111111,0.1111111111111111,0.1111111111111111,0.1111111111111111,0.1111111111111111,0.1111111111111111,0.1111111111111111,0.1111111111111111,0.1111111111111111
equal_weight_band_500bp,2014-05-01,0.1111111111111111,0.1111111111111111,0.1111111111111111,0.1111111111111111,0.1111111111111111,0.1111111111111111,0.1111111111111111,0.1111111111111111,0.1111111111111111
equal_weight_band_500bp,2014-06-02,0.1111111111111111,0.1111111111111111,0.1111111111111111,0.1111111111111111,0.1111111111111111,0.1111111111111111,0.1111111111111111,0.1111111111111111,0.1111111111111111
equal_weight_band_500bp,2014-07-01,0.1111111111111111,0.1111111111111111,0.1111111111111111,0.1111111111111111,0.1111111111111111,0.1111111111111111,0.1111111111111111,0.1111111111111111,0.1111111111111111
equal_weight_band_500bp,2014-08-01,0.1111111111111111,0.1111111111111111,0.1111111111111111,0.1111111111111111,0.1111111111111111,0.1111111111111111,0.1111111111111111,0.1111111111111111,0.1111111111111111
equal_weight_band_500bp,2014-09-02,0.1111111111111111,0.1111111111111111,0.1111111111111111,0.1111111111111111,0.1111111111111111,0.1111111111111111,0.1111111111111111,0.1111111111111111,0.1111111111111111
equal_weight_band_500bp,2014-10-01,0.1111111111111111,0.1111111111111111,0.1111111111111111,0.1111111111111111,0.1111111111111111,0.1111111111111111,0.1111111111111111,0.1111111111111111,0.1111111111111111
equal_weight_band_500bp,2014-11-03,0.1111111111111111,0.1111111111111111,0.1111111111111111,0.1111111111111111,0.1111111111111111,0.1111111111111111,0.1111111111111111,0.1111111111111111,0.1111111111111111
equal_weight_band_500bp,2014-12-01,0.1111111111111111,0.1111111111111111,0.1111111111111111,0.1111111111111111,0.1111111111111111,0.1111111111111111,0.1111111111111111,0.1111111111111111,0.1111111111111111
equal_weight_band_500bp,2015-01-02,0.1111111111111111,0.1111111111111111,0.1111111111111111,0.1111111111111111,0.1111111111111111,0.1111111111111111,0.1111111111111111,0.1111111111111111,0.1111111111111111
equal_weight_band_500bp,2015-02-02,0.1111111111111111,0.1111111111111111,0.1111111111111111,0.1111111111111111,0.1111111111111111,0.1111111111111111,0.1111111111111111,0.1111111111111111,0.1111111111111111
equal_weight_band_500bp,2015-03-02,0.1111111111111111,0.1111111111111111,0.1111111111111111,0.1111111111111111,0.1111111111111111,0.1111111111111111,0.1111111111111111,0.1111111111111111,0.1111111111111111
equal_weight_band_500bp,2015-04-01,0.1111111111111111,0.1111111111111111,0.1111111111111111,0.1111111111111111,0.1111111111111111,0.1111111111111111,0.1111111111111111,0.1111111111111111,0.1111111111111111
equal_weight_band_500bp,2015-05-01,0.1111111111111111,0.1111111111111111,0.1111111111111111,0.1111111111111111,0.1111111111111111,0.1111111111111111,0.1111111111111111,0.1111111111111111,0.1111111111111111
equal_weight_band_500bp,2015-06-01,0.1111111111111111,0.1111111111111111,0.1111111111111111,0.1111111111111111,0.1111111111111111,0.1111111111111111,0.1111111111111111,0.1111111111111111,0.1111111111111111
equal_weight_band_500bp,2015-07-01,0.1111111111111111,0.1111111111111111,0.1111111111111111,0.1111111111111111,0.1111111111111111,0.1111111111111111,0.1111111111111111,0.1111111111111111,0.1111111111111111
equal_weight_band_500bp,2015-08-03,0.1111111111111111,0.1111111111111111,0.1111111111111111,0.1111111111111111,0.1111111111111111,0.1111111111111111,0.1111111111111111,0.1111111111111111,0.1111111111111111
equal_weight_band_500bp,2015-09-01,0.1111111111111111,0.1111111111111111,0.1111111111111111,0.1111111111111111,0.1111111111111111,0.1111111111111111,0.1111111111111111,0.1111111111111111,0.1111111111111111
equal_weight_band_500bp,2015-10-01,0.1111111111111111,0.1111111111111111,0.1111111111111111,0.1111111111111111,0.1111111111111111,0.1111111111111111,0.1111111111111111,0.1111111111111111,0.1111111111111111
equal_weight_band_500bp,2015-11-02,0.1111111111111111,0.1111111111111111,0.1111111111111111,0.1111111111111111,0.1111111111111111,0.1111111111111111,0.1111111111111111,0.1111111111111111,0.1111111111111111
equal_weight_band_500bp,2015-12-01,0.1111111111111111,0.1111111111111111,0.1111111111111111,0.1111111111111111,0.1111111111111111,0.1111111111111111,0.1111111111111111,0.1111111111111111,0.1111111111111111
equal_weight_band_500bp,2016-01-04,0.1111111111111111,0.1111111111111111,0.1111111111111111,0.1111111111111111,0.1111111111111111,0.1111111111111111,0.1111111111111111,0.1111111111111111,0.1111111111111111
equal_weight_band_500bp,2016-02-01,0.1111111111111111,0.1111111111111111,0.1111111111111111,0.1111111111111111,0.1111111111111111,0.1111111111111111,0.1111111111111111,0.1111111111111111,0.1111111111111111
equal_weight_band_500bp,2016-03-01,0.1111111111111111,0.1111111111111111,0.1111111111111111,0.1111111111111111,0.1111111111111111,0.1111111111111111,0.1111111111111111,0.1111111111111111,0.1111111111111111
equal_weight_band_500bp,2016-04-01,0.1111111111111111,0.1111111111111111,0.1111111111111111,0.1111111111111111,0.1111111111111111,0.1111111111111111,0.1111111111111111,0.1111111111111111,0.1111111111111111
equal_weight_band_500bp,2016-05-02,0.1111111111111111,0.1111111111111111,0.1111111111111111,0.1111111111111111,0.1111111111111111,0.1111111111111111,0.1111111111111111,0.1111111111111111,0.1111111111111111
equal_weight_band_500bp,2016-06-01,0.1111111111111111,0.1111111111111111,0.1111111111111111,0.1111111111111111,0.1111111111111111,0.1111111111111111,0.1111111111111111,0.1111111111111111,0.1111111111111111
equal_weight_band_500bp,2016-07-01,0.1111111111111111,0.1111111111111111,0.1111111111111111,0.1111111111111111,0.1111111111111111,0.1111111111111111,0.1111111111111111,0.1111111111111111,0.1111111111111111
equal_weight_band_500bp,2016-08-01,0.1111111111111111,0.1111111111111111,0.1111111111111111,0.1111111111111111,0.1111111111111111,0.1111111111111111,0.1111111111111111,0.1111111111111111,0.1111111111111111
equal_weight_band_500bp,2016-09-01,0.1111111111111111,0.1111111111111111,0.1111111111111111,0.1111111111111111,0.1111111111111111,0.1111111111111111,0.1111111111111111,0.1111111111111111,0.1111111111111111
equal_weight_band_500bp,2016-10-03,0.1111111111111111,0.1111111111111111,0.1111111111111111,0.1111111111111111,0.1111111111111111,0.1111111111111111,0.1111111111111111,0.1111111111111111,0.1111111111111111
equal_weight_band_500bp,2016-11-01,0.1111111111111111,0.1111111111111111,0.1111111111111111,0.1111111111111111,0.1111111111111111,0.1111111111111111,0.1111111111111111,0.1111111111111111,0.1111111111111111
equal_weight_band_500bp,2016-12-01,0.1111111111111111,0.1111111111111111,0.1111111111111111,0.1111111111111111,0.1111111111111111,0.1111111111111111,0.1111111111111111,0.1111111111111111,0.1111111111111111
equal_weight_band_500bp,2017-01-03,0.1111111111111111,0.1111111111111111,0.1111111111111111,0.1111111111111111,0.1111111111111111,0.1111111111111111,0.1111111111111111,0.1111111111111111,0.1111111111111111
equal_weight_band_500bp,2017-02-01,0.1111111111111111,0.1111111111111111,0.1111111111111111,0.1111111111111111,0.1111111111111111,0.1111111111111111,0.1111111111111111,0.1111111111111111,0.1111111111111111
equal_weight_band_500bp,2017-03-01,0.1111111111111111,0.1111111111111111,0.1111111111111111,0.1111111111111111,0.1111111111111111,0.1111111111111111,0.1111111111111111,0.1111111111111111,0.1111111111111111
equal_weight_band_500bp,2017-04-03,0.1111111111111111,0.1111111111111111,0.1111111111111111,0.1111111111111111,0.1111111111111111,0.1111111111111111,0.1111111111111111,0.1111111111111111,0.1111111111111111
equal_weight_band_500bp,2017-05-01,0.1111111111111111,0.1111111111111111,0.1111111111111111,0.1111111111111111,0.1111111111111111,0.1111111111111111,0.1111111111111111,0.1111111111111111,0.1111111111111111
equal_weight_band_500bp,2017-06-01,0.1111111111111111,0.1111111111111111,0.1111111111111111,0.1111111111111111,0.1111111111111111,0.1111111111111111,0.1111111111111111,0.1111111111111111,0.1111111111111111
equal_weight_band_500bp,2017-07-03,0.1111111111111111,0.1111111111111111,0.1111111111111111,0.1111111111111111,0.1111111111111111,0.1111111111111111,0.1111111111111111,0.1111111111111111,0.1111111111111111
equal_weight_band_500bp,2017-08-01,0.1111111111111111,0.1111111111111111,0.1111111111111111,0.1111111111111111,0.1111111111111111,0.1111111111111111,0.1111111111111111,0.1111111111111111,0.1111111111111111
equal_weight_band_500bp,2017-09-01,0.1111111111111111,0.1111111111111111,0.1111111111111111,0.1111111111111111,0.1111111111111111,0.1111111111111111,0.1111111111111111,0.1111111111111111,0.1111111111111111
equal_weight_band_500bp,2017-10-02,0.1111111111111111,0.1111111111111111,0.1111111111111111,0.1111111111111111,0.1111111111111111,0.1111111111111111,0.1111111111111111,0.1111111111111111,0.1111111111111111
equal_weight_band_500bp,2017-11-01,0.1111111111111111,0.1111111111111111,0.1111111111111111,0.1111111111111111,0.1111111111111111,0.1111111111111111,0.1111111111111111,0.1111111111111111,0.1111111111111111
equal_weight_band_500bp,2017-12-01,0.1111111111111111,0.1111111111111111,0.1111111111111111,0.1111111111111111,0.1111111111111111,0.1111111111111111,0.1111111111111111,0.1111111111111111,0.1111111111111111
equal_weight_band_500bp,2018-01-02,0.1111111111111111,0.1111111111111111,0.1111111111111111,0.1111111111111111,0.1111111111111111,0.1111111111111111,0.1111111111111111,0.1111111111111111,0.1111111111111111
equal_weight_band_500bp,2018-02-01,0.1111111111111111,0.1111111111111111,0.1111111111111111,0.1111111111111111,0.1111111111111111,0.1111111111111111,0.1111111111111111,0.1111111111111111,0.1111111111111111
equal_weight_band_500bp,2018-03-01,0.1111111111111111,0.1111111111111111,0.1111111111111111,0.1111111111111111,0.1111111111111111,0.1111111111111111,0.1111111111111111,0.1111111111111111,0.1111111111111111
equal_weight_band_500bp,2018-04-02,0.1111111111111111,0.1111111111111111,0.1111111111111111,0.1111111111111111,0.1111111111111111,0.1111111111111111,0.1111111111111111,0.1111111111111111,0.1111111111111111
equal_weight_band_500bp,2018-05-01,0.1111111111111111,0.1111111111111111,0.1111111111111111,0.1111111111111111,0.1111111111111111,0.1111111111111111,0.1111111111111111,0.1111111111111111,0.1111111111111111
equal_weight_band_500bp,2018-06-01,0.1111111111111111,0.1111111111111111,0.1111111111111111,0.1111111111111111,0.1111111111111111,0.1111111111111111,0.1111111111111111,0.1111111111111111,0.1111111111111111
equal_weight_band_500bp,2018-07-02,0.1111111111111111,0.1111111111111111,0.1111111111111111,0.1111111111111111,0.1111111111111111,0.1111111111111111,0.1111111111111111,0.1111111111111111,0.1111111111111111
equal_weight_band_500bp,2018-08-01,0.1111111111111111,0.1111111111111111,0.1111111111111111,0.1111111111111111,0.1111111111111111,0.1111111111111111,0.1111111111111111,0.1111111111111111,0.1111111111111111
equal_weight_band_500bp,2018-09-04,0.1111111111111111,0.1111111111111111,0.1111111111111111,0.1111111111111111,0.1111111111111111,0.1111111111111111,0.1111111111111111,0.1111111111111111,0.1111111111111111
equal_weight_band_500bp,2018-10-01,0.1111111111111111,0.1111111111111111,0.1111111111111111,0.1111111111111111,0.1111111111111111,0.1111111111111111,0.1111111111111111,0.1111111111111111,0.1111111111111111
equal_weight_band_500bp,2018-11-01,0.1111111111111111,0.1111111111111111,0.1111111111111111,0.1111111111111111,0.1111111111111111,0.1111111111111111,0.1111111111111111,0.1111111111111111,0.1111111111111111
equal_weight_band_500bp,2018-12-03,0.1111111111111111,0.1111111111111111,0.1111111111111111,0.1111111111111111,0.1111111111111111,0.1111111111111111,0.1111111111111111,0.1111111111111111,0.1111111111111111
equal_weight_band_500bp,2019-01-02,0.1111111111111111,0.1111111111111111,0.1111111111111111,0.1111111111111111,0.1111111111111111,0.1111111111111111,0.1111111111111111,0.1111111111111111,0.1111111111111111
equal_weight_band_500bp,2019-02-01,0.1111111111111111,0.1111111111111111,0.1111111111111111,0.1111111111111111,0.1111111111111111,0.1111111111111111,0.1111111111111111,0.1111111111111111,0.1111111111111111
equal_weight_band_500bp,2019-03-01,0.1111111111111111,0.1111111111111111,0.1111111111111111,0.1111111111111111,0.1111111111111111,0.1111111111111111,0.1111111111111111,0.1111111111111111,0.1111111111111111
equal_weight_band_500bp,2019-04-01,0.1111111111111111,0.1111111111111111,0.1111111111111111,0.1111111111111111,0.1111111111111111,0.1111111111111111,0.1111111111111111,0.1111111111111111,0.1111111111111111
equal_weight_band_500bp,2019-05-01,0.1111111111111111,0.1111111111111111,0.1111111111111111,0.1111111111111111,0.1111111111111111,0.1111111111111111,0.1111111111111111,0.1111111111111111,0.1111111111111111
equal_weight_band_500bp,2019-06-03,0.1111111111111111,0.1111111111111111,0.1111111111111111,0.1111111111111111,0.1111111111111111,0.1111111111111111,0.1111111111111111,0.1111111111111111,0.1111111111111111
equal_weight_band_500bp,2019-07-01,0.1111111111111111,0.1111111111111111,0.1111111111111111,0.1111111111111111,0.1111111111111111,0.1111111111111111,0.1111111111111111,0.1111111111111111,0.1111111111111111
equal_weight_band_500bp,2019-08-01,0.1111111111111111,0.1111111111111111,0.1111111111111111,0.1111111111111111,0.1111111111111111,0.1111111111111111,0.1111111111111111,0.1111111111111111,0.1111111111111111
equal_weight_band_500bp,2019-09-03,0.1111111111111111,0.1111111111111111,0.1111111111111111,0.1111111111111111,0.1111111111111111,0.1111111111111111,0.1111111111111111,0.1111111111111111,0.1111111111111111
equal_weight_band_500bp,2019-10-01,0.1111111111111111,0.1111111111111111,0.1111111111111111,0.1111111111111111,0.1111111111111111,0.1111111111111111,0.1111111111111111,0.1111111111111111,0.1111111111111111
equal_weight_band_500bp,2019-11-01,0.1111111111111111,0.1111111111111111,0.1111111111111111,0.1111111111111111,0.1111111111111111,0.1111111111111111,0.1111111111111111,0.1111111111111111,0.1111111111111111
equal_weight_band_500bp,2019-12-02,0.1111111111111111,0.1111111111111111,0.1111111111111111,0.1111111111111111,0.1111111111111111,0.1111111111111111,0.1111111111111111,0.1111111111111111,0.1111111111111111
equal_weight_band_500bp,2020-01-02,0.1111111111111111,0.1111111111111111,0.1111111111111111,0.1111111111111111,0.1111111111111111,0.1111111111111111,0.1111111111111111,0.1111111111111111,0.1111111111111111
equal_weight_band_500bp,2020-02-03,0.1111111111111111,0.1111111111111111,0.1111111111111111,0.1111111111111111,0.1111111111111111,0.1111111111111111,0.1111111111111111,0.1111111111111111,0.1111111111111111
equal_weight_band_500bp,2020-03-02,0.1111111111111111,0.1111111111111111,0.1111111111111111,0.1111111111111111,0.1111111111111111,0.1111111111111111,0.1111111111111111,0.1111111111111111,0.1111111111111111
equal_weight_band_500bp,2020-04-01,0.1111111111111111,0.1111111111111111,0.1111111111111111,0.1111111111111111,0.1111111111111111,0.1111111111111111,0.1111111111111111,0.1111111111111111,0.1111111111111111
equal_weight_band_500bp,2020-05-01,0.1111111111111111,0.1111111111111111,0.1111111111111111,0.1111111111111111,0.1111111111111111,0.1111111111111111,0.1111111111111111,0.1111111111111111,0.1111111111111111
equal_weight_band_500bp,2020-06-01,0.1111111111111111,0.1111111111111111,0.1111111111111111,0.1111111111111111,0.1111111111111111,0.1111111111111111,0.1111111111111111,0.1111111111111111,0.1111111111111111
equal_weight_band_500bp,2020-07-01,0.1111111111111111,0.1111111111111111,0.1111111111111111,0.1111111111111111,0.1111111111111111,0.1111111111111111,0.1111111111111111,0.1111111111111111,0.1111111111111111
equal_weight_band_500bp,2020-08-03,0.1111111111111111,0.1111111111111111,0.1111111111111111,0.1111111111111111,0.1111111111111111,0.1111111111111111,0.1111111111111111,0.1111111111111111,0.1111111111111111
equal_weight_band_500bp,2020-09-01,0.1111111111111111,0.1111111111111111,0.1111111111111111,0.1111111111111111,0.1111111111111111,0.1111111111111111,0.1111111111111111,0.1111111111111111,0.1111111111111111
equal_weight_band_500bp,2020-10-01,0.1111111111111111,0.1111111111111111,0.1111111111111111,0.1111111111111111,0.1111111111111111,0.1111111111111111,0.1111111111111111,0.1111111111111111,0.1111111111111111
equal_weight_band_500bp,2020-11-02,0.1111111111111111,0.1111111111111111,0.1111111111111111,0.1111111111111111,0.1111111111111111,0.1111111111111111,0.1111111111111111,0.1111111111111111,0.1111111111111111
equal_weight_band_500bp,2020-12-01,0.1111111111111111,0.1111111111111111,0.1111111111111111,0.1111111111111111,0.1111111111111111,0.1111111111111111,0.1111111111111111,0.1111111111111111,0.1111111111111111
equal_weight_band_500bp,2021-01-04,0.1111111111111111,0.1111111111111111,0.1111111111111111,0.1111111111111111,0.1111111111111111,0.1111111111111111,0.1111111111111111,0.1111111111111111,0.1111111111111111
equal_weight_band_500bp,2021-02-01,0.1111111111111111,0.1111111111111111,0.1111111111111111,0.1111111111111111,0.1111111111111111,0.1111111111111111,0.1111111111111111,0.1111111111111111,0.1111111111111111
equal_weight_band_500bp,2021-03-01,0.1111111111111111,0.1111111111111111,0.1111111111111111,0.1111111111111111,0.1111111111111111,0.1111111111111111,0.1111111111111111,0.1111111111111111,0.1111111111111111
equal_weight_band_500bp,2021-04-01,0.1111111111111111,0.1111111111111111,0.1111111111111111,0.1111111111111111,0.1111111111111111,0.1111111111111111,0.1111111111111111,0.1111111111111111,0.1111111111111111
equal_weight_band_500bp,2021-05-03,0.1111111111111111,0.1111111111111111,0.1111111111111111,0.1111111111111111,0.1111111111111111,0.1111111111111111,0.1111111111111111,0.1111111111111111,0.1111111111111111
equal_weight_band_500bp,2021-06-01,0.1111111111111111,0.1111111111111111,0.1111111111111111,0.1111111111111111,0.1111111111111111,0.1111111111111111,0.1111111111111111,0.1111111111111111,0.1111111111111111
equal_weight_band_500bp,2021-07-01,0.1111111111111111,0.1111111111111111,0.1111111111111111,0.1111111111111111,0.1111111111111111,0.1111111111111111,0.1111111111111111,0.1111111111111111,0.1111111111111111
equal_weight_band_500bp,2021-08-02,0.1111111111111111,0.1111111111111111,0.1111111111111111,0.1111111111111111,0.1111111111111111,0.1111111111111111,0.1111111111111111,0.1111111111111111,0.1111111111111111
equal_weight_band_500bp,2021-09-01,0.1111111111111111,0.1111111111111111,0.1111111111111111,0.1111111111111111,0.1111111111111111,0.1111111111111111,0.1111111111111111,0.1111111111111111,0.1111111111111111
equal_weight_band_500bp,2021-10-01,0.1111111111111111,0.1111111111111111,0.1111111111111111,0.1111111111111111,0.1111111111111111,0.1111111111111111,0.1111111111111111,0.1111111111111111,0.1111111111111111
equal_weight_band_500bp,2021-11-01,0.1111111111111111,0.1111111111111111,0.1111111111111111,0.1111111111111111,0.1111111111111111,0.1111111111111111,0.1111111111111111,0.1111111111111111,0.1111111111111111
equal_weight_band_500bp,2021-12-01,0.1111111111111111,0.1111111111111111,0.1111111111111111,0.1111111111111111,0.1111111111111111,0.1111111111111111,0.1111111111111111,0.1111111111111111,0.1111111111111111
equal_weight_band_500bp,2022-01-03,0.1111111111111111,0.1111111111111111,0.1111111111111111,0.1111111111111111,0.1111111111111111,0.1111111111111111,0.1111111111111111,0.1111111111111111,0.1111111111111111
equal_weight_band_500bp,2022-02-01,0.1111111111111111,0.1111111111111111,0.1111111111111111,0.1111111111111111,0.1111111111111111,0.1111111111111111,0.1111111111111111,0.1111111111111111,0.1111111111111111
equal_weight_band_500bp,2022-03-01,0.1111111111111111,0.1111111111111111,0.1111111111111111,0.1111111111111111,0.1111111111111111,0.1111111111111111,0.1111111111111111,0.1111111111111111,0.1111111111111111
equal_weight_band_500bp,2022-04-01,0.1111111111111111,0.1111111111111111,0.1111111111111111,0.1111111111111111,0.1111111111111111,0.1111111111111111,0.1111111111111111,0.1111111111111111,0.1111111111111111
equal_weight_band_500bp,2022-05-02,0.1111111111111111,0.1111111111111111,0.1111111111111111,0.1111111111111111,0.1111111111111111,0.1111111111111111,0.1111111111111111,0.1111111111111111,0.1111111111111111
equal_weight_band_500bp,2022-06-01,0.1111111111111111,0.1111111111111111,0.1111111111111111,0.1111111111111111,0.1111111111111111,0.1111111111111111,0.1111111111111111,0.1111111111111111,0.1111111111111111
equal_weight_band_500bp,2022-07-01,0.1111111111111111,0.1111111111111111,0.1111111111111111,0.1111111111111111,0.1111111111111111,0.1111111111111111,0.1111111111111111,0.1111111111111111,0.1111111111111111
equal_weight_band_500bp,2022-08-01,0.1111111111111111,0.1111111111111111,0.1111111111111111,0.1111111111111111,0.1111111111111111,0.1111111111111111,0.1111111111111111,0.1111111111111111,0.1111111111111111
equal_weight_band_500bp,2022-09-01,0.1111111111111111,0.1111111111111111,0.1111111111111111,0.1111111111111111,0.1111111111111111,0.1111111111111111,0.1111111111111111,0.1111111111111111,0.1111111111111111
equal_weight_band_500bp,2022-10-03,0.1111111111111111,0.1111111111111111,0.1111111111111111,0.1111111111111111,0.1111111111111111,0.1111111111111111,0.1111111111111111,0.1111111111111111,0.1111111111111111
equal_weight_band_500bp,2022-11-01,0.1111111111111111,0.1111111111111111,0.1111111111111111,0.1111111111111111,0.1111111111111111,0.1111111111111111,0.1111111111111111,0.1111111111111111,0.1111111111111111
equal_weight_band_500bp,2022-12-01,0.1111111111111111,0.1111111111111111,0.1111111111111111,0.1111111111111111,0.1111111111111111,0.1111111111111111,0.1111111111111111,0.1111111111111111,0.1111111111111111
equal_weight_band_500bp,2023-01-03,0.1111111111111111,0.1111111111111111,0.1111111111111111,0.1111111111111111,0.1111111111111111,0.1111111111111111,0.1111111111111111,0.1111111111111111,0.1111111111111111
equal_weight_band_500bp,2023-02-01,0.1111111111111111,0.1111111111111111,0.1111111111111111,0.1111111111111111,0.1111111111111111,0.1111111111111111,0.1111111111111111,0.1111111111111111,0.1111111111111111
equal_weight_band_500bp,2023-03-01,0.1111111111111111,0.1111111111111111,0.1111111111111111,0.1111111111111111,0.1111111111111111,0.1111111111111111,0.1111111111111111,0.1111111111111111,0.1111111111111111
equal_weight_band_500bp,2023-04-03,0.1111111111111111,0.1111111111111111,0.1111111111111111,0.1111111111111111,0.1111111111111111,0.1111111111111111,0.1111111111111111,0.1111111111111111,0.1111111111111111
equal_weight_band_500bp,2023-05-01,0.1111111111111111,0.1111111111111111,0.1111111111111111,0.1111111111111111,0.1111111111111111,0.1111111111111111,0.1111111111111111,0.1111111111111111,0.1111111111111111
equal_weight_band_500bp,2023-06-01,0.1111111111111111,0.1111111111111111,0.1111111111111111,0.1111111111111111,0.1111111111111111,0.1111111111111111,0.1111111111111111,0.1111111111111111,0.1111111111111111
equal_weight_band_500bp,2023-07-03,0.1111111111111111,0.1111111111111111,0.1111111111111111,0.1111111111111111,0.1111111111111111,0.1111111111111111,0.1111111111111111,0.1111111111111111,0.1111111111111111
equal_weight_band_500bp,2023-08-01,0.1111111111111111,0.1111111111111111,0.1111111111111111,0.1111111111111111,0.1111111111111111,0.1111111111111111,0.1111111111111111,0.1111111111111111,0.1111111111111111
equal_weight_band_500bp,2023-09-01,0.1111111111111111,0.1111111111111111,0.1111111111111111,0.1111111111111111,0.1111111111111111,0.1111111111111111,0.1111111111111111,0.1111111111111111,0.1111111111111111
equal_weight_band_500bp,2023-10-02,0.1111111111111111,0.1111111111111111,0.1111111111111111,0.1111111111111111,0.1111111111111111,0.1111111111111111,0.1111111111111111,0.1111111111111111,0.1111111111111111
equal_weight_band_500bp,2023-11-01,0.1111111111111111,0.1111111111111111,0.1111111111111111,0.1111111111111111,0.1111111111111111,0.1111111111111111,0.1111111111111111,0.1111111111111111,0.1111111111111111
equal_weight_band_500bp,2023-12-01,0.1111111111111111,0.1111111111111111,0.1111111111111111,0.1111111111111111,0.1111111111111111,0.1111111111111111,0.1111111111111111,0.1111111111111111,0.1111111111111111
equal_weight_band_500bp,2024-01-02,0.1111111111111111,0.1111111111111111,0.1111111111111111,0.1111111111111111,0.1111111111111111,0.1111111111111111,0.1111111111111111,0.1111111111111111,0.1111111111111111
equal_weight_band_500bp,2024-02-01,0.1111111111111111,0.1111111111111111,0.1111111111111111,0.1111111111111111,0.1111111111111111,0.1111111111111111,0.1111111111111111,0.1111111111111111,0.1111111111111111
equal_weight_band_500bp,2024-03-01,0.1111111111111111,0.1111111111111111,0.1111111111111111,0.1111111111111111,0.1111111111111111,0.1111111111111111,0.1111111111111111,0.1111111111111111,0.1111111111111111
equal_weight_band_500bp,2024-04-01,0.1111111111111111,0.1111111111111111,0.1111111111111111,0.1111111111111111,0.1111111111111111,0.1111111111111111,0.1111111111111111,0.1111111111111111,0.1111111111111111
equal_weight_band_500bp,2024-05-01,0.1111111111111111,0.1111111111111111,0.1111111111111111,0.1111111111111111,0.1111111111111111,0.1111111111111111,0.1111111111111111,0.1111111111111111,0.1111111111111111
equal_weight_band_500bp,2024-06-03,0.1111111111111111,0.1111111111111111,0.1111111111111111,0.1111111111111111,0.1111111111111111,0.1111111111111111,0.1111111111111111,0.1111111111111111,0.1111111111111111
equal_weight_band_500bp,2024-07-01,0.1111111111111111,0.1111111111111111,0.1111111111111111,0.1111111111111111,0.1111111111111111,0.1111111111111111,0.1111111111111111,0.1111111111111111,0.1111111111111111
equal_weight_band_500bp,2024-08-01,0.1111111111111111,0.1111111111111111,0.1111111111111111,0.1111111111111111,0.1111111111111111,0.1111111111111111,0.1111111111111111,0.1111111111111111,0.1111111111111111
equal_weight_band_500bp,2024-09-03,0.1111111111111111,0.1111111111111111,0.1111111111111111,0.1111111111111111,0.1111111111111111,0.1111111111111111,0.1111111111111111,0.1111111111111111,0.1111111111111111
equal_weight_band_500bp,2024-10-01,0.1111111111111111,0.1111111111111111,0.1111111111111111,0.1111111111111111,0.1111111111111111,0.1111111111111111,0.1111111111111111,0.1111111111111111,0.1111111111111111
equal_weight_band_500bp,2024-11-01,0.1111111111111111,0.1111111111111111,0.1111111111111111,0.1111111111111111,0.1111111111111111,0.1111111111111111,0.1111111111111111,0.1111111111111111,0.1111111111111111
equal_weight_band_500bp,2024-12-02,0.1111111111111111,0.1111111111111111,0.1111111111111111,0.1111111111111111,0.1111111111111111,0.1111111111111111,0.1111111111111111,0.1111111111111111,0.1111111111111111
equal_weight_band_500bp,2025-01-02,0.1111111111111111,0.1111111111111111,0.1111111111111111,0.1111111111111111,0.1111111111111111,0.1111111111111111,0.1111111111111111,0.1111111111111111,0.1111111111111111
equal_weight_band_500bp,2025-02-03,0.1111111111111111,0.1111111111111111,0.1111111111111111,0.1111111111111111,0.1111111111111111,0.1111111111111111,0.1111111111111111,0.1111111111111111,0.1111111111111111
equal_weight_band_500bp,2025-03-03,0.1111111111111111,0.1111111111111111,0.1111111111111111,0.1111111111111111,0.1111111111111111,0.1111111111111111,0.1111111111111111,0.1111111111111111,0.1111111111111111
equal_weight_band_500bp,2025-04-01,0.1111111111111111,0.1111111111111111,0.1111111111111111,0.1111111111111111,0.1111111111111111,0.1111111111111111,0.1111111111111111,0.1111111111111111,0.1111111111111111
equal_weight_band_500bp,2025-05-01,0.1111111111111111,0.1111111111111111,0.1111111111111111,0.1111111111111111,0.1111111111111111,0.1111111111111111,0.1111111111111111,0.1111111111111111,0.1111111111111111
equal_weight_band_500bp,2025-06-02,0.1111111111111111,0.1111111111111111,0.1111111111111111,0.1111111111111111,0.1111111111111111,0.1111111111111111,0.1111111111111111,0.1111111111111111,0.1111111111111111
equal_weight_band_500bp,2025-07-01,0.1111111111111111,0.1111111111111111,0.1111111111111111,0.1111111111111111,0.1111111111111111,0.1111111111111111,0.1111111111111111,0.1111111111111111,0.1111111111111111
equal_weight_band_500bp,2025-08-01,0.1111111111111111,0.1111111111111111,0.1111111111111111,0.1111111111111111,0.1111111111111111,0.1111111111111111,0.1111111111111111,0.1111111111111111,0.1111111111111111
equal_weight_band_500bp,2025-09-02,0.1111111111111111,0.1111111111111111,0.1111111111111111,0.1111111111111111,0.1111111111111111,0.1111111111111111,0.1111111111111111,0.1111111111111111,0.1111111111111111
equal_weight_band_500bp,2025-10-01,0.1111111111111111,0.1111111111111111,0.1111111111111111,0.1111111111111111,0.1111111111111111,0.1111111111111111,0.1111111111111111,0.1111111111111111,0.1111111111111111
equal_weight_band_500bp,2025-11-03,0.1111111111111111,0.1111111111111111,0.1111111111111111,0.1111111111111111,0.1111111111111111,0.1111111111111111,0.1111111111111111,0.1111111111111111,0.1111111111111111
equal_weight_band_500bp,2025-12-01,0.1111111111111111,0.1111111111111111,0.1111111111111111,0.1111111111111111,0.1111111111111111,0.1111111111111111,0.1111111111111111,0.1111111111111111,0.1111111111111111
equal_weight_band_750bp,2011-01-03,0.1111111111111111,0.1111111111111111,0.1111111111111111,0.1111111111111111,0.1111111111111111,0.1111111111111111,0.1111111111111111,0.1111111111111111,0.1111111111111111
equal_weight_band_750bp,2011-02-01,0.1111111111111111,0.1111111111111111,0.1111111111111111,0.1111111111111111,0.1111111111111111,0.1111111111111111,0.1111111111111111,0.1111111111111111,0.1111111111111111
equal_weight_band_750bp,2011-03-01,0.1111111111111111,0.1111111111111111,0.1111111111111111,0.1111111111111111,0.1111111111111111,0.1111111111111111,0.1111111111111111,0.1111111111111111,0.1111111111111111
equal_weight_band_750bp,2011-04-01,0.1111111111111111,0.1111111111111111,0.1111111111111111,0.1111111111111111,0.1111111111111111,0.1111111111111111,0.1111111111111111,0.1111111111111111,0.1111111111111111
equal_weight_band_750bp,2011-05-02,0.1111111111111111,0.1111111111111111,0.1111111111111111,0.1111111111111111,0.1111111111111111,0.1111111111111111,0.1111111111111111,0.1111111111111111,0.1111111111111111
equal_weight_band_750bp,2011-06-01,0.1111111111111111,0.1111111111111111,0.1111111111111111,0.1111111111111111,0.1111111111111111,0.1111111111111111,0.1111111111111111,0.1111111111111111,0.1111111111111111
equal_weight_band_750bp,2011-07-01,0.1111111111111111,0.1111111111111111,0.1111111111111111,0.1111111111111111,0.1111111111111111,0.1111111111111111,0.1111111111111111,0.1111111111111111,0.1111111111111111
equal_weight_band_750bp,2011-08-01,0.1111111111111111,0.1111111111111111,0.1111111111111111,0.1111111111111111,0.1111111111111111,0.1111111111111111,0.1111111111111111,0.1111111111111111,0.1111111111111111
equal_weight_band_750bp,2011-09-01,0.1111111111111111,0.1111111111111111,0.1111111111111111,0.1111111111111111,0.1111111111111111,0.1111111111111111,0.1111111111111111,0.1111111111111111,0.1111111111111111
equal_weight_band_750bp,2011-10-03,0.1111111111111111,0.1111111111111111,0.1111111111111111,0.1111111111111111,0.1111111111111111,0.1111111111111111,0.1111111111111111,0.1111111111111111,0.1111111111111111
equal_weight_band_750bp,2011-11-01,0.1111111111111111,0.1111111111111111,0.1111111111111111,0.1111111111111111,0.1111111111111111,0.1111111111111111,0.1111111111111111,0.1111111111111111,0.1111111111111111
equal_weight_band_750bp,2011-12-01,0.1111111111111111,0.1111111111111111,0.1111111111111111,0.1111111111111111,0.1111111111111111,0.1111111111111111,0.1111111111111111,0.1111111111111111,0.1111111111111111
equal_weight_band_750bp,2012-01-03,0.1111111111111111,0.1111111111111111,0.1111111111111111,0.1111111111111111,0.1111111111111111,0.1111111111111111,0.1111111111111111,0.1111111111111111,0.1111111111111111
equal_weight_band_750bp,2012-02-01,0.1111111111111111,0.1111111111111111,0.1111111111111111,0.1111111111111111,0.1111111111111111,0.1111111111111111,0.1111111111111111,0.1111111111111111,0.1111111111111111
equal_weight_band_750bp,2012-03-01,0.1111111111111111,0.1111111111111111,0.1111111111111111,0.1111111111111111,0.1111111111111111,0.1111111111111111,0.1111111111111111,0.1111111111111111,0.1111111111111111
equal_weight_band_750bp,2012-04-02,0.1111111111111111,0.1111111111111111,0.1111111111111111,0.1111111111111111,0.1111111111111111,0.1111111111111111,0.1111111111111111,0.1111111111111111,0.1111111111111111
equal_weight_band_750bp,2012-05-01,0.1111111111111111,0.1111111111111111,0.1111111111111111,0.1111111111111111,0.1111111111111111,0.1111111111111111,0.1111111111111111,0.1111111111111111,0.1111111111111111
equal_weight_band_750bp,2012-06-01,0.1111111111111111,0.1111111111111111,0.1111111111111111,0.1111111111111111,0.1111111111111111,0.1111111111111111,0.1111111111111111,0.1111111111111111,0.1111111111111111
equal_weight_band_750bp,2012-07-02,0.1111111111111111,0.1111111111111111,0.1111111111111111,0.1111111111111111,0.1111111111111111,0.1111111111111111,0.1111111111111111,0.1111111111111111,0.1111111111111111
equal_weight_band_750bp,2012-08-01,0.1111111111111111,0.1111111111111111,0.1111111111111111,0.1111111111111111,0.1111111111111111,0.1111111111111111,0.1111111111111111,0.1111111111111111,0.1111111111111111
equal_weight_band_750bp,2012-09-04,0.1111111111111111,0.1111111111111111,0.1111111111111111,0.1111111111111111,0.1111111111111111,0.1111111111111111,0.1111111111111111,0.1111111111111111,0.1111111111111111
equal_weight_band_750bp,2012-10-01,0.1111111111111111,0.1111111111111111,0.1111111111111111,0.1111111111111111,0.1111111111111111,0.1111111111111111,0.1111111111111111,0.1111111111111111,0.1111111111111111
equal_weight_band_750bp,2012-11-01,0.1111111111111111,0.1111111111111111,0.1111111111111111,0.1111111111111111,0.1111111111111111,0.1111111111111111,0.1111111111111111,0.1111111111111111,0.1111111111111111
equal_weight_band_750bp,2012-12-03,0.1111111111111111,0.1111111111111111,0.1111111111111111,0.1111111111111111,0.1111111111111111,0.1111111111111111,0.1111111111111111,0.1111111111111111,0.1111111111111111
equal_weight_band_750bp,2013-01-02,0.1111111111111111,0.1111111111111111,0.1111111111111111,0.1111111111111111,0.1111111111111111,0.1111111111111111,0.1111111111111111,0.1111111111111111,0.1111111111111111
equal_weight_band_750bp,2013-02-01,0.1111111111111111,0.1111111111111111,0.1111111111111111,0.1111111111111111,0.1111111111111111,0.1111111111111111,0.1111111111111111,0.1111111111111111,0.1111111111111111
equal_weight_band_750bp,2013-03-01,0.1111111111111111,0.1111111111111111,0.1111111111111111,0.1111111111111111,0.1111111111111111,0.1111111111111111,0.1111111111111111,0.1111111111111111,0.1111111111111111
equal_weight_band_750bp,2013-04-01,0.1111111111111111,0.1111111111111111,0.1111111111111111,0.1111111111111111,0.1111111111111111,0.1111111111111111,0.1111111111111111,0.1111111111111111,0.1111111111111111
equal_weight_band_750bp,2013-05-01,0.1111111111111111,0.1111111111111111,0.1111111111111111,0.1111111111111111,0.1111111111111111,0.1111111111111111,0.1111111111111111,0.1111111111111111,0.1111111111111111
equal_weight_band_750bp,2013-06-03,0.1111111111111111,0.1111111111111111,0.1111111111111111,0.1111111111111111,0.1111111111111111,0.1111111111111111,0.1111111111111111,0.1111111111111111,0.1111111111111111
equal_weight_band_750bp,2013-07-01,0.1111111111111111,0.1111111111111111,0.1111111111111111,0.1111111111111111,0.1111111111111111,0.1111111111111111,0.1111111111111111,0.1111111111111111,0.1111111111111111
equal_weight_band_750bp,2013-08-01,0.1111111111111111,0.1111111111111111,0.1111111111111111,0.1111111111111111,0.1111111111111111,0.1111111111111111,0.1111111111111111,0.1111111111111111,0.1111111111111111
equal_weight_band_750bp,2013-09-03,0.1111111111111111,0.1111111111111111,0.1111111111111111,0.1111111111111111,0.1111111111111111,0.1111111111111111,0.1111111111111111,0.1111111111111111,0.1111111111111111
equal_weight_band_750bp,2013-10-01,0.1111111111111111,0.1111111111111111,0.1111111111111111,0.1111111111111111,0.1111111111111111,0.1111111111111111,0.1111111111111111,0.1111111111111111,0.1111111111111111
equal_weight_band_750bp,2013-11-01,0.1111111111111111,0.1111111111111111,0.1111111111111111,0.1111111111111111,0.1111111111111111,0.1111111111111111,0.1111111111111111,0.1111111111111111,0.1111111111111111
equal_weight_band_750bp,2013-12-02,0.1111111111111111,0.1111111111111111,0.1111111111111111,0.1111111111111111,0.1111111111111111,0.1111111111111111,0.1111111111111111,0.1111111111111111,0.1111111111111111
equal_weight_band_750bp,2014-01-02,0.1111111111111111,0.1111111111111111,0.1111111111111111,0.1111111111111111,0.1111111111111111,0.1111111111111111,0.1111111111111111,0.1111111111111111,0.1111111111111111
equal_weight_band_750bp,2014-02-03,0.1111111111111111,0.1111111111111111,0.1111111111111111,0.1111111111111111,0.1111111111111111,0.1111111111111111,0.1111111111111111,0.1111111111111111,0.1111111111111111
equal_weight_band_750bp,2014-03-03,0.1111111111111111,0.1111111111111111,0.1111111111111111,0.1111111111111111,0.1111111111111111,0.1111111111111111,0.1111111111111111,0.1111111111111111,0.1111111111111111
equal_weight_band_750bp,2014-04-01,0.1111111111111111,0.1111111111111111,0.1111111111111111,0.1111111111111111,0.1111111111111111,0.1111111111111111,0.1111111111111111,0.1111111111111111,0.1111111111111111
equal_weight_band_750bp,2014-05-01,0.1111111111111111,0.1111111111111111,0.1111111111111111,0.1111111111111111,0.1111111111111111,0.1111111111111111,0.1111111111111111,0.1111111111111111,0.1111111111111111
equal_weight_band_750bp,2014-06-02,0.1111111111111111,0.1111111111111111,0.1111111111111111,0.1111111111111111,0.1111111111111111,0.1111111111111111,0.1111111111111111,0.1111111111111111,0.1111111111111111
equal_weight_band_750bp,2014-07-01,0.1111111111111111,0.1111111111111111,0.1111111111111111,0.1111111111111111,0.1111111111111111,0.1111111111111111,0.1111111111111111,0.1111111111111111,0.1111111111111111
equal_weight_band_750bp,2014-08-01,0.1111111111111111,0.1111111111111111,0.1111111111111111,0.1111111111111111,0.1111111111111111,0.1111111111111111,0.1111111111111111,0.1111111111111111,0.1111111111111111
equal_weight_band_750bp,2014-09-02,0.1111111111111111,0.1111111111111111,0.1111111111111111,0.1111111111111111,0.1111111111111111,0.1111111111111111,0.1111111111111111,0.1111111111111111,0.1111111111111111
equal_weight_band_750bp,2014-10-01,0.1111111111111111,0.1111111111111111,0.1111111111111111,0.1111111111111111,0.1111111111111111,0.1111111111111111,0.1111111111111111,0.1111111111111111,0.1111111111111111
equal_weight_band_750bp,2014-11-03,0.1111111111111111,0.1111111111111111,0.1111111111111111,0.1111111111111111,0.1111111111111111,0.1111111111111111,0.1111111111111111,0.1111111111111111,0.1111111111111111
equal_weight_band_750bp,2014-12-01,0.1111111111111111,0.1111111111111111,0.1111111111111111,0.1111111111111111,0.1111111111111111,0.1111111111111111,0.1111111111111111,0.1111111111111111,0.1111111111111111
equal_weight_band_750bp,2015-01-02,0.1111111111111111,0.1111111111111111,0.1111111111111111,0.1111111111111111,0.1111111111111111,0.1111111111111111,0.1111111111111111,0.1111111111111111,0.1111111111111111
equal_weight_band_750bp,2015-02-02,0.1111111111111111,0.1111111111111111,0.1111111111111111,0.1111111111111111,0.1111111111111111,0.1111111111111111,0.1111111111111111,0.1111111111111111,0.1111111111111111
equal_weight_band_750bp,2015-03-02,0.1111111111111111,0.1111111111111111,0.1111111111111111,0.1111111111111111,0.1111111111111111,0.1111111111111111,0.1111111111111111,0.1111111111111111,0.1111111111111111
equal_weight_band_750bp,2015-04-01,0.1111111111111111,0.1111111111111111,0.1111111111111111,0.1111111111111111,0.1111111111111111,0.1111111111111111,0.1111111111111111,0.1111111111111111,0.1111111111111111
equal_weight_band_750bp,2015-05-01,0.1111111111111111,0.1111111111111111,0.1111111111111111,0.1111111111111111,0.1111111111111111,0.1111111111111111,0.1111111111111111,0.1111111111111111,0.1111111111111111
equal_weight_band_750bp,2015-06-01,0.1111111111111111,0.1111111111111111,0.1111111111111111,0.1111111111111111,0.1111111111111111,0.1111111111111111,0.1111111111111111,0.1111111111111111,0.1111111111111111
equal_weight_band_750bp,2015-07-01,0.1111111111111111,0.1111111111111111,0.1111111111111111,0.1111111111111111,0.1111111111111111,0.1111111111111111,0.1111111111111111,0.1111111111111111,0.1111111111111111
equal_weight_band_750bp,2015-08-03,0.1111111111111111,0.1111111111111111,0.1111111111111111,0.1111111111111111,0.1111111111111111,0.1111111111111111,0.1111111111111111,0.1111111111111111,0.1111111111111111
equal_weight_band_750bp,2015-09-01,0.1111111111111111,0.1111111111111111,0.1111111111111111,0.1111111111111111,0.1111111111111111,0.1111111111111111,0.1111111111111111,0.1111111111111111,0.1111111111111111
equal_weight_band_750bp,2015-10-01,0.1111111111111111,0.1111111111111111,0.1111111111111111,0.1111111111111111,0.1111111111111111,0.1111111111111111,0.1111111111111111,0.1111111111111111,0.1111111111111111
equal_weight_band_750bp,2015-11-02,0.1111111111111111,0.1111111111111111,0.1111111111111111,0.1111111111111111,0.1111111111111111,0.1111111111111111,0.1111111111111111,0.1111111111111111,0.1111111111111111
equal_weight_band_750bp,2015-12-01,0.1111111111111111,0.1111111111111111,0.1111111111111111,0.1111111111111111,0.1111111111111111,0.1111111111111111,0.1111111111111111,0.1111111111111111,0.1111111111111111
equal_weight_band_750bp,2016-01-04,0.1111111111111111,0.1111111111111111,0.1111111111111111,0.1111111111111111,0.1111111111111111,0.1111111111111111,0.1111111111111111,0.1111111111111111,0.1111111111111111
equal_weight_band_750bp,2016-02-01,0.1111111111111111,0.1111111111111111,0.1111111111111111,0.1111111111111111,0.1111111111111111,0.1111111111111111,0.1111111111111111,0.1111111111111111,0.1111111111111111
equal_weight_band_750bp,2016-03-01,0.1111111111111111,0.1111111111111111,0.1111111111111111,0.1111111111111111,0.1111111111111111,0.1111111111111111,0.1111111111111111,0.1111111111111111,0.1111111111111111
equal_weight_band_750bp,2016-04-01,0.1111111111111111,0.1111111111111111,0.1111111111111111,0.1111111111111111,0.1111111111111111,0.1111111111111111,0.1111111111111111,0.1111111111111111,0.1111111111111111
equal_weight_band_750bp,2016-05-02,0.1111111111111111,0.1111111111111111,0.1111111111111111,0.1111111111111111,0.1111111111111111,0.1111111111111111,0.1111111111111111,0.1111111111111111,0.1111111111111111
equal_weight_band_750bp,2016-06-01,0.1111111111111111,0.1111111111111111,0.1111111111111111,0.1111111111111111,0.1111111111111111,0.1111111111111111,0.1111111111111111,0.1111111111111111,0.1111111111111111
equal_weight_band_750bp,2016-07-01,0.1111111111111111,0.1111111111111111,0.1111111111111111,0.1111111111111111,0.1111111111111111,0.1111111111111111,0.1111111111111111,0.1111111111111111,0.1111111111111111
equal_weight_band_750bp,2016-08-01,0.1111111111111111,0.1111111111111111,0.1111111111111111,0.1111111111111111,0.1111111111111111,0.1111111111111111,0.1111111111111111,0.1111111111111111,0.1111111111111111
equal_weight_band_750bp,2016-09-01,0.1111111111111111,0.1111111111111111,0.1111111111111111,0.1111111111111111,0.1111111111111111,0.1111111111111111,0.1111111111111111,0.1111111111111111,0.1111111111111111
equal_weight_band_750bp,2016-10-03,0.1111111111111111,0.1111111111111111,0.1111111111111111,0.1111111111111111,0.1111111111111111,0.1111111111111111,0.1111111111111111,0.1111111111111111,0.1111111111111111
equal_weight_band_750bp,2016-11-01,0.1111111111111111,0.1111111111111111,0.1111111111111111,0.1111111111111111,0.1111111111111111,0.1111111111111111,0.1111111111111111,0.1111111111111111,0.1111111111111111
equal_weight_band_750bp,2016-12-01,0.1111111111111111,0.1111111111111111,0.1111111111111111,0.1111111111111111,0.1111111111111111,0.1111111111111111,0.1111111111111111,0.1111111111111111,0.1111111111111111
equal_weight_band_750bp,2017-01-03,0.1111111111111111,0.1111111111111111,0.1111111111111111,0.1111111111111111,0.1111111111111111,0.1111111111111111,0.1111111111111111,0.1111111111111111,0.1111111111111111
equal_weight_band_750bp,2017-02-01,0.1111111111111111,0.1111111111111111,0.1111111111111111,0.1111111111111111,0.1111111111111111,0.1111111111111111,0.1111111111111111,0.1111111111111111,0.1111111111111111
equal_weight_band_750bp,2017-03-01,0.1111111111111111,0.1111111111111111,0.1111111111111111,0.1111111111111111,0.1111111111111111,0.1111111111111111,0.1111111111111111,0.1111111111111111,0.1111111111111111
equal_weight_band_750bp,2017-04-03,0.1111111111111111,0.1111111111111111,0.1111111111111111,0.1111111111111111,0.1111111111111111,0.1111111111111111,0.1111111111111111,0.1111111111111111,0.1111111111111111
equal_weight_band_750bp,2017-05-01,0.1111111111111111,0.1111111111111111,0.1111111111111111,0.1111111111111111,0.1111111111111111,0.1111111111111111,0.1111111111111111,0.1111111111111111,0.1111111111111111
equal_weight_band_750bp,2017-06-01,0.1111111111111111,0.1111111111111111,0.1111111111111111,0.1111111111111111,0.1111111111111111,0.1111111111111111,0.1111111111111111,0.1111111111111111,0.1111111111111111
equal_weight_band_750bp,2017-07-03,0.1111111111111111,0.1111111111111111,0.1111111111111111,0.1111111111111111,0.1111111111111111,0.1111111111111111,0.1111111111111111,0.1111111111111111,0.1111111111111111
equal_weight_band_750bp,2017-08-01,0.1111111111111111,0.1111111111111111,0.1111111111111111,0.1111111111111111,0.1111111111111111,0.1111111111111111,0.1111111111111111,0.1111111111111111,0.1111111111111111
equal_weight_band_750bp,2017-09-01,0.1111111111111111,0.1111111111111111,0.1111111111111111,0.1111111111111111,0.1111111111111111,0.1111111111111111,0.1111111111111111,0.1111111111111111,0.1111111111111111
equal_weight_band_750bp,2017-10-02,0.1111111111111111,0.1111111111111111,0.1111111111111111,0.1111111111111111,0.1111111111111111,0.1111111111111111,0.1111111111111111,0.1111111111111111,0.1111111111111111
equal_weight_band_750bp,2017-11-01,0.1111111111111111,0.1111111111111111,0.1111111111111111,0.1111111111111111,0.1111111111111111,0.1111111111111111,0.1111111111111111,0.1111111111111111,0.1111111111111111
equal_weight_band_750bp,2017-12-01,0.1111111111111111,0.1111111111111111,0.1111111111111111,0.1111111111111111,0.1111111111111111,0.1111111111111111,0.1111111111111111,0.1111111111111111,0.1111111111111111
equal_weight_band_750bp,2018-01-02,0.1111111111111111,0.1111111111111111,0.1111111111111111,0.1111111111111111,0.1111111111111111,0.1111111111111111,0.1111111111111111,0.1111111111111111,0.1111111111111111
equal_weight_band_750bp,2018-02-01,0.1111111111111111,0.1111111111111111,0.1111111111111111,0.1111111111111111,0.1111111111111111,0.1111111111111111,0.1111111111111111,0.1111111111111111,0.1111111111111111
equal_weight_band_750bp,2018-03-01,0.1111111111111111,0.1111111111111111,0.1111111111111111,0.1111111111111111,0.1111111111111111,0.1111111111111111,0.1111111111111111,0.1111111111111111,0.1111111111111111
equal_weight_band_750bp,2018-04-02,0.1111111111111111,0.1111111111111111,0.1111111111111111,0.1111111111111111,0.1111111111111111,0.1111111111111111,0.1111111111111111,0.1111111111111111,0.1111111111111111
equal_weight_band_750bp,2018-05-01,0.1111111111111111,0.1111111111111111,0.1111111111111111,0.1111111111111111,0.1111111111111111,0.1111111111111111,0.1111111111111111,0.1111111111111111,0.1111111111111111
equal_weight_band_750bp,2018-06-01,0.1111111111111111,0.1111111111111111,0.1111111111111111,0.1111111111111111,0.1111111111111111,0.1111111111111111,0.1111111111111111,0.1111111111111111,0.1111111111111111
equal_weight_band_750bp,2018-07-02,0.1111111111111111,0.1111111111111111,0.1111111111111111,0.1111111111111111,0.1111111111111111,0.1111111111111111,0.1111111111111111,0.1111111111111111,0.1111111111111111
equal_weight_band_750bp,2018-08-01,0.1111111111111111,0.1111111111111111,0.1111111111111111,0.1111111111111111,0.1111111111111111,0.1111111111111111,0.1111111111111111,0.1111111111111111,0.1111111111111111
equal_weight_band_750bp,2018-09-04,0.1111111111111111,0.1111111111111111,0.1111111111111111,0.1111111111111111,0.1111111111111111,0.1111111111111111,0.1111111111111111,0.1111111111111111,0.1111111111111111
equal_weight_band_750bp,2018-10-01,0.1111111111111111,0.1111111111111111,0.1111111111111111,0.1111111111111111,0.1111111111111111,0.1111111111111111,0.1111111111111111,0.1111111111111111,0.1111111111111111
equal_weight_band_750bp,2018-11-01,0.1111111111111111,0.1111111111111111,0.1111111111111111,0.1111111111111111,0.1111111111111111,0.1111111111111111,0.1111111111111111,0.1111111111111111,0.1111111111111111
equal_weight_band_750bp,2018-12-03,0.1111111111111111,0.1111111111111111,0.1111111111111111,0.1111111111111111,0.1111111111111111,0.1111111111111111,0.1111111111111111,0.1111111111111111,0.1111111111111111
equal_weight_band_750bp,2019-01-02,0.1111111111111111,0.1111111111111111,0.1111111111111111,0.1111111111111111,0.1111111111111111,0.1111111111111111,0.1111111111111111,0.1111111111111111,0.1111111111111111
equal_weight_band_750bp,2019-02-01,0.1111111111111111,0.1111111111111111,0.1111111111111111,0.1111111111111111,0.1111111111111111,0.1111111111111111,0.1111111111111111,0.1111111111111111,0.1111111111111111
equal_weight_band_750bp,2019-03-01,0.1111111111111111,0.1111111111111111,0.1111111111111111,0.1111111111111111,0.1111111111111111,0.1111111111111111,0.1111111111111111,0.1111111111111111,0.1111111111111111
equal_weight_band_750bp,2019-04-01,0.1111111111111111,0.1111111111111111,0.1111111111111111,0.1111111111111111,0.1111111111111111,0.1111111111111111,0.1111111111111111,0.1111111111111111,0.1111111111111111
equal_weight_band_750bp,2019-05-01,0.1111111111111111,0.1111111111111111,0.1111111111111111,0.1111111111111111,0.1111111111111111,0.1111111111111111,0.1111111111111111,0.1111111111111111,0.1111111111111111
equal_weight_band_750bp,2019-06-03,0.1111111111111111,0.1111111111111111,0.1111111111111111,0.1111111111111111,0.1111111111111111,0.1111111111111111,0.1111111111111111,0.1111111111111111,0.1111111111111111
equal_weight_band_750bp,2019-07-01,0.1111111111111111,0.1111111111111111,0.1111111111111111,0.1111111111111111,0.1111111111111111,0.1111111111111111,0.1111111111111111,0.1111111111111111,0.1111111111111111
equal_weight_band_750bp,2019-08-01,0.1111111111111111,0.1111111111111111,0.1111111111111111,0.1111111111111111,0.1111111111111111,0.1111111111111111,0.1111111111111111,0.1111111111111111,0.1111111111111111
equal_weight_band_750bp,2019-09-03,0.1111111111111111,0.1111111111111111,0.1111111111111111,0.1111111111111111,0.1111111111111111,0.1111111111111111,0.1111111111111111,0.1111111111111111,0.1111111111111111
equal_weight_band_750bp,2019-10-01,0.1111111111111111,0.1111111111111111,0.1111111111111111,0.1111111111111111,0.1111111111111111,0.1111111111111111,0.1111111111111111,0.1111111111111111,0.1111111111111111
equal_weight_band_750bp,2019-11-01,0.1111111111111111,0.1111111111111111,0.1111111111111111,0.1111111111111111,0.1111111111111111,0.1111111111111111,0.1111111111111111,0.1111111111111111,0.1111111111111111
equal_weight_band_750bp,2019-12-02,0.1111111111111111,0.1111111111111111,0.1111111111111111,0.1111111111111111,0.1111111111111111,0.1111111111111111,0.1111111111111111,0.1111111111111111,0.1111111111111111
equal_weight_band_750bp,2020-01-02,0.1111111111111111,0.1111111111111111,0.1111111111111111,0.1111111111111111,0.1111111111111111,0.1111111111111111,0.1111111111111111,0.1111111111111111,0.1111111111111111
equal_weight_band_750bp,2020-02-03,0.1111111111111111,0.1111111111111111,0.1111111111111111,0.1111111111111111,0.1111111111111111,0.1111111111111111,0.1111111111111111,0.1111111111111111,0.1111111111111111
equal_weight_band_750bp,2020-03-02,0.1111111111111111,0.1111111111111111,0.1111111111111111,0.1111111111111111,0.1111111111111111,0.1111111111111111,0.1111111111111111,0.1111111111111111,0.1111111111111111
equal_weight_band_750bp,2020-04-01,0.1111111111111111,0.1111111111111111,0.1111111111111111,0.1111111111111111,0.1111111111111111,0.1111111111111111,0.1111111111111111,0.1111111111111111,0.1111111111111111
equal_weight_band_750bp,2020-05-01,0.1111111111111111,0.1111111111111111,0.1111111111111111,0.1111111111111111,0.1111111111111111,0.1111111111111111,0.1111111111111111,0.1111111111111111,0.1111111111111111
equal_weight_band_750bp,2020-06-01,0.1111111111111111,0.1111111111111111,0.1111111111111111,0.1111111111111111,0.1111111111111111,0.1111111111111111,0.1111111111111111,0.1111111111111111,0.1111111111111111
equal_weight_band_750bp,2020-07-01,0.1111111111111111,0.1111111111111111,0.1111111111111111,0.1111111111111111,0.1111111111111111,0.1111111111111111,0.1111111111111111,0.1111111111111111,0.1111111111111111
equal_weight_band_750bp,2020-08-03,0.1111111111111111,0.1111111111111111,0.1111111111111111,0.1111111111111111,0.1111111111111111,0.1111111111111111,0.1111111111111111,0.1111111111111111,0.1111111111111111
equal_weight_band_750bp,2020-09-01,0.1111111111111111,0.1111111111111111,0.1111111111111111,0.1111111111111111,0.1111111111111111,0.1111111111111111,0.1111111111111111,0.1111111111111111,0.1111111111111111
equal_weight_band_750bp,2020-10-01,0.1111111111111111,0.1111111111111111,0.1111111111111111,0.1111111111111111,0.1111111111111111,0.1111111111111111,0.1111111111111111,0.1111111111111111,0.1111111111111111
equal_weight_band_750bp,2020-11-02,0.1111111111111111,0.1111111111111111,0.1111111111111111,0.1111111111111111,0.1111111111111111,0.1111111111111111,0.1111111111111111,0.1111111111111111,0.1111111111111111
equal_weight_band_750bp,2020-12-01,0.1111111111111111,0.1111111111111111,0.1111111111111111,0.1111111111111111,0.1111111111111111,0.1111111111111111,0.1111111111111111,0.1111111111111111,0.1111111111111111
equal_weight_band_750bp,2021-01-04,0.1111111111111111,0.1111111111111111,0.1111111111111111,0.1111111111111111,0.1111111111111111,0.1111111111111111,0.1111111111111111,0.1111111111111111,0.1111111111111111
equal_weight_band_750bp,2021-02-01,0.1111111111111111,0.1111111111111111,0.1111111111111111,0.1111111111111111,0.1111111111111111,0.1111111111111111,0.1111111111111111,0.1111111111111111,0.1111111111111111
equal_weight_band_750bp,2021-03-01,0.1111111111111111,0.1111111111111111,0.1111111111111111,0.1111111111111111,0.1111111111111111,0.1111111111111111,0.1111111111111111,0.1111111111111111,0.1111111111111111
equal_weight_band_750bp,2021-04-01,0.1111111111111111,0.1111111111111111,0.1111111111111111,0.1111111111111111,0.1111111111111111,0.1111111111111111,0.1111111111111111,0.1111111111111111,0.1111111111111111
equal_weight_band_750bp,2021-05-03,0.1111111111111111,0.1111111111111111,0.1111111111111111,0.1111111111111111,0.1111111111111111,0.1111111111111111,0.1111111111111111,0.1111111111111111,0.1111111111111111
equal_weight_band_750bp,2021-06-01,0.1111111111111111,0.1111111111111111,0.1111111111111111,0.1111111111111111,0.1111111111111111,0.1111111111111111,0.1111111111111111,0.1111111111111111,0.1111111111111111
equal_weight_band_750bp,2021-07-01,0.1111111111111111,0.1111111111111111,0.1111111111111111,0.1111111111111111,0.1111111111111111,0.1111111111111111,0.1111111111111111,0.1111111111111111,0.1111111111111111
equal_weight_band_750bp,2021-08-02,0.1111111111111111,0.1111111111111111,0.1111111111111111,0.1111111111111111,0.1111111111111111,0.1111111111111111,0.1111111111111111,0.1111111111111111,0.1111111111111111
equal_weight_band_750bp,2021-09-01,0.1111111111111111,0.1111111111111111,0.1111111111111111,0.1111111111111111,0.1111111111111111,0.1111111111111111,0.1111111111111111,0.1111111111111111,0.1111111111111111
equal_weight_band_750bp,2021-10-01,0.1111111111111111,0.1111111111111111,0.1111111111111111,0.1111111111111111,0.1111111111111111,0.1111111111111111,0.1111111111111111,0.1111111111111111,0.1111111111111111
equal_weight_band_750bp,2021-11-01,0.1111111111111111,0.1111111111111111,0.1111111111111111,0.1111111111111111,0.1111111111111111,0.1111111111111111,0.1111111111111111,0.1111111111111111,0.1111111111111111
equal_weight_band_750bp,2021-12-01,0.1111111111111111,0.1111111111111111,0.1111111111111111,0.1111111111111111,0.1111111111111111,0.1111111111111111,0.1111111111111111,0.1111111111111111,0.1111111111111111
equal_weight_band_750bp,2022-01-03,0.1111111111111111,0.1111111111111111,0.1111111111111111,0.1111111111111111,0.1111111111111111,0.1111111111111111,0.1111111111111111,0.1111111111111111,0.1111111111111111
equal_weight_band_750bp,2022-02-01,0.1111111111111111,0.1111111111111111,0.1111111111111111,0.1111111111111111,0.1111111111111111,0.1111111111111111,0.1111111111111111,0.1111111111111111,0.1111111111111111
equal_weight_band_750bp,2022-03-01,0.1111111111111111,0.1111111111111111,0.1111111111111111,0.1111111111111111,0.1111111111111111,0.1111111111111111,0.1111111111111111,0.1111111111111111,0.1111111111111111
equal_weight_band_750bp,2022-04-01,0.1111111111111111,0.1111111111111111,0.1111111111111111,0.1111111111111111,0.1111111111111111,0.1111111111111111,0.1111111111111111,0.1111111111111111,0.1111111111111111
equal_weight_band_750bp,2022-05-02,0.1111111111111111,0.1111111111111111,0.1111111111111111,0.1111111111111111,0.1111111111111111,0.1111111111111111,0.1111111111111111,0.1111111111111111,0.1111111111111111
equal_weight_band_750bp,2022-06-01,0.1111111111111111,0.1111111111111111,0.1111111111111111,0.1111111111111111,0.1111111111111111,0.1111111111111111,0.1111111111111111,0.1111111111111111,0.1111111111111111
equal_weight_band_750bp,2022-07-01,0.1111111111111111,0.1111111111111111,0.1111111111111111,0.1111111111111111,0.1111111111111111,0.1111111111111111,0.1111111111111111,0.1111111111111111,0.1111111111111111
equal_weight_band_750bp,2022-08-01,0.1111111111111111,0.1111111111111111,0.1111111111111111,0.1111111111111111,0.1111111111111111,0.1111111111111111,0.1111111111111111,0.1111111111111111,0.1111111111111111
equal_weight_band_750bp,2022-09-01,0.1111111111111111,0.1111111111111111,0.1111111111111111,0.1111111111111111,0.1111111111111111,0.1111111111111111,0.1111111111111111,0.1111111111111111,0.1111111111111111
equal_weight_band_750bp,2022-10-03,0.1111111111111111,0.1111111111111111,0.1111111111111111,0.1111111111111111,0.1111111111111111,0.1111111111111111,0.1111111111111111,0.1111111111111111,0.1111111111111111
equal_weight_band_750bp,2022-11-01,0.1111111111111111,0.1111111111111111,0.1111111111111111,0.1111111111111111,0.1111111111111111,0.1111111111111111,0.1111111111111111,0.1111111111111111,0.1111111111111111
equal_weight_band_750bp,2022-12-01,0.1111111111111111,0.1111111111111111,0.1111111111111111,0.1111111111111111,0.1111111111111111,0.1111111111111111,0.1111111111111111,0.1111111111111111,0.1111111111111111
equal_weight_band_750bp,2023-01-03,0.1111111111111111,0.1111111111111111,0.1111111111111111,0.1111111111111111,0.1111111111111111,0.1111111111111111,0.1111111111111111,0.1111111111111111,0.1111111111111111
equal_weight_band_750bp,2023-02-01,0.1111111111111111,0.1111111111111111,0.1111111111111111,0.1111111111111111,0.1111111111111111,0.1111111111111111,0.1111111111111111,0.1111111111111111,0.1111111111111111
equal_weight_band_750bp,2023-03-01,0.1111111111111111,0.1111111111111111,0.1111111111111111,0.1111111111111111,0.1111111111111111,0.1111111111111111,0.1111111111111111,0.1111111111111111,0.1111111111111111
equal_weight_band_750bp,2023-04-03,0.1111111111111111,0.1111111111111111,0.1111111111111111,0.1111111111111111,0.1111111111111111,0.1111111111111111,0.1111111111111111,0.1111111111111111,0.1111111111111111
equal_weight_band_750bp,2023-05-01,0.1111111111111111,0.1111111111111111,0.1111111111111111,0.1111111111111111,0.1111111111111111,0.1111111111111111,0.1111111111111111,0.1111111111111111,0.1111111111111111
equal_weight_band_750bp,2023-06-01,0.1111111111111111,0.1111111111111111,0.1111111111111111,0.1111111111111111,0.1111111111111111,0.1111111111111111,0.1111111111111111,0.1111111111111111,0.1111111111111111
equal_weight_band_750bp,2023-07-03,0.1111111111111111,0.1111111111111111,0.1111111111111111,0.1111111111111111,0.1111111111111111,0.1111111111111111,0.1111111111111111,0.1111111111111111,0.1111111111111111
equal_weight_band_750bp,2023-08-01,0.1111111111111111,0.1111111111111111,0.1111111111111111,0.1111111111111111,0.1111111111111111,0.1111111111111111,0.1111111111111111,0.1111111111111111,0.1111111111111111
equal_weight_band_750bp,2023-09-01,0.1111111111111111,0.1111111111111111,0.1111111111111111,0.1111111111111111,0.1111111111111111,0.1111111111111111,0.1111111111111111,0.1111111111111111,0.1111111111111111
equal_weight_band_750bp,2023-10-02,0.1111111111111111,0.1111111111111111,0.1111111111111111,0.1111111111111111,0.1111111111111111,0.1111111111111111,0.1111111111111111,0.1111111111111111,0.1111111111111111
equal_weight_band_750bp,2023-11-01,0.1111111111111111,0.1111111111111111,0.1111111111111111,0.1111111111111111,0.1111111111111111,0.1111111111111111,0.1111111111111111,0.1111111111111111,0.1111111111111111
equal_weight_band_750bp,2023-12-01,0.1111111111111111,0.1111111111111111,0.1111111111111111,0.1111111111111111,0.1111111111111111,0.1111111111111111,0.1111111111111111,0.1111111111111111,0.1111111111111111
equal_weight_band_750bp,2024-01-02,0.1111111111111111,0.1111111111111111,0.1111111111111111,0.1111111111111111,0.1111111111111111,0.1111111111111111,0.1111111111111111,0.1111111111111111,0.1111111111111111
equal_weight_band_750bp,2024-02-01,0.1111111111111111,0.1111111111111111,0.1111111111111111,0.1111111111111111,0.1111111111111111,0.1111111111111111,0.1111111111111111,0.1111111111111111,0.1111111111111111
equal_weight_band_750bp,2024-03-01,0.1111111111111111,0.1111111111111111,0.1111111111111111,0.1111111111111111,0.1111111111111111,0.1111111111111111,0.1111111111111111,0.1111111111111111,0.1111111111111111
equal_weight_band_750bp,2024-04-01,0.1111111111111111,0.1111111111111111,0.1111111111111111,0.1111111111111111,0.1111111111111111,0.1111111111111111,0.1111111111111111,0.1111111111111111,0.1111111111111111
equal_weight_band_750bp,2024-05-01,0.1111111111111111,0.1111111111111111,0.1111111111111111,0.1111111111111111,0.1111111111111111,0.1111111111111111,0.1111111111111111,0.1111111111111111,0.1111111111111111
equal_weight_band_750bp,2024-06-03,0.1111111111111111,0.1111111111111111,0.1111111111111111,0.1111111111111111,0.1111111111111111,0.1111111111111111,0.1111111111111111,0.1111111111111111,0.1111111111111111
equal_weight_band_750bp,2024-07-01,0.1111111111111111,0.1111111111111111,0.1111111111111111,0.1111111111111111,0.1111111111111111,0.1111111111111111,0.1111111111111111,0.1111111111111111,0.1111111111111111
equal_weight_band_750bp,2024-08-01,0.1111111111111111,0.1111111111111111,0.1111111111111111,0.1111111111111111,0.1111111111111111,0.1111111111111111,0.1111111111111111,0.1111111111111111,0.1111111111111111
equal_weight_band_750bp,2024-09-03,0.1111111111111111,0.1111111111111111,0.1111111111111111,0.1111111111111111,0.1111111111111111,0.1111111111111111,0.1111111111111111,0.1111111111111111,0.1111111111111111
equal_weight_band_750bp,2024-10-01,0.1111111111111111,0.1111111111111111,0.1111111111111111,0.1111111111111111,0.1111111111111111,0.1111111111111111,0.1111111111111111,0.1111111111111111,0.1111111111111111
equal_weight_band_750bp,2024-11-01,0.1111111111111111,0.1111111111111111,0.1111111111111111,0.1111111111111111,0.1111111111111111,0.1111111111111111,0.1111111111111111,0.1111111111111111,0.1111111111111111
equal_weight_band_750bp,2024-12-02,0.1111111111111111,0.1111111111111111,0.1111111111111111,0.1111111111111111,0.1111111111111111,0.1111111111111111,0.1111111111111111,0.1111111111111111,0.1111111111111111
equal_weight_band_750bp,2025-01-02,0.1111111111111111,0.1111111111111111,0.1111111111111111,0.1111111111111111,0.1111111111111111,0.1111111111111111,0.1111111111111111,0.1111111111111111,0.1111111111111111
equal_weight_band_750bp,2025-02-03,0.1111111111111111,0.1111111111111111,0.1111111111111111,0.1111111111111111,0.1111111111111111,0.1111111111111111,0.1111111111111111,0.1111111111111111,0.1111111111111111
equal_weight_band_750bp,2025-03-03,0.1111111111111111,0.1111111111111111,0.1111111111111111,0.1111111111111111,0.1111111111111111,0.1111111111111111,0.1111111111111111,0.1111111111111111,0.1111111111111111
equal_weight_band_750bp,2025-04-01,0.1111111111111111,0.1111111111111111,0.1111111111111111,0.1111111111111111,0.1111111111111111,0.1111111111111111,0.1111111111111111,0.1111111111111111,0.1111111111111111
equal_weight_band_750bp,2025-05-01,0.1111111111111111,0.1111111111111111,0.1111111111111111,0.1111111111111111,0.1111111111111111,0.1111111111111111,0.1111111111111111,0.1111111111111111,0.1111111111111111
equal_weight_band_750bp,2025-06-02,0.1111111111111111,0.1111111111111111,0.1111111111111111,0.1111111111111111,0.1111111111111111,0.1111111111111111,0.1111111111111111,0.1111111111111111,0.1111111111111111
equal_weight_band_750bp,2025-07-01,0.1111111111111111,0.1111111111111111,0.1111111111111111,0.1111111111111111,0.1111111111111111,0.1111111111111111,0.1111111111111111,0.1111111111111111,0.1111111111111111
equal_weight_band_750bp,2025-08-01,0.1111111111111111,0.1111111111111111,0.1111111111111111,0.1111111111111111,0.1111111111111111,0.1111111111111111,0.1111111111111111,0.1111111111111111,0.1111111111111111
equal_weight_band_750bp,2025-09-02,0.1111111111111111,0.1111111111111111,0.1111111111111111,0.1111111111111111,0.1111111111111111,0.1111111111111111,0.1111111111111111,0.1111111111111111,0.1111111111111111
equal_weight_band_750bp,2025-10-01,0.1111111111111111,0.1111111111111111,0.1111111111111111,0.1111111111111111,0.1111111111111111,0.1111111111111111,0.1111111111111111,0.1111111111111111,0.1111111111111111
equal_weight_band_750bp,2025-11-03,0.1111111111111111,0.1111111111111111,0.1111111111111111,0.1111111111111111,0.1111111111111111,0.1111111111111111,0.1111111111111111,0.1111111111111111,0.1111111111111111
equal_weight_band_750bp,2025-12-01,0.1111111111111111,0.1111111111111111,0.1111111111111111,0.1111111111111111,0.1111111111111111,0.1111111111111111,0.1111111111111111,0.1111111111111111,0.1111111111111111
minimum_variance_monthly,2011-01-03,0.35,0.02613707129296213,0.3039358079385048,0.06809216785810467,0.17385545741340838,0.0,0.0,0.07797949549702014,0.0
minimum_variance_monthly,2011-02-01,0.35,0.025429990812313355,0.30185032051606386,0.06760807329742055,0.17700882424291323,0.0,0.0,0.07810279113128915,0.0
minimum_variance_monthly,2011-03-01,0.35,0.024668382483741386,0.2995016213946684,0.06836276127015535,0.18039794718799104,0.0,0.0,0.0770692876634439,0.0
minimum_variance_monthly,2011-04-01,0.35,0.0235549270944125,0.2987595444082879,0.06814007644023301,0.18447289969186265,0.0,0.0,0.07507255236520397,0.0
minimum_variance_monthly,2011-05-02,0.35,0.024765670376561744,0.2973362391233146,0.06850752995274656,0.18523355281860318,0.0,0.0,0.0741570077287741,0.0
minimum_variance_monthly,2011-06-01,0.35,0.026510631186979463,0.2952579129479904,0.06990643872946153,0.18558912711384964,0.0,0.0,0.07273589002171899,0.0
minimum_variance_monthly,2011-07-01,0.35,0.029460714726343016,0.2909694044170335,0.07006992864605652,0.18820119689381032,0.0,0.0,0.07129875531675682,0.0
minimum_variance_monthly,2011-08-01,0.35,0.029878064800566827,0.2865660445422082,0.07087039873439459,0.1925743357588941,0.0,0.0,0.07011115616393641,0.0
minimum_variance_monthly,2011-09-01,0.35,0.02630032772575409,0.29565296878900055,0.06763572457724953,0.18601888602336406,0.0,0.0,0.07439209288463194,0.0
minimum_variance_monthly,2011-10-03,0.35,0.023763288807224132,0.2782410507315444,0.08893850747965118,0.18732644426539374,0.0,0.0,0.07173070871618661,0.0
minimum_variance_monthly,2011-11-01,0.3499999999999999,0.017571089963997973,0.22042737764677978,0.14321227681599238,0.18819353335986247,0.0,0.0,0.08059572221336744,0.0
minimum_variance_monthly,2011-12-01,0.35,0.01691510606461171,0.22353754513080956,0.11793288529103377,0.20446207175748732,0.0,0.0,0.08715239175605762,0.0
minimum_variance_monthly,2012-01-03,0.35,0.013604162900517906,0.18980934975491046,0.11720306365304037,0.24240333159754615,0.0,0.0,0.08698009209398516,0.0
minimum_variance_monthly,2012-02-01,0.3499999999999999,0.007577712424778037,0.17839733454542103,0.1354644679706521,0.24102543141284316,0.0,0.0,0.0875350536463058,0.0
minimum_variance_monthly,2012-03-01,0.35,0.0054293753839839715,0.1743961147490909,0.14112508671309798,0.23993671147702042,0.0,0.0,0.08911271167680683,0.0
minimum_variance_monthly,2012-04-02,0.35,0.0005299789343796638,0.1684789033747982,0.11400945561623312,0.2681996177095607,0.0,0.0,0.09878204436502831,0.0
minimum_variance_monthly,2012-05-01,0.35,0.0,0.16329687070106844,0.11729944360154601,0.2691427882470908,0.0,0.0,0.10026089745029479,0.0
minimum_variance_monthly,2012-06-01,0.35,0.0,0.18597833042954576,0.10499532300743478,0.2529478267188271,0.0,0.0,0.1060785198441925,0.0
minimum_variance_monthly,2012-07-02,0.3499999999999999,0.0,0.1972919170974091,0.10424738290756311,0.2412834899827685,0.0,0.0,0.10717721001225936,0.0
minimum_variance_monthly,2012-08-01,0.35,0.0,0.20515095656642574,0.10788929987470336,0.22960249313529563,0.0,0.0,0.1073572504235754,0.0
minimum_variance_monthly,2012-09-04,0.3499999999999999,0.0,0.20608394442130623,0.11495537000206858,0.22187514840061245,0.0,0.0,0.10708553717601288,0.0
minimum_variance_monthly,2012-10-01,0.35,0.0,0.20704182004339117,0.11892805994274451,0.21640655582016155,0.0,0.0,0.10762356419370273,0.0
minimum_variance_monthly,2012-11-01,0.35,0.0,0.1984523289878358,0.13535123264322094,0.20942867216507433,0.0,0.0,0.1067677662038689,0.0
minimum_variance_monthly,2012-12-03,0.35,0.0,0.1973108347636523,0.1332215300243133,0.21168766713760384,0.0,0.0,0.1077799680744307,0.0
minimum_variance_monthly,2013-01-02,0.35,0.0,0.19981560184657632,0.13500280341864737,0.20806816301760647,0.0,0.0,0.10711343171716992,0.0
minimum_variance_monthly,2013-02-01,0.35,0.0,0.20240235729875752,0.1344379928768538,0.20505511724063707,0.0,0.0,0.1081045325837517,0.0
minimum_variance_monthly,2013-03-01,0.35,0.0,0.2024473522252185,0.1372389611491412,0.20141349040820772,0.0,0.0,0.10890019621743262,0.0
minimum_variance_monthly,2013-04-01,0.3499999999999999,0.0,0.20499150866541582,0.13536815908024993,0.19982148723256002,0.0,0.0,0.10981884502177439,0.0
minimum_variance_monthly,2013-05-01,0.35,0.0,0.2057297487950307,0.139716622573258,0.19617268616972952,0.0,0.0,0.10838094246198185,0.0
minimum_variance_monthly,2013-06-03,0.35,0.0,0.1934785769007814,0.14243787497125185,0.20161376396923097,0.0,0.0,0.11246978415873589,0.0
minimum_variance_monthly,2013-07-01,0.35,0.0,0.20992427824895343,0.12754754363039106,0.19817821127403065,0.0,0.0,0.11434996684662493,0.0
minimum_variance_monthly,2013-08-01,0.35,0.0,0.21058324651727842,0.12052463163912852,0.2003450508423577,0.0,0.0,0.11854707100123532,0.0
minimum_variance_monthly,2013-09-03,0.35,0.0,0.21502120803667635,0.11998917912929608,0.19601096864930773,0.0,0.0,0.1189786441847199,0.0
minimum_variance_monthly,2013-10-01,0.35,0.0,0.23043289924158272,0.107425158802495,0.19079653449266695,0.0,0.0,0.12134540746325537,0.0
minimum_variance_monthly,2013-11-01,0.35,0.0,0.21720417214731877,0.104501498060897,0.20907974351975256,0.0,0.0,0.11921458627203158,0.0
minimum_variance_monthly,2013-12-02,0.3499999999999999,0.0,0.22389256765647741,0.10478834653395926,0.2009196553825412,0.0,0.0,0.12039943042702236,0.0
minimum_variance_monthly,2014-01-02,0.35,0.0,0.2505956989506171,0.09657251423497935,0.18279879275448466,0.0,0.0,0.12003299405991902,0.0
minimum_variance_monthly,2014-02-03,0.35,0.0,0.24733600132415434,0.09230510140216197,0.19143364770171845,0.0,0.0,0.11892524957196521,0.0
minimum_variance_monthly,2014-03-03,0.35,0.0,0.24892473751519623,0.09043111034658671,0.19235953250389082,0.0,0.0,0.11828461963432621,0.0
minimum_variance_monthly,2014-04-01,0.35,0.0,0.25670935732435185,0.09409845763329078,0.18059236064445702,0.0,0.0,0.11859982439790027,0.0
minimum_variance_monthly,2014-05-01,0.35,0.0,0.259395204515772,0.09116999449645231,0.18093875044853688,0.0,0.0,0.11849605053923887,0.0
minimum_variance_monthly,2014-06-02,0.3499999999999999,0.0,0.2627586669351068,0.08992426837054517,0.17792269960145696,0.0,0.0,0.1193943650928913,0.0
minimum_variance_monthly,2014-07-01,0.35,0.0,0.266005357024539,0.08901191810152971,0.17545921825188449,0.0,0.0,0.11952350662204689,0.0
minimum_variance_monthly,2014-08-01,0.35,0.0,0.27587246421371003,0.08864360683837819,0.16478723291726516,0.0,0.0,0.12069669603064671,0.0
minimum_variance_monthly,2014-09-02,0.35,0.0,0.25129688462258365,0.08333499184179896,0.19347692801368496,0.0,0.0,0.1218911955219324,0.0
minimum_variance_monthly,2014-10-01,0.35,0.0,0.2710819382555795,0.07123298681407887,0.1811925974844783,0.0,0.0,0.12649247744586337,0.0
minimum_variance_monthly,2014-11-03,0.34999999999999987,0.0,0.2523744153721848,0.06408439346450445,0.20620624768342374,0.0,0.0,0.12733494347988716,0.0
minimum_variance_monthly,2014-12-01,0.35,0.0,0.25850018206241826,0.06235460780350795,0.19908753231968418,0.0,0.0,0.1300576778143897,0.0
minimum_variance_monthly,2015-01-02,0.35,0.0,0.23133378178327196,0.08499796272246776,0.2007506056690704,0.0,0.0,0.1329176498251899,0.0
minimum_variance_monthly,2015-02-02,0.3499999999999999,0.0,0.23688519477861486,0.07952126868713823,0.19780620610943522,0.0,0.0,0.13578733042481186,0.0
minimum_variance_monthly,2015-03-02,0.35,0.0,0.22535807144085754,0.07519062595644498,0.2138382302994166,0.0,0.0,0.13561307230328074,0.0
minimum_variance_monthly,2015-04-01,0.35,0.0,0.22611383954093453,0.07580324223377335,0.2139136267384676,0.0,0.0,0.1341692914868246,0.0
minimum_variance_monthly,2015-05-01,0.35,0.0,0.22995603007466878,0.07268931840932268,0.21129164408205126,0.0,0.0,0.1360630074339574,0.0
minimum_variance_monthly,2015-06-01,0.35,0.0,0.22494944033460887,0.07370040990291396,0.21277824678823332,0.0,0.0,0.13857190297424382,0.0
minimum_variance_monthly,2015-07-01,0.3499999999999999,0.0,0.2119028510319147,0.06590405816749864,0.22901194811391834,0.0,0.0,0.14318114268666837,0.0
minimum_variance_monthly,2015-08-03,0.35,0.0,0.2062575699767948,0.07182455240435737,0.2255383579135401,0.0,0.0,0.14637951970530783,0.0
minimum_variance_monthly,2015-09-01,0.35,0.0,0.21053858628879626,0.07515868792451862,0.2286858652083838,0.0,0.0,0.1356168605783013,0.0
minimum_variance_monthly,2015-10-01,0.3499999999999999,0.0,0.20992684340707538,0.08536700403391147,0.22253810952217273,0.0,0.0,0.13216804303684052,0.0
minimum_variance_monthly,2015-11-02,0.3499999999999999,0.0,0.21545128606179084,0.07860265551818088,0.2236802258485493,0.0,0.0,0.132265832571479,0.0
minimum_variance_monthly,2015-12-01,0.35,0.0,0.2102245649900153,0.07973245857373823,0.2285247279501142,0.0,0.0,0.13151824848613217,0.0
minimum_variance_monthly,2016-01-04,0.3499999999999999,0.0,0.20895451977954477,0.06286581482169822,0.24918734335912196,0.0,0.0,0.12899232203963526,0.0
minimum_variance_monthly,2016-02-01,0.35,0.0,0.2099320092629639,0.06694764788697075,0.24995558661689304,0.0,0.0,0.12316475623317248,0.0
minimum_variance_monthly,2016-03-01,0.35,0.0,0.21512144561051474,0.06273983008632375,0.2502412954479378,0.0,0.0,0.12189742885522364,0.0
minimum_variance_monthly,2016-04-01,0.3499999999999999,0.0,0.22381890340470603,0.07075446246865846,0.23378844934108337,0.0,0.0,0.1216381847855523,0.0
minimum_variance_monthly,2016-05-02,0.35,0.00015573322627569658,0.22160331607320252,0.060055061103344305,0.24511170987571457,0.0,0.0,0.12307417972146291,0.0
minimum_variance_monthly,2016-06-01,0.3499999999999999,0.0,0.22485589138905498,0.06516962172807406,0.23915990091550665,0.0,0.0,0.12081458596736443,0.0
minimum_variance_monthly,2016-07-01,0.3499999999999999,0.0,0.1942071109215028,0.10006213242362785,0.23594536857285273,0.0,0.0,0.11978538808201684,0.0
minimum_variance_monthly,2016-08-01,0.35,0.0,0.19967212852654864,0.10026674517124334,0.23177396082974377,0.0,0.0,0.11828716547246426,0.0
minimum_variance_monthly,2016-09-01,0.35,0.0,0.20105651928291687,0.08819866601650708,0.24291187978449819,0.0,0.0,0.11783293491607792,0.0
minimum_variance_monthly,2016-10-03,0.35,0.0,0.19875650219957525,0.09492143411148583,0.24370235036074533,0.0,0.0,0.11261971332819372,0.0
minimum_variance_monthly,2016-11-01,0.3499999999999999,0.0,0.20464675670240637,0.09387275866535058,0.2366888114299852,0.0,0.0,0.11479167320225797,0.0
minimum_variance_monthly,2016-12-01,0.3499999999999999,0.0,0.20115250629384754,0.07604388419532865,0.25722961465582345,0.0,0.0,0.11557399485500051,0.0
minimum_variance_monthly,2017-01-03,0.35,0.0,0.2020430428577711,0.07338029340716898,0.25872684964440196,0.0,0.0,0.11584981409065802,0.0
minimum_variance_monthly,2017-02-01,0.3499999999999999,0.0,0.20460800937758725,0.06656920499188161,0.26168992821913106,0.0,0.0,0.11713285741140037,0.0
minimum_variance_monthly,2017-03-01,0.35,0.0,0.19928842398372246,0.06764983050906327,0.26570513742401614,0.0,0.0,0.11735660808319827,0.0
minimum_variance_monthly,2017-04-03,0.35,0.0,0.2060607216061,0.06004185506364177,0.2666855903014644,0.0,0.0,0.11721183302879383,0.0
minimum_variance_monthly,2017-05-01,0.35,0.0,0.2052967518316739,0.057811521077363155,0.26834451246144025,0.0,0.0,0.11854721462952278,0.0
minimum_variance_monthly,2017-06-01,0.35,0.0,0.2017435077129667,0.05869783211571436,0.27136278863308466,0.0,0.0,0.1181958715382344,0.0
minimum_variance_monthly,2017-07-03,0.35,0.0,0.19958957040474895,0.062054367890401536,0.27170285530464555,0.0,0.0,0.11665320640020418,0.0
minimum_variance_monthly,2017-08-01,0.35,0.0,0.20002226904365505,0.057982191225409485,0.27641414889933485,0.0,0.0,0.11558139083160059,0.0
minimum_variance_monthly,2017-09-01,0.35,0.0,0.20414790934054078,0.054096899916236,0.2755555934106215,0.0,0.0,0.11619959733260166,0.0
minimum_variance_monthly,2017-10-02,0.35,0.0,0.19853591900489287,0.05628807168038449,0.2783347025682278,0.0,0.0,0.11684130674649496,0.0
minimum_variance_monthly,2017-11-01,0.3499999999999999,0.0,0.20124850367897282,0.055648026642143765,0.2743512096547855,0.0,0.0,0.11875226002409804,0.0
minimum_variance_monthly,2017-12-01,0.35,0.0,0.1974747078861423,0.05792707619465248,0.27596050353975793,0.0,0.0,0.11863771237944731,0.0
minimum_variance_monthly,2018-01-02,0.35,0.0,0.2017689347018656,0.04211695267485518,0.2880458328169887,0.0,0.0,0.11806827980629045,0.0
minimum_variance_monthly,2018-02-01,0.35,0.0,0.20476206626433277,0.02996847728607585,0.30122593335899217,0.0,0.0,0.11404352309059913,0.0
minimum_variance_monthly,2018-03-01,0.35,0.0,0.23795043610913943,0.006814650130676043,0.29736231767443977,0.0,0.0,0.10787259608574493,0.0
minimum_variance_monthly,2018-04-02,0.35,0.0,0.2163653823965168,0.011403766063640686,0.31838273377745363,0.0,0.0,0.10384811776238903,0.0
minimum_variance_monthly,2018-05-01,0.35,0.0,0.20944388010858392,0.00930046169484067,0.33182074271122125,0.003497818456544629,0.0,0.09593709702880952,0.0
minimum_variance_monthly,2018-06-01,0.3499999999999999,0.0,0.2041379698507828,0.011457922912868006,0.33598826820830774,0.011252029800190126,0.0,0.0871638092278514,0.0
minimum_variance_monthly,2018-07-02,0.35,0.0,0.21549578002272923,0.012628533931282456,0.3257392756352887,0.008523735101577543,0.0,0.08761267530912209,0.0
minimum_variance_monthly,2018-08-01,0.3499999999999999,0.0,0.2159514996899594,0.012790801309484102,0.3274250048802249,0.0023703037552477734,0.0,0.09146239036508397,0.0
minimum_variance_monthly,2018-09-04,0.3499999999999999,0.0,0.21491421295826577,0.002601330441860252,0.3323375491179844,0.0,0.0,0.10014690748188962,0.0
minimum_variance_monthly,2018-10-01,0.35,0.0,0.21037055174701869,0.0010596601029485078,0.34015296539345746,0.0,0.0,0.09841682275657536,0.0
minimum_variance_monthly,2018-11-01,0.35,0.0,0.21198831032239165,0.0,0.34249302093436984,0.0,0.0,0.09551866874323854,0.0
minimum_variance_monthly,2018-12-03,0.35,0.0,0.21517260382617334,0.0,0.3411147816045545,0.003933614743680108,0.0,0.08977899982559216,0.0
minimum_variance_monthly,2019-01-02,0.35,0.0,0.2129032899806205,0.014878227055256234,0.33461399896088384,0.005333123353183391,0.0,0.08227136065005623,0.0
minimum_variance_monthly,2019-02-01,0.35,0.0,0.2209238105949646,0.008208113147504525,0.32894730390408927,0.005691271333050673,0.0,0.08622950102039113,0.0
minimum_variance_monthly,2019-03-01,0.35,0.0,0.2138445908301604,0.01163852931056658,0.3334353322803336,0.0031226094931178405,0.0,0.08795893808582164,0.0
minimum_variance_monthly,2019-04-01,0.35,0.0,0.20667723388729967,0.0016098069648980222,0.35,0.00621748508702733,0.0,0.08549547406077507,0.0
minimum_variance_monthly,2019-05-01,0.35,0.0,0.20399187026326118,0.004477323473672065,0.35,0.007366819709260006,0.0,0.08416398655380694,0.0
minimum_variance_monthly,2019-06-03,0.35,0.0,0.2094854442183627,0.0,0.35,0.006430284304547333,0.0,0.0840842714770902,0.0
minimum_variance_monthly,2019-07-01,0.35,0.0,0.21439038695263782,0.0,0.3499999999999999,0.0,0.0,0.08560961304736246,0.0
minimum_variance_monthly,2019-08-01,0.35,0.0,0.21389219479137056,0.0,0.35,0.0,0.0,0.08610780520862947,0.0
minimum_variance_monthly,2019-09-03,0.35,0.0,0.213117835523524,0.0,0.35,0.001259733103753209,0.0,0.08562243137272292,0.0
minimum_variance_monthly,2019-10-01,0.35,0.0,0.20527010881279734,0.0,0.35,0.009854662597265765,0.0,0.08487522858993711,0.0
minimum_variance_monthly,2019-11-01,0.35,0.0,0.20327702863643057,0.0,0.35,0.013680926998479991,0.0,0.08304204436508958,0.0
minimum_variance_monthly,2019-12-02,0.3499999999999999,0.0,0.20317365558313627,0.0,0.35,0.022717122567083692,0.0,0.07410922184978026,0.0
minimum_variance_monthly,2020-01-02,0.35,0.0,0.2008679527119318,0.0,0.35,0.028938093987965652,0.0,0.07019395330010264,0.0
minimum_variance_monthly,2020-02-03,0.35,0.0,0.19958109666751694,0.0,0.35,0.03771616819069493,0.0,0.06270273514178824,0.0
minimum_variance_monthly,2020-03-02,0.35,0.0,0.20099299477221894,0.0,0.35,0.041479612503145795,0.0,0.05752739272463553,0.0
minimum_variance_monthly,2020-04-01,0.35,0.016575937308027842,0.34270300458839253,0.0,0.2004545735954443,0.01091731036214468,0.0,0.07934917414599085,0.0
minimum_variance_monthly,2020-05-01,0.35,0.011254813223303378,0.35,0.0,0.20347999309939394,0.01007520581283187,0.0,0.07460994095166212,0.0005800469128088475
minimum_variance_monthly,2020-06-01,0.35,0.0107572658905317,0.35,0.0,0.20565442332025607,0.010219545425162098,0.0,0.07139292596518709,0.001975839398863041
minimum_variance_monthly,2020-07-01,0.35,0.008705372271843235,0.35,0.0,0.20932132439917644,0.009438187632074152,0.0,0.06971089362707834,0.0028242220698278826
minimum_variance_monthly,2020-08-03,0.35,0.009268726789264369,0.35,0.0,0.20893058445208468,0.011489024749718193,0.0,0.06799476161402922,0.0023169023949037686
minimum_variance_monthly,2020-09-01,0.35,0.004702429553651755,0.35,0.0,0.21335875024839865,0.01315126970909234,0.0,0.06742803426433353,0.0013595162245237417
minimum_variance_monthly,2020-10-01,0.35,0.005420626090142603,0.35,0.0,0.21478386194500748,0.01669271610560964,0.0,0.061184959423686895,0.0019178364355534271
minimum_variance_monthly,2020-11-02,0.35,0.005639087879037778,0.35,0.0,0.21529665252790295,0.018232979973195323,0.0,0.05856074843116331,0.0022705311887008233
minimum_variance_monthly,2020-12-01,0.35,0.004241483954843768,0.35,0.0,0.21715700819278694,0.0220413531412092,0.0,0.056560154711160264,0.0
minimum_variance_monthly,2021-01-04,0.35,0.0039794695340934945,0.35,0.0,0.21718100728817447,0.02432357778769746,0.0,0.05451594539003474,0.0
minimum_variance_monthly,2021-02-01,0.35,0.0021275910822111314,0.35,0.0,0.21924874215856832,0.024927920636889457,0.0,0.05369574612233131,0.0
minimum_variance_monthly,2021-03-01,0.35,0.0036638031492486644,0.35,0.0,0.21600421942265138,0.03056188230125725,0.0,0.049770095126842884,0.0
minimum_variance_monthly,2021-04-01,0.35,0.001970867814992956,0.35,0.0,0.21726106256506458,0.03542078362084678,0.0,0.045347285999095925,0.0
minimum_variance_monthly,2021-05-03,0.35,0.00021226860225461092,0.35,0.0,0.21910963574053882,0.03474456040289205,0.0,0.0459335352543145,0.0
minimum_variance_monthly,2021-06-01,0.35,0.0005108992607043876,0.35,0.0,0.2211283831735991,0.03001120809136419,0.0,0.04834950947433237,0.0
minimum_variance_monthly,2021-07-01,0.35,0.0002058526716878571,0.35,0.0,0.2215490936923066,0.03021055538875547,0.0,0.04803449824725012,0.0
minimum_variance_monthly,2021-08-02,0.35,7.709411921399834e-06,0.35,0.0,0.22120330249120798,0.03181682019076353,0.0,0.04697216790610714,0.0
minimum_variance_monthly,2021-09-01,0.35,0.0,0.35,0.0,0.22163512524029394,0.02995219108877071,0.0,0.048412683670935354,0.0
minimum_variance_monthly,2021-10-01,0.35,0.0,0.35,0.0,0.22179340802385492,0.03054797909480098,0.0,0.04765861288134411,0.0
minimum_variance_monthly,2021-11-01,0.35,0.0,0.35,0.0,0.22093319963469255,0.03218856619212438,0.0,0.046785457261286,9.277691189726477e-05
minimum_variance_monthly,2021-12-01,0.35,0.0,0.35,0.0,0.2189238953332975,0.030605949305074872,0.0,0.046616866440888374,0.0038532889207393947
minimum_variance_monthly,2022-01-03,0.35,0.0,0.35,0.0,0.21835098351842747,0.030526176001273334,0.0,0.04864828615395461,0.0024745543263446556
minimum_variance_monthly,2022-02-01,0.35,0.0,0.35,0.0,0.21876136982456837,0.034315218111637534,0.0,0.04334382018307759,0.0035795918807166142
minimum_variance_monthly,2022-03-01,0.35,0.0,0.35,0.0,0.21697893721635172,0.03871485355540237,0.0,0.036370646376601846,0.007935562851644106
minimum_variance_monthly,2022-04-01,0.35,0.0,0.35,0.0,0.21477198551388776,0.049711354888651374,0.0,0.03551665959746107,0.0
minimum_variance_monthly,2022-05-02,0.35,0.0,0.35,0.0,0.21628735865243587,0.05029951104396601,0.0,0.03079003537914301,0.002623094924455289
minimum_variance_monthly,2022-06-01,0.35,0.0,0.35,0.0,0.21703898714846726,0.04736561333594217,0.0,0.029433260869113465,0.006162138646477204
minimum_variance_monthly,2022-07-01,0.35,0.0017062391312963495,0.35,0.0,0.21731790079273222,0.04613971718245944,0.0,0.020895916416756328,0.013940226476755791
minimum_variance_monthly,2022-08-01,0.35,0.003978543280850513,0.35,0.0,0.21409811449387406,0.046623734875137164,0.0,0.01728526350545587,0.018014343844682448
minimum_variance_monthly,2022-09-01,0.35,0.006807736084604216,0.35,0.0,0.2142268235235088,0.04021360000623707,0.0,0.01604199266636129,0.02270984771928866
minimum_variance_monthly,2022-10-03,0.35,0.010426859493457183,0.35,0.0,0.21363804672760736,0.03312073004281635,0.0,0.01466588737186664,0.02814847636425261
minimum_variance_monthly,2022-11-01,0.35,0.008065675574414942,0.34405448151736534,0.0,0.22608304182776962,0.02318812695994123,0.0,0.0167093503756087,0.03189932374490033
minimum_variance_monthly,2022-12-01,0.35,0.006822039893525108,0.3443515090329042,0.0,0.23149931409946337,0.01435774774618128,0.0,0.015032896157414549,0.0379364930705115
minimum_variance_monthly,2023-01-03,0.3499999999999999,0.007903992417215299,0.3426099694232102,0.0,0.23305300577492186,0.013558874951527165,0.0,0.013143867476582144,0.03973028995654343
minimum_variance_monthly,2023-02-01,0.35,0.009711762102758733,0.3354389250439971,0.0,0.23996228468210345,0.005386840624481686,0.0,0.019233053398675662,0.04026713414798338
minimum_variance_monthly,2023-03-01,0.35,0.011026817801519562,0.33130059066866074,0.0,0.24533660776350527,0.004130321953460233,0.0,0.01976322643395366,0.03844243537890051
minimum_variance_monthly,2023-04-03,0.35,0.0,0.2372292837354665,0.0,0.3499999999999999,0.02566128040165684,0.0,0.0,0.03710943586287673
minimum_variance_monthly,2023-05-01,0.3499999999999999,0.0,0.23267833458156437,0.0,0.35,0.029730712170794857,0.0,0.0,0.03759095324764093
minimum_variance_monthly,2023-06-01,0.35,0.0,0.22708429228395557,0.0,0.35,0.03456215536472937,0.0,0.0,0.03835355235131516
minimum_variance_monthly,2023-07-03,0.35,0.0,0.2239065648149802,0.0,0.35,0.03470419950459903,0.0,0.0,0.04138923568042087
minimum_variance_monthly,2023-08-01,0.35,0.0,0.22407658063918454,0.0,0.35,0.032317160871265724,0.0,0.0,0.04360625848954985
minimum_variance_monthly,2023-09-01,0.34999999999999987,0.0,0.2228683584394427,0.0,0.35,0.02965668802564323,0.0,0.0012501469254954764,0.04622480660941869
minimum_variance_monthly,2023-10-02,0.35,0.0,0.22096661560035702,0.0,0.3499999999999999,0.02644871179992146,0.0,0.005699747459086242,0.04688492514063538
minimum_variance_monthly,2023-11-01,0.3499999999999999,0.0,0.21774819296598488,0.0,0.35,0.026624280199616122,0.0,0.007101141141067944,0.04852638569333118
minimum_variance_monthly,2023-12-01,0.3499999999999999,1.2305871801388867e-05,0.2165595518947921,0.0,0.3499999999999999,0.02158326750063002,0.0,0.009008336195588555,0.052836538537188026
minimum_variance_monthly,2024-01-02,0.35,0.0,0.21515010240432186,0.0,0.3499999999999999,0.016610650577856573,0.0,0.012056961635127502,0.05618228538269424
minimum_variance_monthly,2024-02-01,0.35,0.003858497125409002,0.2107525771545542,0.0,0.3499999999999999,0.011412066791748627,0.0,0.015758538636673834,0.058218320291614306
minimum_variance_monthly,2024-03-01,0.3499999999999999,0.0027659997303932714,0.21108655474315985,0.0,0.35,0.0,0.0,0.025195880593057794,0.06095156493338932
minimum_variance_monthly,2024-04-01,0.35,0.0024971022409053076,0.20700768475192285,0.0,0.35,0.0,0.0,0.02284615065675437,0.06764906235041747
minimum_variance_monthly,2024-05-01,0.35,0.011945958079963934,0.19839382516412093,0.0,0.35,0.0,0.0,0.023747202724855514,0.06591301403105972
minimum_variance_monthly,2024-06-03,0.35,0.013479992787769539,0.19566442225563457,0.0,0.35,0.0,0.0,0.023821902108161135,0.06703368284843493
minimum_variance_monthly,2024-07-01,0.3499999999999999,0.010292155584900898,0.19683123847570427,0.0,0.35,0.0,0.0,0.022899163704708167,0.0699774422346868
minimum_variance_monthly,2024-08-01,0.35,0.007316659387675955,0.20041057038088061,0.0,0.35,0.0,0.0,0.02215582129850336,0.07011694893294022
minimum_variance_monthly,2024-09-03,0.34999999999999976,0.008444364328464559,0.19838131381903654,0.0,0.35,0.0,0.0,0.021300615518053092,0.07187370633444602
minimum_variance_monthly,2024-10-01,0.35,0.008713618811555128,0.2000183452352353,0.0,0.3499999999999999,0.0,0.0,0.023427846075276367,0.0678401898779333
minimum_variance_monthly,2024-11-01,0.35,0.010066500118780112,0.19843824076642375,0.0,0.35,0.0,0.0,0.02670697115951229,0.06478828795528398
minimum_variance_monthly,2024-12-02,0.35,0.012861894809093765,0.19729871588304812,0.0,0.35,0.0,0.0,0.03169811461488448,0.0581412746929737
minimum_variance_monthly,2025-01-02,0.35,0.012371311044613139,0.19788941113195588,0.0,0.35,0.0,0.0,0.030898734033425,0.05884054379000588
minimum_variance_monthly,2025-02-03,0.35,0.013943715032370267,0.19675692721741,0.0,0.3499999999999999,0.0,0.0,0.030128284071891685,0.05917107367832809
minimum_variance_monthly,2025-03-03,0.35,0.014631088866795353,0.19531632345875208,0.0,0.35,0.0,0.0,0.03139464870812766,0.05865793896632481
minimum_variance_monthly,2025-04-01,0.35,0.0146924083411848,0.1988162892261846,0.0,0.3499999999999999,0.0,0.0,0.02276418659730847,0.06372711583532216
minimum_variance_monthly,2025-05-01,0.35,0.01900824027339954,0.20823819643860736,0.0,0.35,0.0,0.0,0.01486246674386485,0.057891096544128315
minimum_variance_monthly,2025-06-02,0.3499999999999999,0.016737446263507462,0.2053904657057431,0.0,0.35,0.0,0.0,0.018645901543509934,0.05922618648723961
minimum_variance_monthly,2025-07-01,0.35,0.017365850756332783,0.20140879299244369,0.0,0.35,0.0,0.0,0.03126083029382672,0.04996452595739682
minimum_variance_monthly,2025-08-01,0.35,0.016714850183333036,0.20347006671134277,0.0,0.35,0.0,0.0,0.03379121889999971,0.04602386420532453
minimum_variance_monthly,2025-09-02,0.35,0.015998490999197854,0.20437533102411162,0.0,0.35,0.0,0.0,0.03835285720042226,0.04127332077626832
minimum_variance_monthly,2025-10-01,0.3499999999999999,0.017207156337282814,0.20001308652159677,0.0,0.35,0.0,0.0,0.04402530401091929,0.038754453130201184
minimum_variance_monthly,2025-11-03,0.35,0.01621951082170837,0.1967554054958573,0.0,0.35,0.0,0.0,0.05338984798396679,0.03363523569846759
minimum_variance_monthly,2025-12-01,0.3499999999999999,0.018057050031338274,0.1914990694352123,0.0,0.35,0.0,0.0,0.06217764482247788,0.0282662357109717
minimum_variance_quarterly,2011-01-03,0.35,0.02613707129296213,0.3039358079385048,0.06809216785810467,0.17385545741340838,0.0,0.0,0.07797949549702014,0.0
minimum_variance_quarterly,2011-04-01,0.35,0.0235549270944125,0.2987595444082879,0.06814007644023301,0.18447289969186265,0.0,0.0,0.07507255236520397,0.0
minimum_variance_quarterly,2011-07-01,0.35,0.029460714726343016,0.2909694044170335,0.07006992864605652,0.18820119689381032,0.0,0.0,0.07129875531675682,0.0
minimum_variance_quarterly,2011-10-03,0.35,0.023763288807224132,0.2782410507315444,0.08893850747965118,0.18732644426539374,0.0,0.0,0.07173070871618661,0.0
minimum_variance_quarterly,2012-01-03,0.35,0.013604162900517906,0.18980934975491046,0.11720306365304037,0.24240333159754615,0.0,0.0,0.08698009209398516,0.0
minimum_variance_quarterly,2012-04-02,0.35,0.0005299789343796638,0.1684789033747982,0.11400945561623312,0.2681996177095607,0.0,0.0,0.09878204436502831,0.0
minimum_variance_quarterly,2012-07-02,0.3499999999999999,0.0,0.1972919170974091,0.10424738290756311,0.2412834899827685,0.0,0.0,0.10717721001225936,0.0
minimum_variance_quarterly,2012-10-01,0.35,0.0,0.20704182004339117,0.11892805994274451,0.21640655582016155,0.0,0.0,0.10762356419370273,0.0
minimum_variance_quarterly,2013-01-02,0.35,0.0,0.19981560184657632,0.13500280341864737,0.20806816301760647,0.0,0.0,0.10711343171716992,0.0
minimum_variance_quarterly,2013-04-01,0.3499999999999999,0.0,0.20499150866541582,0.13536815908024993,0.19982148723256002,0.0,0.0,0.10981884502177439,0.0
minimum_variance_quarterly,2013-07-01,0.35,0.0,0.20992427824895343,0.12754754363039106,0.19817821127403065,0.0,0.0,0.11434996684662493,0.0
minimum_variance_quarterly,2013-10-01,0.35,0.0,0.23043289924158272,0.107425158802495,0.19079653449266695,0.0,0.0,0.12134540746325537,0.0
minimum_variance_quarterly,2014-01-02,0.35,0.0,0.2505956989506171,0.09657251423497935,0.18279879275448466,0.0,0.0,0.12003299405991902,0.0
minimum_variance_quarterly,2014-04-01,0.35,0.0,0.25670935732435185,0.09409845763329078,0.18059236064445702,0.0,0.0,0.11859982439790027,0.0
minimum_variance_quarterly,2014-07-01,0.35,0.0,0.266005357024539,0.08901191810152971,0.17545921825188449,0.0,0.0,0.11952350662204689,0.0
minimum_variance_quarterly,2014-10-01,0.35,0.0,0.2710819382555795,0.07123298681407887,0.1811925974844783,0.0,0.0,0.12649247744586337,0.0
minimum_variance_quarterly,2015-01-02,0.35,0.0,0.23133378178327196,0.08499796272246776,0.2007506056690704,0.0,0.0,0.1329176498251899,0.0
minimum_variance_quarterly,2015-04-01,0.35,0.0,0.22611383954093453,0.07580324223377335,0.2139136267384676,0.0,0.0,0.1341692914868246,0.0
minimum_variance_quarterly,2015-07-01,0.3499999999999999,0.0,0.2119028510319147,0.06590405816749864,0.22901194811391834,0.0,0.0,0.14318114268666837,0.0
minimum_variance_quarterly,2015-10-01,0.3499999999999999,0.0,0.20992684340707538,0.08536700403391147,0.22253810952217273,0.0,0.0,0.13216804303684052,0.0
minimum_variance_quarterly,2016-01-04,0.3499999999999999,0.0,0.20895451977954477,0.06286581482169822,0.24918734335912196,0.0,0.0,0.12899232203963526,0.0
minimum_variance_quarterly,2016-04-01,0.3499999999999999,0.0,0.22381890340470603,0.07075446246865846,0.23378844934108337,0.0,0.0,0.1216381847855523,0.0
minimum_variance_quarterly,2016-07-01,0.3499999999999999,0.0,0.1942071109215028,0.10006213242362785,0.23594536857285273,0.0,0.0,0.11978538808201684,0.0
minimum_variance_quarterly,2016-10-03,0.35,0.0,0.19875650219957525,0.09492143411148583,0.24370235036074533,0.0,0.0,0.11261971332819372,0.0
minimum_variance_quarterly,2017-01-03,0.35,0.0,0.2020430428577711,0.07338029340716898,0.25872684964440196,0.0,0.0,0.11584981409065802,0.0
minimum_variance_quarterly,2017-04-03,0.35,0.0,0.2060607216061,0.06004185506364177,0.2666855903014644,0.0,0.0,0.11721183302879383,0.0
minimum_variance_quarterly,2017-07-03,0.35,0.0,0.19958957040474895,0.062054367890401536,0.27170285530464555,0.0,0.0,0.11665320640020418,0.0
minimum_variance_quarterly,2017-10-02,0.35,0.0,0.19853591900489287,0.05628807168038449,0.2783347025682278,0.0,0.0,0.11684130674649496,0.0
minimum_variance_quarterly,2018-01-02,0.35,0.0,0.2017689347018656,0.04211695267485518,0.2880458328169887,0.0,0.0,0.11806827980629045,0.0
minimum_variance_quarterly,2018-04-02,0.35,0.0,0.2163653823965168,0.011403766063640686,0.31838273377745363,0.0,0.0,0.10384811776238903,0.0
minimum_variance_quarterly,2018-07-02,0.35,0.0,0.21549578002272923,0.012628533931282456,0.3257392756352887,0.008523735101577543,0.0,0.08761267530912209,0.0
minimum_variance_quarterly,2018-10-01,0.35,0.0,0.21037055174701869,0.0010596601029485078,0.34015296539345746,0.0,0.0,0.09841682275657536,0.0
minimum_variance_quarterly,2019-01-02,0.35,0.0,0.2129032899806205,0.014878227055256234,0.33461399896088384,0.005333123353183391,0.0,0.08227136065005623,0.0
minimum_variance_quarterly,2019-04-01,0.35,0.0,0.20667723388729967,0.0016098069648980222,0.35,0.00621748508702733,0.0,0.08549547406077507,0.0
minimum_variance_quarterly,2019-07-01,0.35,0.0,0.21439038695263782,0.0,0.3499999999999999,0.0,0.0,0.08560961304736246,0.0
minimum_variance_quarterly,2019-10-01,0.35,0.0,0.20527010881279734,0.0,0.35,0.009854662597265765,0.0,0.08487522858993711,0.0
minimum_variance_quarterly,2020-01-02,0.35,0.0,0.2008679527119318,0.0,0.35,0.028938093987965652,0.0,0.07019395330010264,0.0
minimum_variance_quarterly,2020-04-01,0.35,0.016575937308027842,0.34270300458839253,0.0,0.2004545735954443,0.01091731036214468,0.0,0.07934917414599085,0.0
minimum_variance_quarterly,2020-07-01,0.35,0.008705372271843235,0.35,0.0,0.20932132439917644,0.009438187632074152,0.0,0.06971089362707834,0.0028242220698278826
minimum_variance_quarterly,2020-10-01,0.35,0.005420626090142603,0.35,0.0,0.21478386194500748,0.01669271610560964,0.0,0.061184959423686895,0.0019178364355534271
minimum_variance_quarterly,2021-01-04,0.35,0.0039794695340934945,0.35,0.0,0.21718100728817447,0.02432357778769746,0.0,0.05451594539003474,0.0
minimum_variance_quarterly,2021-04-01,0.35,0.001970867814992956,0.35,0.0,0.21726106256506458,0.03542078362084678,0.0,0.045347285999095925,0.0
minimum_variance_quarterly,2021-07-01,0.35,0.0002058526716878571,0.35,0.0,0.2215490936923066,0.03021055538875547,0.0,0.04803449824725012,0.0
minimum_variance_quarterly,2021-10-01,0.35,0.0,0.35,0.0,0.22179340802385492,0.03054797909480098,0.0,0.04765861288134411,0.0
minimum_variance_quarterly,2022-01-03,0.35,0.0,0.35,0.0,0.21835098351842747,0.030526176001273334,0.0,0.04864828615395461,0.0024745543263446556
minimum_variance_quarterly,2022-04-01,0.35,0.0,0.35,0.0,0.21477198551388776,0.049711354888651374,0.0,0.03551665959746107,0.0
minimum_variance_quarterly,2022-07-01,0.35,0.0017062391312963495,0.35,0.0,0.21731790079273222,0.04613971718245944,0.0,0.020895916416756328,0.013940226476755791
minimum_variance_quarterly,2022-10-03,0.35,0.010426859493457183,0.35,0.0,0.21363804672760736,0.03312073004281635,0.0,0.01466588737186664,0.02814847636425261
minimum_variance_quarterly,2023-01-03,0.3499999999999999,0.007903992417215299,0.3426099694232102,0.0,0.23305300577492186,0.013558874951527165,0.0,0.013143867476582144,0.03973028995654343
minimum_variance_quarterly,2023-04-03,0.35,0.0,0.2372292837354665,0.0,0.3499999999999999,0.02566128040165684,0.0,0.0,0.03710943586287673
minimum_variance_quarterly,2023-07-03,0.35,0.0,0.2239065648149802,0.0,0.35,0.03470419950459903,0.0,0.0,0.04138923568042087
minimum_variance_quarterly,2023-10-02,0.35,0.0,0.22096661560035702,0.0,0.3499999999999999,0.02644871179992146,0.0,0.005699747459086242,0.04688492514063538
minimum_variance_quarterly,2024-01-02,0.35,0.0,0.21515010240432186,0.0,0.3499999999999999,0.016610650577856573,0.0,0.012056961635127502,0.05618228538269424
minimum_variance_quarterly,2024-04-01,0.35,0.0024971022409053076,0.20700768475192285,0.0,0.35,0.0,0.0,0.02284615065675437,0.06764906235041747
minimum_variance_quarterly,2024-07-01,0.3499999999999999,0.010292155584900898,0.19683123847570427,0.0,0.35,0.0,0.0,0.022899163704708167,0.0699774422346868
minimum_variance_quarterly,2024-10-01,0.35,0.008713618811555128,0.2000183452352353,0.0,0.3499999999999999,0.0,0.0,0.023427846075276367,0.0678401898779333
minimum_variance_quarterly,2025-01-02,0.35,0.012371311044613139,0.19788941113195588,0.0,0.35,0.0,0.0,0.030898734033425,0.05884054379000588
minimum_variance_quarterly,2025-04-01,0.35,0.0146924083411848,0.1988162892261846,0.0,0.3499999999999999,0.0,0.0,0.02276418659730847,0.06372711583532216
minimum_variance_quarterly,2025-07-01,0.35,0.017365850756332783,0.20140879299244369,0.0,0.35,0.0,0.0,0.03126083029382672,0.04996452595739682
minimum_variance_quarterly,2025-10-01,0.3499999999999999,0.017207156337282814,0.20001308652159677,0.0,0.35,0.0,0.0,0.04402530401091929,0.038754453130201184
minimum_variance_band_250bp,2011-01-03,0.35,0.02613707129296213,0.3039358079385048,0.06809216785810467,0.17385545741340838,0.0,0.0,0.07797949549702014,0.0
minimum_variance_band_250bp,2011-02-01,0.35,0.025429990812313355,0.30185032051606386,0.06760807329742055,0.17700882424291323,0.0,0.0,0.07810279113128915,0.0
minimum_variance_band_250bp,2011-03-01,0.35,0.024668382483741386,0.2995016213946684,0.06836276127015535,0.18039794718799104,0.0,0.0,0.0770692876634439,0.0
minimum_variance_band_250bp,2011-04-01,0.35,0.0235549270944125,0.2987595444082879,0.06814007644023301,0.18447289969186265,0.0,0.0,0.07507255236520397,0.0
minimum_variance_band_250bp,2011-05-02,0.35,0.024765670376561744,0.2973362391233146,0.06850752995274656,0.18523355281860318,0.0,0.0,0.0741570077287741,0.0
minimum_variance_band_250bp,2011-06-01,0.35,0.026510631186979463,0.2952579129479904,0.06990643872946153,0.18558912711384964,0.0,0.0,0.07273589002171899,0.0
minimum_variance_band_250bp,2011-07-01,0.35,0.029460714726343016,0.2909694044170335,0.07006992864605652,0.18820119689381032,0.0,0.0,0.07129875531675682,0.0
minimum_variance_band_250bp,2011-08-01,0.35,0.029878064800566827,0.2865660445422082,0.07087039873439459,0.1925743357588941,0.0,0.0,0.07011115616393641,0.0
minimum_variance_band_250bp,2011-09-01,0.35,0.02630032772575409,0.29565296878900055,0.06763572457724953,0.18601888602336406,0.0,0.0,0.07439209288463194,0.0
minimum_variance_band_250bp,2011-10-03,0.35,0.023763288807224132,0.2782410507315444,0.08893850747965118,0.18732644426539374,0.0,0.0,0.07173070871618661,0.0
minimum_variance_band_250bp,2011-11-01,0.3499999999999999,0.017571089963997973,0.22042737764677978,0.14321227681599238,0.18819353335986247,0.0,0.0,0.08059572221336744,0.0
minimum_variance_band_250bp,2011-12-01,0.35,0.01691510606461171,0.22353754513080956,0.11793288529103377,0.20446207175748732,0.0,0.0,0.08715239175605762,0.0
minimum_variance_band_250bp,2012-01-03,0.35,0.013604162900517906,0.18980934975491046,0.11720306365304037,0.24240333159754615,0.0,0.0,0.08698009209398516,0.0
minimum_variance_band_250bp,2012-02-01,0.3499999999999999,0.007577712424778037,0.17839733454542103,0.1354644679706521,0.24102543141284316,0.0,0.0,0.0875350536463058,0.0
minimum_variance_band_250bp,2012-03-01,0.35,0.0054293753839839715,0.1743961147490909,0.14112508671309798,0.23993671147702042,0.0,0.0,0.08911271167680683,0.0
minimum_variance_band_250bp,2012-04-02,0.35,0.0005299789343796638,0.1684789033747982,0.11400945561623312,0.2681996177095607,0.0,0.0,0.09878204436502831,0.0
minimum_variance_band_250bp,2012-05-01,0.35,0.0,0.16329687070106844,0.11729944360154601,0.2691427882470908,0.0,0.0,0.10026089745029479,0.0
minimum_variance_band_250bp,2012-06-01,0.35,0.0,0.18597833042954576,0.10499532300743478,0.2529478267188271,0.0,0.0,0.1060785198441925,0.0
minimum_variance_band_250bp,2012-07-02,0.3499999999999999,0.0,0.1972919170974091,0.10424738290756311,0.2412834899827685,0.0,0.0,0.10717721001225936,0.0
minimum_variance_band_250bp,2012-08-01,0.35,0.0,0.20515095656642574,0.10788929987470336,0.22960249313529563,0.0,0.0,0.1073572504235754,0.0
minimum_variance_band_250bp,2012-09-04,0.3499999999999999,0.0,0.20608394442130623,0.11495537000206858,0.22187514840061245,0.0,0.0,0.10708553717601288,0.0
minimum_variance_band_250bp,2012-10-01,0.35,0.0,0.20704182004339117,0.11892805994274451,0.21640655582016155,0.0,0.0,0.10762356419370273,0.0
minimum_variance_band_250bp,2012-11-01,0.35,0.0,0.1984523289878358,0.13535123264322094,0.20942867216507433,0.0,0.0,0.1067677662038689,0.0
minimum_variance_band_250bp,2012-12-03,0.35,0.0,0.1973108347636523,0.1332215300243133,0.21168766713760384,0.0,0.0,0.1077799680744307,0.0
minimum_variance_band_250bp,2013-01-02,0.35,0.0,0.19981560184657632,0.13500280341864737,0.20806816301760647,0.0,0.0,0.10711343171716992,0.0
minimum_variance_band_250bp,2013-02-01,0.35,0.0,0.20240235729875752,0.1344379928768538,0.20505511724063707,0.0,0.0,0.1081045325837517,0.0
minimum_variance_band_250bp,2013-03-01,0.35,0.0,0.2024473522252185,0.1372389611491412,0.20141349040820772,0.0,0.0,0.10890019621743262,0.0
minimum_variance_band_250bp,2013-04-01,0.3499999999999999,0.0,0.20499150866541582,0.13536815908024993,0.19982148723256002,0.0,0.0,0.10981884502177439,0.0
minimum_variance_band_250bp,2013-05-01,0.35,0.0,0.2057297487950307,0.139716622573258,0.19617268616972952,0.0,0.0,0.10838094246198185,0.0
minimum_variance_band_250bp,2013-06-03,0.35,0.0,0.1934785769007814,0.14243787497125185,0.20161376396923097,0.0,0.0,0.11246978415873589,0.0
minimum_variance_band_250bp,2013-07-01,0.35,0.0,0.20992427824895343,0.12754754363039106,0.19817821127403065,0.0,0.0,0.11434996684662493,0.0
minimum_variance_band_250bp,2013-08-01,0.35,0.0,0.21058324651727842,0.12052463163912852,0.2003450508423577,0.0,0.0,0.11854707100123532,0.0
minimum_variance_band_250bp,2013-09-03,0.35,0.0,0.21502120803667635,0.11998917912929608,0.19601096864930773,0.0,0.0,0.1189786441847199,0.0
minimum_variance_band_250bp,2013-10-01,0.35,0.0,0.23043289924158272,0.107425158802495,0.19079653449266695,0.0,0.0,0.12134540746325537,0.0
minimum_variance_band_250bp,2013-11-01,0.35,0.0,0.21720417214731877,0.104501498060897,0.20907974351975256,0.0,0.0,0.11921458627203158,0.0
minimum_variance_band_250bp,2013-12-02,0.3499999999999999,0.0,0.22389256765647741,0.10478834653395926,0.2009196553825412,0.0,0.0,0.12039943042702236,0.0
minimum_variance_band_250bp,2014-01-02,0.35,0.0,0.2505956989506171,0.09657251423497935,0.18279879275448466,0.0,0.0,0.12003299405991902,0.0
minimum_variance_band_250bp,2014-02-03,0.35,0.0,0.24733600132415434,0.09230510140216197,0.19143364770171845,0.0,0.0,0.11892524957196521,0.0
minimum_variance_band_250bp,2014-03-03,0.35,0.0,0.24892473751519623,0.09043111034658671,0.19235953250389082,0.0,0.0,0.11828461963432621,0.0
minimum_variance_band_250bp,2014-04-01,0.35,0.0,0.25670935732435185,0.09409845763329078,0.18059236064445702,0.0,0.0,0.11859982439790027,0.0
minimum_variance_band_250bp,2014-05-01,0.35,0.0,0.259395204515772,0.09116999449645231,0.18093875044853688,0.0,0.0,0.11849605053923887,0.0
minimum_variance_band_250bp,2014-06-02,0.3499999999999999,0.0,0.2627586669351068,0.08992426837054517,0.17792269960145696,0.0,0.0,0.1193943650928913,0.0
minimum_variance_band_250bp,2014-07-01,0.35,0.0,0.266005357024539,0.08901191810152971,0.17545921825188449,0.0,0.0,0.11952350662204689,0.0
minimum_variance_band_250bp,2014-08-01,0.35,0.0,0.27587246421371003,0.08864360683837819,0.16478723291726516,0.0,0.0,0.12069669603064671,0.0
minimum_variance_band_250bp,2014-09-02,0.35,0.0,0.25129688462258365,0.08333499184179896,0.19347692801368496,0.0,0.0,0.1218911955219324,0.0
minimum_variance_band_250bp,2014-10-01,0.35,0.0,0.2710819382555795,0.07123298681407887,0.1811925974844783,0.0,0.0,0.12649247744586337,0.0
minimum_variance_band_250bp,2014-11-03,0.34999999999999987,0.0,0.2523744153721848,0.06408439346450445,0.20620624768342374,0.0,0.0,0.12733494347988716,0.0
minimum_variance_band_250bp,2014-12-01,0.35,0.0,0.25850018206241826,0.06235460780350795,0.19908753231968418,0.0,0.0,0.1300576778143897,0.0
minimum_variance_band_250bp,2015-01-02,0.35,0.0,0.23133378178327196,0.08499796272246776,0.2007506056690704,0.0,0.0,0.1329176498251899,0.0
minimum_variance_band_250bp,2015-02-02,0.3499999999999999,0.0,0.23688519477861486,0.07952126868713823,0.19780620610943522,0.0,0.0,0.13578733042481186,0.0
minimum_variance_band_250bp,2015-03-02,0.35,0.0,0.22535807144085754,0.07519062595644498,0.2138382302994166,0.0,0.0,0.13561307230328074,0.0
minimum_variance_band_250bp,2015-04-01,0.35,0.0,0.22611383954093453,0.07580324223377335,0.2139136267384676,0.0,0.0,0.1341692914868246,0.0
minimum_variance_band_250bp,2015-05-01,0.35,0.0,0.22995603007466878,0.07268931840932268,0.21129164408205126,0.0,0.0,0.1360630074339574,0.0
minimum_variance_band_250bp,2015-06-01,0.35,0.0,0.22494944033460887,0.07370040990291396,0.21277824678823332,0.0,0.0,0.13857190297424382,0.0
minimum_variance_band_250bp,2015-07-01,0.3499999999999999,0.0,0.2119028510319147,0.06590405816749864,0.22901194811391834,0.0,0.0,0.14318114268666837,0.0
minimum_variance_band_250bp,2015-08-03,0.35,0.0,0.2062575699767948,0.07182455240435737,0.2255383579135401,0.0,0.0,0.14637951970530783,0.0
minimum_variance_band_250bp,2015-09-01,0.35,0.0,0.21053858628879626,0.07515868792451862,0.2286858652083838,0.0,0.0,0.1356168605783013,0.0
minimum_variance_band_250bp,2015-10-01,0.3499999999999999,0.0,0.20992684340707538,0.08536700403391147,0.22253810952217273,0.0,0.0,0.13216804303684052,0.0
minimum_variance_band_250bp,2015-11-02,0.3499999999999999,0.0,0.21545128606179084,0.07860265551818088,0.2236802258485493,0.0,0.0,0.132265832571479,0.0
minimum_variance_band_250bp,2015-12-01,0.35,0.0,0.2102245649900153,0.07973245857373823,0.2285247279501142,0.0,0.0,0.13151824848613217,0.0
minimum_variance_band_250bp,2016-01-04,0.3499999999999999,0.0,0.20895451977954477,0.06286581482169822,0.24918734335912196,0.0,0.0,0.12899232203963526,0.0
minimum_variance_band_250bp,2016-02-01,0.35,0.0,0.2099320092629639,0.06694764788697075,0.24995558661689304,0.0,0.0,0.12316475623317248,0.0
minimum_variance_band_250bp,2016-03-01,0.35,0.0,0.21512144561051474,0.06273983008632375,0.2502412954479378,0.0,0.0,0.12189742885522364,0.0
minimum_variance_band_250bp,2016-04-01,0.3499999999999999,0.0,0.22381890340470603,0.07075446246865846,0.23378844934108337,0.0,0.0,0.1216381847855523,0.0
minimum_variance_band_250bp,2016-05-02,0.35,0.00015573322627569658,0.22160331607320252,0.060055061103344305,0.24511170987571457,0.0,0.0,0.12307417972146291,0.0
minimum_variance_band_250bp,2016-06-01,0.3499999999999999,0.0,0.22485589138905498,0.06516962172807406,0.23915990091550665,0.0,0.0,0.12081458596736443,0.0
minimum_variance_band_250bp,2016-07-01,0.3499999999999999,0.0,0.1942071109215028,0.10006213242362785,0.23594536857285273,0.0,0.0,0.11978538808201684,0.0
minimum_variance_band_250bp,2016-08-01,0.35,0.0,0.19967212852654864,0.10026674517124334,0.23177396082974377,0.0,0.0,0.11828716547246426,0.0
minimum_variance_band_250bp,2016-09-01,0.35,0.0,0.20105651928291687,0.08819866601650708,0.24291187978449819,0.0,0.0,0.11783293491607792,0.0
minimum_variance_band_250bp,2016-10-03,0.35,0.0,0.19875650219957525,0.09492143411148583,0.24370235036074533,0.0,0.0,0.11261971332819372,0.0
minimum_variance_band_250bp,2016-11-01,0.3499999999999999,0.0,0.20464675670240637,0.09387275866535058,0.2366888114299852,0.0,0.0,0.11479167320225797,0.0
minimum_variance_band_250bp,2016-12-01,0.3499999999999999,0.0,0.20115250629384754,0.07604388419532865,0.25722961465582345,0.0,0.0,0.11557399485500051,0.0
minimum_variance_band_250bp,2017-01-03,0.35,0.0,0.2020430428577711,0.07338029340716898,0.25872684964440196,0.0,0.0,0.11584981409065802,0.0
minimum_variance_band_250bp,2017-02-01,0.3499999999999999,0.0,0.20460800937758725,0.06656920499188161,0.26168992821913106,0.0,0.0,0.11713285741140037,0.0
minimum_variance_band_250bp,2017-03-01,0.35,0.0,0.19928842398372246,0.06764983050906327,0.26570513742401614,0.0,0.0,0.11735660808319827,0.0
minimum_variance_band_250bp,2017-04-03,0.35,0.0,0.2060607216061,0.06004185506364177,0.2666855903014644,0.0,0.0,0.11721183302879383,0.0
minimum_variance_band_250bp,2017-05-01,0.35,0.0,0.2052967518316739,0.057811521077363155,0.26834451246144025,0.0,0.0,0.11854721462952278,0.0
minimum_variance_band_250bp,2017-06-01,0.35,0.0,0.2017435077129667,0.05869783211571436,0.27136278863308466,0.0,0.0,0.1181958715382344,0.0
minimum_variance_band_250bp,2017-07-03,0.35,0.0,0.19958957040474895,0.062054367890401536,0.27170285530464555,0.0,0.0,0.11665320640020418,0.0
minimum_variance_band_250bp,2017-08-01,0.35,0.0,0.20002226904365505,0.057982191225409485,0.27641414889933485,0.0,0.0,0.11558139083160059,0.0
minimum_variance_band_250bp,2017-09-01,0.35,0.0,0.20414790934054078,0.054096899916236,0.2755555934106215,0.0,0.0,0.11619959733260166,0.0
minimum_variance_band_250bp,2017-10-02,0.35,0.0,0.19853591900489287,0.05628807168038449,0.2783347025682278,0.0,0.0,0.11684130674649496,0.0
minimum_variance_band_250bp,2017-11-01,0.3499999999999999,0.0,0.20124850367897282,0.055648026642143765,0.2743512096547855,0.0,0.0,0.11875226002409804,0.0
minimum_variance_band_250bp,2017-12-01,0.35,0.0,0.1974747078861423,0.05792707619465248,0.27596050353975793,0.0,0.0,0.11863771237944731,0.0
minimum_variance_band_250bp,2018-01-02,0.35,0.0,0.2017689347018656,0.04211695267485518,0.2880458328169887,0.0,0.0,0.11806827980629045,0.0
minimum_variance_band_250bp,2018-02-01,0.35,0.0,0.20476206626433277,0.02996847728607585,0.30122593335899217,0.0,0.0,0.11404352309059913,0.0
minimum_variance_band_250bp,2018-03-01,0.35,0.0,0.23795043610913943,0.006814650130676043,0.29736231767443977,0.0,0.0,0.10787259608574493,0.0
minimum_variance_band_250bp,2018-04-02,0.35,0.0,0.2163653823965168,0.011403766063640686,0.31838273377745363,0.0,0.0,0.10384811776238903,0.0
minimum_variance_band_250bp,2018-05-01,0.35,0.0,0.20944388010858392,0.00930046169484067,0.33182074271122125,0.003497818456544629,0.0,0.09593709702880952,0.0
minimum_variance_band_250bp,2018-06-01,0.3499999999999999,0.0,0.2041379698507828,0.011457922912868006,0.33598826820830774,0.011252029800190126,0.0,0.0871638092278514,0.0
minimum_variance_band_250bp,2018-07-02,0.35,0.0,0.21549578002272923,0.012628533931282456,0.3257392756352887,0.008523735101577543,0.0,0.08761267530912209,0.0
minimum_variance_band_250bp,2018-08-01,0.3499999999999999,0.0,0.2159514996899594,0.012790801309484102,0.3274250048802249,0.0023703037552477734,0.0,0.09146239036508397,0.0
minimum_variance_band_250bp,2018-09-04,0.3499999999999999,0.0,0.21491421295826577,0.002601330441860252,0.3323375491179844,0.0,0.0,0.10014690748188962,0.0
minimum_variance_band_250bp,2018-10-01,0.35,0.0,0.21037055174701869,0.0010596601029485078,0.34015296539345746,0.0,0.0,0.09841682275657536,0.0
minimum_variance_band_250bp,2018-11-01,0.35,0.0,0.21198831032239165,0.0,0.34249302093436984,0.0,0.0,0.09551866874323854,0.0
minimum_variance_band_250bp,2018-12-03,0.35,0.0,0.21517260382617334,0.0,0.3411147816045545,0.003933614743680108,0.0,0.08977899982559216,0.0
minimum_variance_band_250bp,2019-01-02,0.35,0.0,0.2129032899806205,0.014878227055256234,0.33461399896088384,0.005333123353183391,0.0,0.08227136065005623,0.0
minimum_variance_band_250bp,2019-02-01,0.35,0.0,0.2209238105949646,0.008208113147504525,0.32894730390408927,0.005691271333050673,0.0,0.08622950102039113,0.0
minimum_variance_band_250bp,2019-03-01,0.35,0.0,0.2138445908301604,0.01163852931056658,0.3334353322803336,0.0031226094931178405,0.0,0.08795893808582164,0.0
minimum_variance_band_250bp,2019-04-01,0.35,0.0,0.20667723388729967,0.0016098069648980222,0.35,0.00621748508702733,0.0,0.08549547406077507,0.0
minimum_variance_band_250bp,2019-05-01,0.35,0.0,0.20399187026326118,0.004477323473672065,0.35,0.007366819709260006,0.0,0.08416398655380694,0.0
minimum_variance_band_250bp,2019-06-03,0.35,0.0,0.2094854442183627,0.0,0.35,0.006430284304547333,0.0,0.0840842714770902,0.0
minimum_variance_band_250bp,2019-07-01,0.35,0.0,0.21439038695263782,0.0,0.3499999999999999,0.0,0.0,0.08560961304736246,0.0
minimum_variance_band_250bp,2019-08-01,0.35,0.0,0.21389219479137056,0.0,0.35,0.0,0.0,0.08610780520862947,0.0
minimum_variance_band_250bp,2019-09-03,0.35,0.0,0.213117835523524,0.0,0.35,0.001259733103753209,0.0,0.08562243137272292,0.0
minimum_variance_band_250bp,2019-10-01,0.35,0.0,0.20527010881279734,0.0,0.35,0.009854662597265765,0.0,0.08487522858993711,0.0
minimum_variance_band_250bp,2019-11-01,0.35,0.0,0.20327702863643057,0.0,0.35,0.013680926998479991,0.0,0.08304204436508958,0.0
minimum_variance_band_250bp,2019-12-02,0.3499999999999999,0.0,0.20317365558313627,0.0,0.35,0.022717122567083692,0.0,0.07410922184978026,0.0
minimum_variance_band_250bp,2020-01-02,0.35,0.0,0.2008679527119318,0.0,0.35,0.028938093987965652,0.0,0.07019395330010264,0.0
minimum_variance_band_250bp,2020-02-03,0.35,0.0,0.19958109666751694,0.0,0.35,0.03771616819069493,0.0,0.06270273514178824,0.0
minimum_variance_band_250bp,2020-03-02,0.35,0.0,0.20099299477221894,0.0,0.35,0.041479612503145795,0.0,0.05752739272463553,0.0
minimum_variance_band_250bp,2020-04-01,0.35,0.016575937308027842,0.34270300458839253,0.0,0.2004545735954443,0.01091731036214468,0.0,0.07934917414599085,0.0
minimum_variance_band_250bp,2020-05-01,0.35,0.011254813223303378,0.35,0.0,0.20347999309939394,0.01007520581283187,0.0,0.07460994095166212,0.0005800469128088475
minimum_variance_band_250bp,2020-06-01,0.35,0.0107572658905317,0.35,0.0,0.20565442332025607,0.010219545425162098,0.0,0.07139292596518709,0.001975839398863041
minimum_variance_band_250bp,2020-07-01,0.35,0.008705372271843235,0.35,0.0,0.20932132439917644,0.009438187632074152,0.0,0.06971089362707834,0.0028242220698278826
minimum_variance_band_250bp,2020-08-03,0.35,0.009268726789264369,0.35,0.0,0.20893058445208468,0.011489024749718193,0.0,0.06799476161402922,0.0023169023949037686
minimum_variance_band_250bp,2020-09-01,0.35,0.004702429553651755,0.35,0.0,0.21335875024839865,0.01315126970909234,0.0,0.06742803426433353,0.0013595162245237417
minimum_variance_band_250bp,2020-10-01,0.35,0.005420626090142603,0.35,0.0,0.21478386194500748,0.01669271610560964,0.0,0.061184959423686895,0.0019178364355534271
minimum_variance_band_250bp,2020-11-02,0.35,0.005639087879037778,0.35,0.0,0.21529665252790295,0.018232979973195323,0.0,0.05856074843116331,0.0022705311887008233
minimum_variance_band_250bp,2020-12-01,0.35,0.004241483954843768,0.35,0.0,0.21715700819278694,0.0220413531412092,0.0,0.056560154711160264,0.0
minimum_variance_band_250bp,2021-01-04,0.35,0.0039794695340934945,0.35,0.0,0.21718100728817447,0.02432357778769746,0.0,0.05451594539003474,0.0
minimum_variance_band_250bp,2021-02-01,0.35,0.0021275910822111314,0.35,0.0,0.21924874215856832,0.024927920636889457,0.0,0.05369574612233131,0.0
minimum_variance_band_250bp,2021-03-01,0.35,0.0036638031492486644,0.35,0.0,0.21600421942265138,0.03056188230125725,0.0,0.049770095126842884,0.0
minimum_variance_band_250bp,2021-04-01,0.35,0.001970867814992956,0.35,0.0,0.21726106256506458,0.03542078362084678,0.0,0.045347285999095925,0.0
minimum_variance_band_250bp,2021-05-03,0.35,0.00021226860225461092,0.35,0.0,0.21910963574053882,0.03474456040289205,0.0,0.0459335352543145,0.0
minimum_variance_band_250bp,2021-06-01,0.35,0.0005108992607043876,0.35,0.0,0.2211283831735991,0.03001120809136419,0.0,0.04834950947433237,0.0
minimum_variance_band_250bp,2021-07-01,0.35,0.0002058526716878571,0.35,0.0,0.2215490936923066,0.03021055538875547,0.0,0.04803449824725012,0.0
minimum_variance_band_250bp,2021-08-02,0.35,7.709411921399834e-06,0.35,0.0,0.22120330249120798,0.03181682019076353,0.0,0.04697216790610714,0.0
minimum_variance_band_250bp,2021-09-01,0.35,0.0,0.35,0.0,0.22163512524029394,0.02995219108877071,0.0,0.048412683670935354,0.0
minimum_variance_band_250bp,2021-10-01,0.35,0.0,0.35,0.0,0.22179340802385492,0.03054797909480098,0.0,0.04765861288134411,0.0
minimum_variance_band_250bp,2021-11-01,0.35,0.0,0.35,0.0,0.22093319963469255,0.03218856619212438,0.0,0.046785457261286,9.277691189726477e-05
minimum_variance_band_250bp,2021-12-01,0.35,0.0,0.35,0.0,0.2189238953332975,0.030605949305074872,0.0,0.046616866440888374,0.0038532889207393947
minimum_variance_band_250bp,2022-01-03,0.35,0.0,0.35,0.0,0.21835098351842747,0.030526176001273334,0.0,0.04864828615395461,0.0024745543263446556
minimum_variance_band_250bp,2022-02-01,0.35,0.0,0.35,0.0,0.21876136982456837,0.034315218111637534,0.0,0.04334382018307759,0.0035795918807166142
minimum_variance_band_250bp,2022-03-01,0.35,0.0,0.35,0.0,0.21697893721635172,0.03871485355540237,0.0,0.036370646376601846,0.007935562851644106
minimum_variance_band_250bp,2022-04-01,0.35,0.0,0.35,0.0,0.21477198551388776,0.049711354888651374,0.0,0.03551665959746107,0.0
minimum_variance_band_250bp,2022-05-02,0.35,0.0,0.35,0.0,0.21628735865243587,0.05029951104396601,0.0,0.03079003537914301,0.002623094924455289
minimum_variance_band_250bp,2022-06-01,0.35,0.0,0.35,0.0,0.21703898714846726,0.04736561333594217,0.0,0.029433260869113465,0.006162138646477204
minimum_variance_band_250bp,2022-07-01,0.35,0.0017062391312963495,0.35,0.0,0.21731790079273222,0.04613971718245944,0.0,0.020895916416756328,0.013940226476755791
minimum_variance_band_250bp,2022-08-01,0.35,0.003978543280850513,0.35,0.0,0.21409811449387406,0.046623734875137164,0.0,0.01728526350545587,0.018014343844682448
minimum_variance_band_250bp,2022-09-01,0.35,0.006807736084604216,0.35,0.0,0.2142268235235088,0.04021360000623707,0.0,0.01604199266636129,0.02270984771928866
minimum_variance_band_250bp,2022-10-03,0.35,0.010426859493457183,0.35,0.0,0.21363804672760736,0.03312073004281635,0.0,0.01466588737186664,0.02814847636425261
minimum_variance_band_250bp,2022-11-01,0.35,0.008065675574414942,0.34405448151736534,0.0,0.22608304182776962,0.02318812695994123,0.0,0.0167093503756087,0.03189932374490033
minimum_variance_band_250bp,2022-12-01,0.35,0.006822039893525108,0.3443515090329042,0.0,0.23149931409946337,0.01435774774618128,0.0,0.015032896157414549,0.0379364930705115
minimum_variance_band_250bp,2023-01-03,0.3499999999999999,0.007903992417215299,0.3426099694232102,0.0,0.23305300577492186,0.013558874951527165,0.0,0.013143867476582144,0.03973028995654343
minimum_variance_band_250bp,2023-02-01,0.35,0.009711762102758733,0.3354389250439971,0.0,0.23996228468210345,0.005386840624481686,0.0,0.019233053398675662,0.04026713414798338
minimum_variance_band_250bp,2023-03-01,0.35,0.011026817801519562,0.33130059066866074,0.0,0.24533660776350527,0.004130321953460233,0.0,0.01976322643395366,0.03844243537890051
minimum_variance_band_250bp,2023-04-03,0.35,0.0,0.2372292837354665,0.0,0.3499999999999999,0.02566128040165684,0.0,0.0,0.03710943586287673
minimum_variance_band_250bp,2023-05-01,0.3499999999999999,0.0,0.23267833458156437,0.0,0.35,0.029730712170794857,0.0,0.0,0.03759095324764093
minimum_variance_band_250bp,2023-06-01,0.35,0.0,0.22708429228395557,0.0,0.35,0.03456215536472937,0.0,0.0,0.03835355235131516
minimum_variance_band_250bp,2023-07-03,0.35,0.0,0.2239065648149802,0.0,0.35,0.03470419950459903,0.0,0.0,0.04138923568042087
minimum_variance_band_250bp,2023-08-01,0.35,0.0,0.22407658063918454,0.0,0.35,0.032317160871265724,0.0,0.0,0.04360625848954985
minimum_variance_band_250bp,2023-09-01,0.34999999999999987,0.0,0.2228683584394427,0.0,0.35,0.02965668802564323,0.0,0.0012501469254954764,0.04622480660941869
minimum_variance_band_250bp,2023-10-02,0.35,0.0,0.22096661560035702,0.0,0.3499999999999999,0.02644871179992146,0.0,0.005699747459086242,0.04688492514063538
minimum_variance_band_250bp,2023-11-01,0.3499999999999999,0.0,0.21774819296598488,0.0,0.35,0.026624280199616122,0.0,0.007101141141067944,0.04852638569333118
minimum_variance_band_250bp,2023-12-01,0.3499999999999999,1.2305871801388867e-05,0.2165595518947921,0.0,0.3499999999999999,0.02158326750063002,0.0,0.009008336195588555,0.052836538537188026
minimum_variance_band_250bp,2024-01-02,0.35,0.0,0.21515010240432186,0.0,0.3499999999999999,0.016610650577856573,0.0,0.012056961635127502,0.05618228538269424
minimum_variance_band_250bp,2024-02-01,0.35,0.003858497125409002,0.2107525771545542,0.0,0.3499999999999999,0.011412066791748627,0.0,0.015758538636673834,0.058218320291614306
minimum_variance_band_250bp,2024-03-01,0.3499999999999999,0.0027659997303932714,0.21108655474315985,0.0,0.35,0.0,0.0,0.025195880593057794,0.06095156493338932
minimum_variance_band_250bp,2024-04-01,0.35,0.0024971022409053076,0.20700768475192285,0.0,0.35,0.0,0.0,0.02284615065675437,0.06764906235041747
minimum_variance_band_250bp,2024-05-01,0.35,0.011945958079963934,0.19839382516412093,0.0,0.35,0.0,0.0,0.023747202724855514,0.06591301403105972
minimum_variance_band_250bp,2024-06-03,0.35,0.013479992787769539,0.19566442225563457,0.0,0.35,0.0,0.0,0.023821902108161135,0.06703368284843493
minimum_variance_band_250bp,2024-07-01,0.3499999999999999,0.010292155584900898,0.19683123847570427,0.0,0.35,0.0,0.0,0.022899163704708167,0.0699774422346868
minimum_variance_band_250bp,2024-08-01,0.35,0.007316659387675955,0.20041057038088061,0.0,0.35,0.0,0.0,0.02215582129850336,0.07011694893294022
minimum_variance_band_250bp,2024-09-03,0.34999999999999976,0.008444364328464559,0.19838131381903654,0.0,0.35,0.0,0.0,0.021300615518053092,0.07187370633444602
minimum_variance_band_250bp,2024-10-01,0.35,0.008713618811555128,0.2000183452352353,0.0,0.3499999999999999,0.0,0.0,0.023427846075276367,0.0678401898779333
minimum_variance_band_250bp,2024-11-01,0.35,0.010066500118780112,0.19843824076642375,0.0,0.35,0.0,0.0,0.02670697115951229,0.06478828795528398
minimum_variance_band_250bp,2024-12-02,0.35,0.012861894809093765,0.19729871588304812,0.0,0.35,0.0,0.0,0.03169811461488448,0.0581412746929737
minimum_variance_band_250bp,2025-01-02,0.35,0.012371311044613139,0.19788941113195588,0.0,0.35,0.0,0.0,0.030898734033425,0.05884054379000588
minimum_variance_band_250bp,2025-02-03,0.35,0.013943715032370267,0.19675692721741,0.0,0.3499999999999999,0.0,0.0,0.030128284071891685,0.05917107367832809
minimum_variance_band_250bp,2025-03-03,0.35,0.014631088866795353,0.19531632345875208,0.0,0.35,0.0,0.0,0.03139464870812766,0.05865793896632481
minimum_variance_band_250bp,2025-04-01,0.35,0.0146924083411848,0.1988162892261846,0.0,0.3499999999999999,0.0,0.0,0.02276418659730847,0.06372711583532216
minimum_variance_band_250bp,2025-05-01,0.35,0.01900824027339954,0.20823819643860736,0.0,0.35,0.0,0.0,0.01486246674386485,0.057891096544128315
minimum_variance_band_250bp,2025-06-02,0.3499999999999999,0.016737446263507462,0.2053904657057431,0.0,0.35,0.0,0.0,0.018645901543509934,0.05922618648723961
minimum_variance_band_250bp,2025-07-01,0.35,0.017365850756332783,0.20140879299244369,0.0,0.35,0.0,0.0,0.03126083029382672,0.04996452595739682
minimum_variance_band_250bp,2025-08-01,0.35,0.016714850183333036,0.20347006671134277,0.0,0.35,0.0,0.0,0.03379121889999971,0.04602386420532453
minimum_variance_band_250bp,2025-09-02,0.35,0.015998490999197854,0.20437533102411162,0.0,0.35,0.0,0.0,0.03835285720042226,0.04127332077626832
minimum_variance_band_250bp,2025-10-01,0.3499999999999999,0.017207156337282814,0.20001308652159677,0.0,0.35,0.0,0.0,0.04402530401091929,0.038754453130201184
minimum_variance_band_250bp,2025-11-03,0.35,0.01621951082170837,0.1967554054958573,0.0,0.35,0.0,0.0,0.05338984798396679,0.03363523569846759
minimum_variance_band_250bp,2025-12-01,0.3499999999999999,0.018057050031338274,0.1914990694352123,0.0,0.35,0.0,0.0,0.06217764482247788,0.0282662357109717
minimum_variance_band_500bp,2011-01-03,0.35,0.02613707129296213,0.3039358079385048,0.06809216785810467,0.17385545741340838,0.0,0.0,0.07797949549702014,0.0
minimum_variance_band_500bp,2011-02-01,0.35,0.025429990812313355,0.30185032051606386,0.06760807329742055,0.17700882424291323,0.0,0.0,0.07810279113128915,0.0
minimum_variance_band_500bp,2011-03-01,0.35,0.024668382483741386,0.2995016213946684,0.06836276127015535,0.18039794718799104,0.0,0.0,0.0770692876634439,0.0
minimum_variance_band_500bp,2011-04-01,0.35,0.0235549270944125,0.2987595444082879,0.06814007644023301,0.18447289969186265,0.0,0.0,0.07507255236520397,0.0
minimum_variance_band_500bp,2011-05-02,0.35,0.024765670376561744,0.2973362391233146,0.06850752995274656,0.18523355281860318,0.0,0.0,0.0741570077287741,0.0
minimum_variance_band_500bp,2011-06-01,0.35,0.026510631186979463,0.2952579129479904,0.06990643872946153,0.18558912711384964,0.0,0.0,0.07273589002171899,0.0
minimum_variance_band_500bp,2011-07-01,0.35,0.029460714726343016,0.2909694044170335,0.07006992864605652,0.18820119689381032,0.0,0.0,0.07129875531675682,0.0
minimum_variance_band_500bp,2011-08-01,0.35,0.029878064800566827,0.2865660445422082,0.07087039873439459,0.1925743357588941,0.0,0.0,0.07011115616393641,0.0
minimum_variance_band_500bp,2011-09-01,0.35,0.02630032772575409,0.29565296878900055,0.06763572457724953,0.18601888602336406,0.0,0.0,0.07439209288463194,0.0
minimum_variance_band_500bp,2011-10-03,0.35,0.023763288807224132,0.2782410507315444,0.08893850747965118,0.18732644426539374,0.0,0.0,0.07173070871618661,0.0
minimum_variance_band_500bp,2011-11-01,0.3499999999999999,0.017571089963997973,0.22042737764677978,0.14321227681599238,0.18819353335986247,0.0,0.0,0.08059572221336744,0.0
minimum_variance_band_500bp,2011-12-01,0.35,0.01691510606461171,0.22353754513080956,0.11793288529103377,0.20446207175748732,0.0,0.0,0.08715239175605762,0.0
minimum_variance_band_500bp,2012-01-03,0.35,0.013604162900517906,0.18980934975491046,0.11720306365304037,0.24240333159754615,0.0,0.0,0.08698009209398516,0.0
minimum_variance_band_500bp,2012-02-01,0.3499999999999999,0.007577712424778037,0.17839733454542103,0.1354644679706521,0.24102543141284316,0.0,0.0,0.0875350536463058,0.0
minimum_variance_band_500bp,2012-03-01,0.35,0.0054293753839839715,0.1743961147490909,0.14112508671309798,0.23993671147702042,0.0,0.0,0.08911271167680683,0.0
minimum_variance_band_500bp,2012-04-02,0.35,0.0005299789343796638,0.1684789033747982,0.11400945561623312,0.2681996177095607,0.0,0.0,0.09878204436502831,0.0
minimum_variance_band_500bp,2012-05-01,0.35,0.0,0.16329687070106844,0.11729944360154601,0.2691427882470908,0.0,0.0,0.10026089745029479,0.0
minimum_variance_band_500bp,2012-06-01,0.35,0.0,0.18597833042954576,0.10499532300743478,0.2529478267188271,0.0,0.0,0.1060785198441925,0.0
minimum_variance_band_500bp,2012-07-02,0.3499999999999999,0.0,0.1972919170974091,0.10424738290756311,0.2412834899827685,0.0,0.0,0.10717721001225936,0.0
minimum_variance_band_500bp,2012-08-01,0.35,0.0,0.20515095656642574,0.10788929987470336,0.22960249313529563,0.0,0.0,0.1073572504235754,0.0
minimum_variance_band_500bp,2012-09-04,0.3499999999999999,0.0,0.20608394442130623,0.11495537000206858,0.22187514840061245,0.0,0.0,0.10708553717601288,0.0
minimum_variance_band_500bp,2012-10-01,0.35,0.0,0.20704182004339117,0.11892805994274451,0.21640655582016155,0.0,0.0,0.10762356419370273,0.0
minimum_variance_band_500bp,2012-11-01,0.35,0.0,0.1984523289878358,0.13535123264322094,0.20942867216507433,0.0,0.0,0.1067677662038689,0.0
minimum_variance_band_500bp,2012-12-03,0.35,0.0,0.1973108347636523,0.1332215300243133,0.21168766713760384,0.0,0.0,0.1077799680744307,0.0
minimum_variance_band_500bp,2013-01-02,0.35,0.0,0.19981560184657632,0.13500280341864737,0.20806816301760647,0.0,0.0,0.10711343171716992,0.0
minimum_variance_band_500bp,2013-02-01,0.35,0.0,0.20240235729875752,0.1344379928768538,0.20505511724063707,0.0,0.0,0.1081045325837517,0.0
minimum_variance_band_500bp,2013-03-01,0.35,0.0,0.2024473522252185,0.1372389611491412,0.20141349040820772,0.0,0.0,0.10890019621743262,0.0
minimum_variance_band_500bp,2013-04-01,0.3499999999999999,0.0,0.20499150866541582,0.13536815908024993,0.19982148723256002,0.0,0.0,0.10981884502177439,0.0
minimum_variance_band_500bp,2013-05-01,0.35,0.0,0.2057297487950307,0.139716622573258,0.19617268616972952,0.0,0.0,0.10838094246198185,0.0
minimum_variance_band_500bp,2013-06-03,0.35,0.0,0.1934785769007814,0.14243787497125185,0.20161376396923097,0.0,0.0,0.11246978415873589,0.0
minimum_variance_band_500bp,2013-07-01,0.35,0.0,0.20992427824895343,0.12754754363039106,0.19817821127403065,0.0,0.0,0.11434996684662493,0.0
minimum_variance_band_500bp,2013-08-01,0.35,0.0,0.21058324651727842,0.12052463163912852,0.2003450508423577,0.0,0.0,0.11854707100123532,0.0
minimum_variance_band_500bp,2013-09-03,0.35,0.0,0.21502120803667635,0.11998917912929608,0.19601096864930773,0.0,0.0,0.1189786441847199,0.0
minimum_variance_band_500bp,2013-10-01,0.35,0.0,0.23043289924158272,0.107425158802495,0.19079653449266695,0.0,0.0,0.12134540746325537,0.0
minimum_variance_band_500bp,2013-11-01,0.35,0.0,0.21720417214731877,0.104501498060897,0.20907974351975256,0.0,0.0,0.11921458627203158,0.0
minimum_variance_band_500bp,2013-12-02,0.3499999999999999,0.0,0.22389256765647741,0.10478834653395926,0.2009196553825412,0.0,0.0,0.12039943042702236,0.0
minimum_variance_band_500bp,2014-01-02,0.35,0.0,0.2505956989506171,0.09657251423497935,0.18279879275448466,0.0,0.0,0.12003299405991902,0.0
minimum_variance_band_500bp,2014-02-03,0.35,0.0,0.24733600132415434,0.09230510140216197,0.19143364770171845,0.0,0.0,0.11892524957196521,0.0
minimum_variance_band_500bp,2014-03-03,0.35,0.0,0.24892473751519623,0.09043111034658671,0.19235953250389082,0.0,0.0,0.11828461963432621,0.0
minimum_variance_band_500bp,2014-04-01,0.35,0.0,0.25670935732435185,0.09409845763329078,0.18059236064445702,0.0,0.0,0.11859982439790027,0.0
minimum_variance_band_500bp,2014-05-01,0.35,0.0,0.259395204515772,0.09116999449645231,0.18093875044853688,0.0,0.0,0.11849605053923887,0.0
minimum_variance_band_500bp,2014-06-02,0.3499999999999999,0.0,0.2627586669351068,0.08992426837054517,0.17792269960145696,0.0,0.0,0.1193943650928913,0.0
minimum_variance_band_500bp,2014-07-01,0.35,0.0,0.266005357024539,0.08901191810152971,0.17545921825188449,0.0,0.0,0.11952350662204689,0.0
minimum_variance_band_500bp,2014-08-01,0.35,0.0,0.27587246421371003,0.08864360683837819,0.16478723291726516,0.0,0.0,0.12069669603064671,0.0
minimum_variance_band_500bp,2014-09-02,0.35,0.0,0.25129688462258365,0.08333499184179896,0.19347692801368496,0.0,0.0,0.1218911955219324,0.0
minimum_variance_band_500bp,2014-10-01,0.35,0.0,0.2710819382555795,0.07123298681407887,0.1811925974844783,0.0,0.0,0.12649247744586337,0.0
minimum_variance_band_500bp,2014-11-03,0.34999999999999987,0.0,0.2523744153721848,0.06408439346450445,0.20620624768342374,0.0,0.0,0.12733494347988716,0.0
minimum_variance_band_500bp,2014-12-01,0.35,0.0,0.25850018206241826,0.06235460780350795,0.19908753231968418,0.0,0.0,0.1300576778143897,0.0
minimum_variance_band_500bp,2015-01-02,0.35,0.0,0.23133378178327196,0.08499796272246776,0.2007506056690704,0.0,0.0,0.1329176498251899,0.0
minimum_variance_band_500bp,2015-02-02,0.3499999999999999,0.0,0.23688519477861486,0.07952126868713823,0.19780620610943522,0.0,0.0,0.13578733042481186,0.0
minimum_variance_band_500bp,2015-03-02,0.35,0.0,0.22535807144085754,0.07519062595644498,0.2138382302994166,0.0,0.0,0.13561307230328074,0.0
minimum_variance_band_500bp,2015-04-01,0.35,0.0,0.22611383954093453,0.07580324223377335,0.2139136267384676,0.0,0.0,0.1341692914868246,0.0
minimum_variance_band_500bp,2015-05-01,0.35,0.0,0.22995603007466878,0.07268931840932268,0.21129164408205126,0.0,0.0,0.1360630074339574,0.0
minimum_variance_band_500bp,2015-06-01,0.35,0.0,0.22494944033460887,0.07370040990291396,0.21277824678823332,0.0,0.0,0.13857190297424382,0.0
minimum_variance_band_500bp,2015-07-01,0.3499999999999999,0.0,0.2119028510319147,0.06590405816749864,0.22901194811391834,0.0,0.0,0.14318114268666837,0.0
minimum_variance_band_500bp,2015-08-03,0.35,0.0,0.2062575699767948,0.07182455240435737,0.2255383579135401,0.0,0.0,0.14637951970530783,0.0
minimum_variance_band_500bp,2015-09-01,0.35,0.0,0.21053858628879626,0.07515868792451862,0.2286858652083838,0.0,0.0,0.1356168605783013,0.0
minimum_variance_band_500bp,2015-10-01,0.3499999999999999,0.0,0.20992684340707538,0.08536700403391147,0.22253810952217273,0.0,0.0,0.13216804303684052,0.0
minimum_variance_band_500bp,2015-11-02,0.3499999999999999,0.0,0.21545128606179084,0.07860265551818088,0.2236802258485493,0.0,0.0,0.132265832571479,0.0
minimum_variance_band_500bp,2015-12-01,0.35,0.0,0.2102245649900153,0.07973245857373823,0.2285247279501142,0.0,0.0,0.13151824848613217,0.0
minimum_variance_band_500bp,2016-01-04,0.3499999999999999,0.0,0.20895451977954477,0.06286581482169822,0.24918734335912196,0.0,0.0,0.12899232203963526,0.0
minimum_variance_band_500bp,2016-02-01,0.35,0.0,0.2099320092629639,0.06694764788697075,0.24995558661689304,0.0,0.0,0.12316475623317248,0.0
minimum_variance_band_500bp,2016-03-01,0.35,0.0,0.21512144561051474,0.06273983008632375,0.2502412954479378,0.0,0.0,0.12189742885522364,0.0
minimum_variance_band_500bp,2016-04-01,0.3499999999999999,0.0,0.22381890340470603,0.07075446246865846,0.23378844934108337,0.0,0.0,0.1216381847855523,0.0
minimum_variance_band_500bp,2016-05-02,0.35,0.00015573322627569658,0.22160331607320252,0.060055061103344305,0.24511170987571457,0.0,0.0,0.12307417972146291,0.0
minimum_variance_band_500bp,2016-06-01,0.3499999999999999,0.0,0.22485589138905498,0.06516962172807406,0.23915990091550665,0.0,0.0,0.12081458596736443,0.0
minimum_variance_band_500bp,2016-07-01,0.3499999999999999,0.0,0.1942071109215028,0.10006213242362785,0.23594536857285273,0.0,0.0,0.11978538808201684,0.0
minimum_variance_band_500bp,2016-08-01,0.35,0.0,0.19967212852654864,0.10026674517124334,0.23177396082974377,0.0,0.0,0.11828716547246426,0.0
minimum_variance_band_500bp,2016-09-01,0.35,0.0,0.20105651928291687,0.08819866601650708,0.24291187978449819,0.0,0.0,0.11783293491607792,0.0
minimum_variance_band_500bp,2016-10-03,0.35,0.0,0.19875650219957525,0.09492143411148583,0.24370235036074533,0.0,0.0,0.11261971332819372,0.0
minimum_variance_band_500bp,2016-11-01,0.3499999999999999,0.0,0.20464675670240637,0.09387275866535058,0.2366888114299852,0.0,0.0,0.11479167320225797,0.0
minimum_variance_band_500bp,2016-12-01,0.3499999999999999,0.0,0.20115250629384754,0.07604388419532865,0.25722961465582345,0.0,0.0,0.11557399485500051,0.0
minimum_variance_band_500bp,2017-01-03,0.35,0.0,0.2020430428577711,0.07338029340716898,0.25872684964440196,0.0,0.0,0.11584981409065802,0.0
minimum_variance_band_500bp,2017-02-01,0.3499999999999999,0.0,0.20460800937758725,0.06656920499188161,0.26168992821913106,0.0,0.0,0.11713285741140037,0.0
minimum_variance_band_500bp,2017-03-01,0.35,0.0,0.19928842398372246,0.06764983050906327,0.26570513742401614,0.0,0.0,0.11735660808319827,0.0
minimum_variance_band_500bp,2017-04-03,0.35,0.0,0.2060607216061,0.06004185506364177,0.2666855903014644,0.0,0.0,0.11721183302879383,0.0
minimum_variance_band_500bp,2017-05-01,0.35,0.0,0.2052967518316739,0.057811521077363155,0.26834451246144025,0.0,0.0,0.11854721462952278,0.0
minimum_variance_band_500bp,2017-06-01,0.35,0.0,0.2017435077129667,0.05869783211571436,0.27136278863308466,0.0,0.0,0.1181958715382344,0.0
minimum_variance_band_500bp,2017-07-03,0.35,0.0,0.19958957040474895,0.062054367890401536,0.27170285530464555,0.0,0.0,0.11665320640020418,0.0
minimum_variance_band_500bp,2017-08-01,0.35,0.0,0.20002226904365505,0.057982191225409485,0.27641414889933485,0.0,0.0,0.11558139083160059,0.0
minimum_variance_band_500bp,2017-09-01,0.35,0.0,0.20414790934054078,0.054096899916236,0.2755555934106215,0.0,0.0,0.11619959733260166,0.0
minimum_variance_band_500bp,2017-10-02,0.35,0.0,0.19853591900489287,0.05628807168038449,0.2783347025682278,0.0,0.0,0.11684130674649496,0.0
minimum_variance_band_500bp,2017-11-01,0.3499999999999999,0.0,0.20124850367897282,0.055648026642143765,0.2743512096547855,0.0,0.0,0.11875226002409804,0.0
minimum_variance_band_500bp,2017-12-01,0.35,0.0,0.1974747078861423,0.05792707619465248,0.27596050353975793,0.0,0.0,0.11863771237944731,0.0
minimum_variance_band_500bp,2018-01-02,0.35,0.0,0.2017689347018656,0.04211695267485518,0.2880458328169887,0.0,0.0,0.11806827980629045,0.0
minimum_variance_band_500bp,2018-02-01,0.35,0.0,0.20476206626433277,0.02996847728607585,0.30122593335899217,0.0,0.0,0.11404352309059913,0.0
minimum_variance_band_500bp,2018-03-01,0.35,0.0,0.23795043610913943,0.006814650130676043,0.29736231767443977,0.0,0.0,0.10787259608574493,0.0
minimum_variance_band_500bp,2018-04-02,0.35,0.0,0.2163653823965168,0.011403766063640686,0.31838273377745363,0.0,0.0,0.10384811776238903,0.0
minimum_variance_band_500bp,2018-05-01,0.35,0.0,0.20944388010858392,0.00930046169484067,0.33182074271122125,0.003497818456544629,0.0,0.09593709702880952,0.0
minimum_variance_band_500bp,2018-06-01,0.3499999999999999,0.0,0.2041379698507828,0.011457922912868006,0.33598826820830774,0.011252029800190126,0.0,0.0871638092278514,0.0
minimum_variance_band_500bp,2018-07-02,0.35,0.0,0.21549578002272923,0.012628533931282456,0.3257392756352887,0.008523735101577543,0.0,0.08761267530912209,0.0
minimum_variance_band_500bp,2018-08-01,0.3499999999999999,0.0,0.2159514996899594,0.012790801309484102,0.3274250048802249,0.0023703037552477734,0.0,0.09146239036508397,0.0
minimum_variance_band_500bp,2018-09-04,0.3499999999999999,0.0,0.21491421295826577,0.002601330441860252,0.3323375491179844,0.0,0.0,0.10014690748188962,0.0
minimum_variance_band_500bp,2018-10-01,0.35,0.0,0.21037055174701869,0.0010596601029485078,0.34015296539345746,0.0,0.0,0.09841682275657536,0.0
minimum_variance_band_500bp,2018-11-01,0.35,0.0,0.21198831032239165,0.0,0.34249302093436984,0.0,0.0,0.09551866874323854,0.0
minimum_variance_band_500bp,2018-12-03,0.35,0.0,0.21517260382617334,0.0,0.3411147816045545,0.003933614743680108,0.0,0.08977899982559216,0.0
minimum_variance_band_500bp,2019-01-02,0.35,0.0,0.2129032899806205,0.014878227055256234,0.33461399896088384,0.005333123353183391,0.0,0.08227136065005623,0.0
minimum_variance_band_500bp,2019-02-01,0.35,0.0,0.2209238105949646,0.008208113147504525,0.32894730390408927,0.005691271333050673,0.0,0.08622950102039113,0.0
minimum_variance_band_500bp,2019-03-01,0.35,0.0,0.2138445908301604,0.01163852931056658,0.3334353322803336,0.0031226094931178405,0.0,0.08795893808582164,0.0
minimum_variance_band_500bp,2019-04-01,0.35,0.0,0.20667723388729967,0.0016098069648980222,0.35,0.00621748508702733,0.0,0.08549547406077507,0.0
minimum_variance_band_500bp,2019-05-01,0.35,0.0,0.20399187026326118,0.004477323473672065,0.35,0.007366819709260006,0.0,0.08416398655380694,0.0
minimum_variance_band_500bp,2019-06-03,0.35,0.0,0.2094854442183627,0.0,0.35,0.006430284304547333,0.0,0.0840842714770902,0.0
minimum_variance_band_500bp,2019-07-01,0.35,0.0,0.21439038695263782,0.0,0.3499999999999999,0.0,0.0,0.08560961304736246,0.0
minimum_variance_band_500bp,2019-08-01,0.35,0.0,0.21389219479137056,0.0,0.35,0.0,0.0,0.08610780520862947,0.0
minimum_variance_band_500bp,2019-09-03,0.35,0.0,0.213117835523524,0.0,0.35,0.001259733103753209,0.0,0.08562243137272292,0.0
minimum_variance_band_500bp,2019-10-01,0.35,0.0,0.20527010881279734,0.0,0.35,0.009854662597265765,0.0,0.08487522858993711,0.0
minimum_variance_band_500bp,2019-11-01,0.35,0.0,0.20327702863643057,0.0,0.35,0.013680926998479991,0.0,0.08304204436508958,0.0
minimum_variance_band_500bp,2019-12-02,0.3499999999999999,0.0,0.20317365558313627,0.0,0.35,0.022717122567083692,0.0,0.07410922184978026,0.0
minimum_variance_band_500bp,2020-01-02,0.35,0.0,0.2008679527119318,0.0,0.35,0.028938093987965652,0.0,0.07019395330010264,0.0
minimum_variance_band_500bp,2020-02-03,0.35,0.0,0.19958109666751694,0.0,0.35,0.03771616819069493,0.0,0.06270273514178824,0.0
minimum_variance_band_500bp,2020-03-02,0.35,0.0,0.20099299477221894,0.0,0.35,0.041479612503145795,0.0,0.05752739272463553,0.0
minimum_variance_band_500bp,2020-04-01,0.35,0.016575937308027842,0.34270300458839253,0.0,0.2004545735954443,0.01091731036214468,0.0,0.07934917414599085,0.0
minimum_variance_band_500bp,2020-05-01,0.35,0.011254813223303378,0.35,0.0,0.20347999309939394,0.01007520581283187,0.0,0.07460994095166212,0.0005800469128088475
minimum_variance_band_500bp,2020-06-01,0.35,0.0107572658905317,0.35,0.0,0.20565442332025607,0.010219545425162098,0.0,0.07139292596518709,0.001975839398863041
minimum_variance_band_500bp,2020-07-01,0.35,0.008705372271843235,0.35,0.0,0.20932132439917644,0.009438187632074152,0.0,0.06971089362707834,0.0028242220698278826
minimum_variance_band_500bp,2020-08-03,0.35,0.009268726789264369,0.35,0.0,0.20893058445208468,0.011489024749718193,0.0,0.06799476161402922,0.0023169023949037686
minimum_variance_band_500bp,2020-09-01,0.35,0.004702429553651755,0.35,0.0,0.21335875024839865,0.01315126970909234,0.0,0.06742803426433353,0.0013595162245237417
minimum_variance_band_500bp,2020-10-01,0.35,0.005420626090142603,0.35,0.0,0.21478386194500748,0.01669271610560964,0.0,0.061184959423686895,0.0019178364355534271
minimum_variance_band_500bp,2020-11-02,0.35,0.005639087879037778,0.35,0.0,0.21529665252790295,0.018232979973195323,0.0,0.05856074843116331,0.0022705311887008233
minimum_variance_band_500bp,2020-12-01,0.35,0.004241483954843768,0.35,0.0,0.21715700819278694,0.0220413531412092,0.0,0.056560154711160264,0.0
minimum_variance_band_500bp,2021-01-04,0.35,0.0039794695340934945,0.35,0.0,0.21718100728817447,0.02432357778769746,0.0,0.05451594539003474,0.0
minimum_variance_band_500bp,2021-02-01,0.35,0.0021275910822111314,0.35,0.0,0.21924874215856832,0.024927920636889457,0.0,0.05369574612233131,0.0
minimum_variance_band_500bp,2021-03-01,0.35,0.0036638031492486644,0.35,0.0,0.21600421942265138,0.03056188230125725,0.0,0.049770095126842884,0.0
minimum_variance_band_500bp,2021-04-01,0.35,0.001970867814992956,0.35,0.0,0.21726106256506458,0.03542078362084678,0.0,0.045347285999095925,0.0
minimum_variance_band_500bp,2021-05-03,0.35,0.00021226860225461092,0.35,0.0,0.21910963574053882,0.03474456040289205,0.0,0.0459335352543145,0.0
minimum_variance_band_500bp,2021-06-01,0.35,0.0005108992607043876,0.35,0.0,0.2211283831735991,0.03001120809136419,0.0,0.04834950947433237,0.0
minimum_variance_band_500bp,2021-07-01,0.35,0.0002058526716878571,0.35,0.0,0.2215490936923066,0.03021055538875547,0.0,0.04803449824725012,0.0
minimum_variance_band_500bp,2021-08-02,0.35,7.709411921399834e-06,0.35,0.0,0.22120330249120798,0.03181682019076353,0.0,0.04697216790610714,0.0
minimum_variance_band_500bp,2021-09-01,0.35,0.0,0.35,0.0,0.22163512524029394,0.02995219108877071,0.0,0.048412683670935354,0.0
minimum_variance_band_500bp,2021-10-01,0.35,0.0,0.35,0.0,0.22179340802385492,0.03054797909480098,0.0,0.04765861288134411,0.0
minimum_variance_band_500bp,2021-11-01,0.35,0.0,0.35,0.0,0.22093319963469255,0.03218856619212438,0.0,0.046785457261286,9.277691189726477e-05
minimum_variance_band_500bp,2021-12-01,0.35,0.0,0.35,0.0,0.2189238953332975,0.030605949305074872,0.0,0.046616866440888374,0.0038532889207393947
minimum_variance_band_500bp,2022-01-03,0.35,0.0,0.35,0.0,0.21835098351842747,0.030526176001273334,0.0,0.04864828615395461,0.0024745543263446556
minimum_variance_band_500bp,2022-02-01,0.35,0.0,0.35,0.0,0.21876136982456837,0.034315218111637534,0.0,0.04334382018307759,0.0035795918807166142
minimum_variance_band_500bp,2022-03-01,0.35,0.0,0.35,0.0,0.21697893721635172,0.03871485355540237,0.0,0.036370646376601846,0.007935562851644106
minimum_variance_band_500bp,2022-04-01,0.35,0.0,0.35,0.0,0.21477198551388776,0.049711354888651374,0.0,0.03551665959746107,0.0
minimum_variance_band_500bp,2022-05-02,0.35,0.0,0.35,0.0,0.21628735865243587,0.05029951104396601,0.0,0.03079003537914301,0.002623094924455289
minimum_variance_band_500bp,2022-06-01,0.35,0.0,0.35,0.0,0.21703898714846726,0.04736561333594217,0.0,0.029433260869113465,0.006162138646477204
minimum_variance_band_500bp,2022-07-01,0.35,0.0017062391312963495,0.35,0.0,0.21731790079273222,0.04613971718245944,0.0,0.020895916416756328,0.013940226476755791
minimum_variance_band_500bp,2022-08-01,0.35,0.003978543280850513,0.35,0.0,0.21409811449387406,0.046623734875137164,0.0,0.01728526350545587,0.018014343844682448
minimum_variance_band_500bp,2022-09-01,0.35,0.006807736084604216,0.35,0.0,0.2142268235235088,0.04021360000623707,0.0,0.01604199266636129,0.02270984771928866
minimum_variance_band_500bp,2022-10-03,0.35,0.010426859493457183,0.35,0.0,0.21363804672760736,0.03312073004281635,0.0,0.01466588737186664,0.02814847636425261
minimum_variance_band_500bp,2022-11-01,0.35,0.008065675574414942,0.34405448151736534,0.0,0.22608304182776962,0.02318812695994123,0.0,0.0167093503756087,0.03189932374490033
minimum_variance_band_500bp,2022-12-01,0.35,0.006822039893525108,0.3443515090329042,0.0,0.23149931409946337,0.01435774774618128,0.0,0.015032896157414549,0.0379364930705115
minimum_variance_band_500bp,2023-01-03,0.3499999999999999,0.007903992417215299,0.3426099694232102,0.0,0.23305300577492186,0.013558874951527165,0.0,0.013143867476582144,0.03973028995654343
minimum_variance_band_500bp,2023-02-01,0.35,0.009711762102758733,0.3354389250439971,0.0,0.23996228468210345,0.005386840624481686,0.0,0.019233053398675662,0.04026713414798338
minimum_variance_band_500bp,2023-03-01,0.35,0.011026817801519562,0.33130059066866074,0.0,0.24533660776350527,0.004130321953460233,0.0,0.01976322643395366,0.03844243537890051
minimum_variance_band_500bp,2023-04-03,0.35,0.0,0.2372292837354665,0.0,0.3499999999999999,0.02566128040165684,0.0,0.0,0.03710943586287673
minimum_variance_band_500bp,2023-05-01,0.3499999999999999,0.0,0.23267833458156437,0.0,0.35,0.029730712170794857,0.0,0.0,0.03759095324764093
minimum_variance_band_500bp,2023-06-01,0.35,0.0,0.22708429228395557,0.0,0.35,0.03456215536472937,0.0,0.0,0.03835355235131516
minimum_variance_band_500bp,2023-07-03,0.35,0.0,0.2239065648149802,0.0,0.35,0.03470419950459903,0.0,0.0,0.04138923568042087
minimum_variance_band_500bp,2023-08-01,0.35,0.0,0.22407658063918454,0.0,0.35,0.032317160871265724,0.0,0.0,0.04360625848954985
minimum_variance_band_500bp,2023-09-01,0.34999999999999987,0.0,0.2228683584394427,0.0,0.35,0.02965668802564323,0.0,0.0012501469254954764,0.04622480660941869
minimum_variance_band_500bp,2023-10-02,0.35,0.0,0.22096661560035702,0.0,0.3499999999999999,0.02644871179992146,0.0,0.005699747459086242,0.04688492514063538
minimum_variance_band_500bp,2023-11-01,0.3499999999999999,0.0,0.21774819296598488,0.0,0.35,0.026624280199616122,0.0,0.007101141141067944,0.04852638569333118
minimum_variance_band_500bp,2023-12-01,0.3499999999999999,1.2305871801388867e-05,0.2165595518947921,0.0,0.3499999999999999,0.02158326750063002,0.0,0.009008336195588555,0.052836538537188026
minimum_variance_band_500bp,2024-01-02,0.35,0.0,0.21515010240432186,0.0,0.3499999999999999,0.016610650577856573,0.0,0.012056961635127502,0.05618228538269424
minimum_variance_band_500bp,2024-02-01,0.35,0.003858497125409002,0.2107525771545542,0.0,0.3499999999999999,0.011412066791748627,0.0,0.015758538636673834,0.058218320291614306
minimum_variance_band_500bp,2024-03-01,0.3499999999999999,0.0027659997303932714,0.21108655474315985,0.0,0.35,0.0,0.0,0.025195880593057794,0.06095156493338932
minimum_variance_band_500bp,2024-04-01,0.35,0.0024971022409053076,0.20700768475192285,0.0,0.35,0.0,0.0,0.02284615065675437,0.06764906235041747
minimum_variance_band_500bp,2024-05-01,0.35,0.011945958079963934,0.19839382516412093,0.0,0.35,0.0,0.0,0.023747202724855514,0.06591301403105972
minimum_variance_band_500bp,2024-06-03,0.35,0.013479992787769539,0.19566442225563457,0.0,0.35,0.0,0.0,0.023821902108161135,0.06703368284843493
minimum_variance_band_500bp,2024-07-01,0.3499999999999999,0.010292155584900898,0.19683123847570427,0.0,0.35,0.0,0.0,0.022899163704708167,0.0699774422346868
minimum_variance_band_500bp,2024-08-01,0.35,0.007316659387675955,0.20041057038088061,0.0,0.35,0.0,0.0,0.02215582129850336,0.07011694893294022
minimum_variance_band_500bp,2024-09-03,0.34999999999999976,0.008444364328464559,0.19838131381903654,0.0,0.35,0.0,0.0,0.021300615518053092,0.07187370633444602
minimum_variance_band_500bp,2024-10-01,0.35,0.008713618811555128,0.2000183452352353,0.0,0.3499999999999999,0.0,0.0,0.023427846075276367,0.0678401898779333
minimum_variance_band_500bp,2024-11-01,0.35,0.010066500118780112,0.19843824076642375,0.0,0.35,0.0,0.0,0.02670697115951229,0.06478828795528398
minimum_variance_band_500bp,2024-12-02,0.35,0.012861894809093765,0.19729871588304812,0.0,0.35,0.0,0.0,0.03169811461488448,0.0581412746929737
minimum_variance_band_500bp,2025-01-02,0.35,0.012371311044613139,0.19788941113195588,0.0,0.35,0.0,0.0,0.030898734033425,0.05884054379000588
minimum_variance_band_500bp,2025-02-03,0.35,0.013943715032370267,0.19675692721741,0.0,0.3499999999999999,0.0,0.0,0.030128284071891685,0.05917107367832809
minimum_variance_band_500bp,2025-03-03,0.35,0.014631088866795353,0.19531632345875208,0.0,0.35,0.0,0.0,0.03139464870812766,0.05865793896632481
minimum_variance_band_500bp,2025-04-01,0.35,0.0146924083411848,0.1988162892261846,0.0,0.3499999999999999,0.0,0.0,0.02276418659730847,0.06372711583532216
minimum_variance_band_500bp,2025-05-01,0.35,0.01900824027339954,0.20823819643860736,0.0,0.35,0.0,0.0,0.01486246674386485,0.057891096544128315
minimum_variance_band_500bp,2025-06-02,0.3499999999999999,0.016737446263507462,0.2053904657057431,0.0,0.35,0.0,0.0,0.018645901543509934,0.05922618648723961
minimum_variance_band_500bp,2025-07-01,0.35,0.017365850756332783,0.20140879299244369,0.0,0.35,0.0,0.0,0.03126083029382672,0.04996452595739682
minimum_variance_band_500bp,2025-08-01,0.35,0.016714850183333036,0.20347006671134277,0.0,0.35,0.0,0.0,0.03379121889999971,0.04602386420532453
minimum_variance_band_500bp,2025-09-02,0.35,0.015998490999197854,0.20437533102411162,0.0,0.35,0.0,0.0,0.03835285720042226,0.04127332077626832
minimum_variance_band_500bp,2025-10-01,0.3499999999999999,0.017207156337282814,0.20001308652159677,0.0,0.35,0.0,0.0,0.04402530401091929,0.038754453130201184
minimum_variance_band_500bp,2025-11-03,0.35,0.01621951082170837,0.1967554054958573,0.0,0.35,0.0,0.0,0.05338984798396679,0.03363523569846759
minimum_variance_band_500bp,2025-12-01,0.3499999999999999,0.018057050031338274,0.1914990694352123,0.0,0.35,0.0,0.0,0.06217764482247788,0.0282662357109717
minimum_variance_band_750bp,2011-01-03,0.35,0.02613707129296213,0.3039358079385048,0.06809216785810467,0.17385545741340838,0.0,0.0,0.07797949549702014,0.0
minimum_variance_band_750bp,2011-02-01,0.35,0.025429990812313355,0.30185032051606386,0.06760807329742055,0.17700882424291323,0.0,0.0,0.07810279113128915,0.0
minimum_variance_band_750bp,2011-03-01,0.35,0.024668382483741386,0.2995016213946684,0.06836276127015535,0.18039794718799104,0.0,0.0,0.0770692876634439,0.0
minimum_variance_band_750bp,2011-04-01,0.35,0.0235549270944125,0.2987595444082879,0.06814007644023301,0.18447289969186265,0.0,0.0,0.07507255236520397,0.0
minimum_variance_band_750bp,2011-05-02,0.35,0.024765670376561744,0.2973362391233146,0.06850752995274656,0.18523355281860318,0.0,0.0,0.0741570077287741,0.0
minimum_variance_band_750bp,2011-06-01,0.35,0.026510631186979463,0.2952579129479904,0.06990643872946153,0.18558912711384964,0.0,0.0,0.07273589002171899,0.0
minimum_variance_band_750bp,2011-07-01,0.35,0.029460714726343016,0.2909694044170335,0.07006992864605652,0.18820119689381032,0.0,0.0,0.07129875531675682,0.0
minimum_variance_band_750bp,2011-08-01,0.35,0.029878064800566827,0.2865660445422082,0.07087039873439459,0.1925743357588941,0.0,0.0,0.07011115616393641,0.0
minimum_variance_band_750bp,2011-09-01,0.35,0.02630032772575409,0.29565296878900055,0.06763572457724953,0.18601888602336406,0.0,0.0,0.07439209288463194,0.0
minimum_variance_band_750bp,2011-10-03,0.35,0.023763288807224132,0.2782410507315444,0.08893850747965118,0.18732644426539374,0.0,0.0,0.07173070871618661,0.0
minimum_variance_band_750bp,2011-11-01,0.3499999999999999,0.017571089963997973,0.22042737764677978,0.14321227681599238,0.18819353335986247,0.0,0.0,0.08059572221336744,0.0
minimum_variance_band_750bp,2011-12-01,0.35,0.01691510606461171,0.22353754513080956,0.11793288529103377,0.20446207175748732,0.0,0.0,0.08715239175605762,0.0
minimum_variance_band_750bp,2012-01-03,0.35,0.013604162900517906,0.18980934975491046,0.11720306365304037,0.24240333159754615,0.0,0.0,0.08698009209398516,0.0
minimum_variance_band_750bp,2012-02-01,0.3499999999999999,0.007577712424778037,0.17839733454542103,0.1354644679706521,0.24102543141284316,0.0,0.0,0.0875350536463058,0.0
minimum_variance_band_750bp,2012-03-01,0.35,0.0054293753839839715,0.1743961147490909,0.14112508671309798,0.23993671147702042,0.0,0.0,0.08911271167680683,0.0
minimum_variance_band_750bp,2012-04-02,0.35,0.0005299789343796638,0.1684789033747982,0.11400945561623312,0.2681996177095607,0.0,0.0,0.09878204436502831,0.0
minimum_variance_band_750bp,2012-05-01,0.35,0.0,0.16329687070106844,0.11729944360154601,0.2691427882470908,0.0,0.0,0.10026089745029479,0.0
minimum_variance_band_750bp,2012-06-01,0.35,0.0,0.18597833042954576,0.10499532300743478,0.2529478267188271,0.0,0.0,0.1060785198441925,0.0
minimum_variance_band_750bp,2012-07-02,0.3499999999999999,0.0,0.1972919170974091,0.10424738290756311,0.2412834899827685,0.0,0.0,0.10717721001225936,0.0
minimum_variance_band_750bp,2012-08-01,0.35,0.0,0.20515095656642574,0.10788929987470336,0.22960249313529563,0.0,0.0,0.1073572504235754,0.0
minimum_variance_band_750bp,2012-09-04,0.3499999999999999,0.0,0.20608394442130623,0.11495537000206858,0.22187514840061245,0.0,0.0,0.10708553717601288,0.0
minimum_variance_band_750bp,2012-10-01,0.35,0.0,0.20704182004339117,0.11892805994274451,0.21640655582016155,0.0,0.0,0.10762356419370273,0.0
minimum_variance_band_750bp,2012-11-01,0.35,0.0,0.1984523289878358,0.13535123264322094,0.20942867216507433,0.0,0.0,0.1067677662038689,0.0
minimum_variance_band_750bp,2012-12-03,0.35,0.0,0.1973108347636523,0.1332215300243133,0.21168766713760384,0.0,0.0,0.1077799680744307,0.0
minimum_variance_band_750bp,2013-01-02,0.35,0.0,0.19981560184657632,0.13500280341864737,0.20806816301760647,0.0,0.0,0.10711343171716992,0.0
minimum_variance_band_750bp,2013-02-01,0.35,0.0,0.20240235729875752,0.1344379928768538,0.20505511724063707,0.0,0.0,0.1081045325837517,0.0
minimum_variance_band_750bp,2013-03-01,0.35,0.0,0.2024473522252185,0.1372389611491412,0.20141349040820772,0.0,0.0,0.10890019621743262,0.0
minimum_variance_band_750bp,2013-04-01,0.3499999999999999,0.0,0.20499150866541582,0.13536815908024993,0.19982148723256002,0.0,0.0,0.10981884502177439,0.0
minimum_variance_band_750bp,2013-05-01,0.35,0.0,0.2057297487950307,0.139716622573258,0.19617268616972952,0.0,0.0,0.10838094246198185,0.0
minimum_variance_band_750bp,2013-06-03,0.35,0.0,0.1934785769007814,0.14243787497125185,0.20161376396923097,0.0,0.0,0.11246978415873589,0.0
minimum_variance_band_750bp,2013-07-01,0.35,0.0,0.20992427824895343,0.12754754363039106,0.19817821127403065,0.0,0.0,0.11434996684662493,0.0
minimum_variance_band_750bp,2013-08-01,0.35,0.0,0.21058324651727842,0.12052463163912852,0.2003450508423577,0.0,0.0,0.11854707100123532,0.0
minimum_variance_band_750bp,2013-09-03,0.35,0.0,0.21502120803667635,0.11998917912929608,0.19601096864930773,0.0,0.0,0.1189786441847199,0.0
minimum_variance_band_750bp,2013-10-01,0.35,0.0,0.23043289924158272,0.107425158802495,0.19079653449266695,0.0,0.0,0.12134540746325537,0.0
minimum_variance_band_750bp,2013-11-01,0.35,0.0,0.21720417214731877,0.104501498060897,0.20907974351975256,0.0,0.0,0.11921458627203158,0.0
minimum_variance_band_750bp,2013-12-02,0.3499999999999999,0.0,0.22389256765647741,0.10478834653395926,0.2009196553825412,0.0,0.0,0.12039943042702236,0.0
minimum_variance_band_750bp,2014-01-02,0.35,0.0,0.2505956989506171,0.09657251423497935,0.18279879275448466,0.0,0.0,0.12003299405991902,0.0
minimum_variance_band_750bp,2014-02-03,0.35,0.0,0.24733600132415434,0.09230510140216197,0.19143364770171845,0.0,0.0,0.11892524957196521,0.0
minimum_variance_band_750bp,2014-03-03,0.35,0.0,0.24892473751519623,0.09043111034658671,0.19235953250389082,0.0,0.0,0.11828461963432621,0.0
minimum_variance_band_750bp,2014-04-01,0.35,0.0,0.25670935732435185,0.09409845763329078,0.18059236064445702,0.0,0.0,0.11859982439790027,0.0
minimum_variance_band_750bp,2014-05-01,0.35,0.0,0.259395204515772,0.09116999449645231,0.18093875044853688,0.0,0.0,0.11849605053923887,0.0
minimum_variance_band_750bp,2014-06-02,0.3499999999999999,0.0,0.2627586669351068,0.08992426837054517,0.17792269960145696,0.0,0.0,0.1193943650928913,0.0
minimum_variance_band_750bp,2014-07-01,0.35,0.0,0.266005357024539,0.08901191810152971,0.17545921825188449,0.0,0.0,0.11952350662204689,0.0
minimum_variance_band_750bp,2014-08-01,0.35,0.0,0.27587246421371003,0.08864360683837819,0.16478723291726516,0.0,0.0,0.12069669603064671,0.0
minimum_variance_band_750bp,2014-09-02,0.35,0.0,0.25129688462258365,0.08333499184179896,0.19347692801368496,0.0,0.0,0.1218911955219324,0.0
minimum_variance_band_750bp,2014-10-01,0.35,0.0,0.2710819382555795,0.07123298681407887,0.1811925974844783,0.0,0.0,0.12649247744586337,0.0
minimum_variance_band_750bp,2014-11-03,0.34999999999999987,0.0,0.2523744153721848,0.06408439346450445,0.20620624768342374,0.0,0.0,0.12733494347988716,0.0
minimum_variance_band_750bp,2014-12-01,0.35,0.0,0.25850018206241826,0.06235460780350795,0.19908753231968418,0.0,0.0,0.1300576778143897,0.0
minimum_variance_band_750bp,2015-01-02,0.35,0.0,0.23133378178327196,0.08499796272246776,0.2007506056690704,0.0,0.0,0.1329176498251899,0.0
minimum_variance_band_750bp,2015-02-02,0.3499999999999999,0.0,0.23688519477861486,0.07952126868713823,0.19780620610943522,0.0,0.0,0.13578733042481186,0.0
minimum_variance_band_750bp,2015-03-02,0.35,0.0,0.22535807144085754,0.07519062595644498,0.2138382302994166,0.0,0.0,0.13561307230328074,0.0
minimum_variance_band_750bp,2015-04-01,0.35,0.0,0.22611383954093453,0.07580324223377335,0.2139136267384676,0.0,0.0,0.1341692914868246,0.0
minimum_variance_band_750bp,2015-05-01,0.35,0.0,0.22995603007466878,0.07268931840932268,0.21129164408205126,0.0,0.0,0.1360630074339574,0.0
minimum_variance_band_750bp,2015-06-01,0.35,0.0,0.22494944033460887,0.07370040990291396,0.21277824678823332,0.0,0.0,0.13857190297424382,0.0
minimum_variance_band_750bp,2015-07-01,0.3499999999999999,0.0,0.2119028510319147,0.06590405816749864,0.22901194811391834,0.0,0.0,0.14318114268666837,0.0
minimum_variance_band_750bp,2015-08-03,0.35,0.0,0.2062575699767948,0.07182455240435737,0.2255383579135401,0.0,0.0,0.14637951970530783,0.0
minimum_variance_band_750bp,2015-09-01,0.35,0.0,0.21053858628879626,0.07515868792451862,0.2286858652083838,0.0,0.0,0.1356168605783013,0.0
minimum_variance_band_750bp,2015-10-01,0.3499999999999999,0.0,0.20992684340707538,0.08536700403391147,0.22253810952217273,0.0,0.0,0.13216804303684052,0.0
minimum_variance_band_750bp,2015-11-02,0.3499999999999999,0.0,0.21545128606179084,0.07860265551818088,0.2236802258485493,0.0,0.0,0.132265832571479,0.0
minimum_variance_band_750bp,2015-12-01,0.35,0.0,0.2102245649900153,0.07973245857373823,0.2285247279501142,0.0,0.0,0.13151824848613217,0.0
minimum_variance_band_750bp,2016-01-04,0.3499999999999999,0.0,0.20895451977954477,0.06286581482169822,0.24918734335912196,0.0,0.0,0.12899232203963526,0.0
minimum_variance_band_750bp,2016-02-01,0.35,0.0,0.2099320092629639,0.06694764788697075,0.24995558661689304,0.0,0.0,0.12316475623317248,0.0
minimum_variance_band_750bp,2016-03-01,0.35,0.0,0.21512144561051474,0.06273983008632375,0.2502412954479378,0.0,0.0,0.12189742885522364,0.0
minimum_variance_band_750bp,2016-04-01,0.3499999999999999,0.0,0.22381890340470603,0.07075446246865846,0.23378844934108337,0.0,0.0,0.1216381847855523,0.0
minimum_variance_band_750bp,2016-05-02,0.35,0.00015573322627569658,0.22160331607320252,0.060055061103344305,0.24511170987571457,0.0,0.0,0.12307417972146291,0.0
minimum_variance_band_750bp,2016-06-01,0.3499999999999999,0.0,0.22485589138905498,0.06516962172807406,0.23915990091550665,0.0,0.0,0.12081458596736443,0.0
minimum_variance_band_750bp,2016-07-01,0.3499999999999999,0.0,0.1942071109215028,0.10006213242362785,0.23594536857285273,0.0,0.0,0.11978538808201684,0.0
minimum_variance_band_750bp,2016-08-01,0.35,0.0,0.19967212852654864,0.10026674517124334,0.23177396082974377,0.0,0.0,0.11828716547246426,0.0
minimum_variance_band_750bp,2016-09-01,0.35,0.0,0.20105651928291687,0.08819866601650708,0.24291187978449819,0.0,0.0,0.11783293491607792,0.0
minimum_variance_band_750bp,2016-10-03,0.35,0.0,0.19875650219957525,0.09492143411148583,0.24370235036074533,0.0,0.0,0.11261971332819372,0.0
minimum_variance_band_750bp,2016-11-01,0.3499999999999999,0.0,0.20464675670240637,0.09387275866535058,0.2366888114299852,0.0,0.0,0.11479167320225797,0.0
minimum_variance_band_750bp,2016-12-01,0.3499999999999999,0.0,0.20115250629384754,0.07604388419532865,0.25722961465582345,0.0,0.0,0.11557399485500051,0.0
minimum_variance_band_750bp,2017-01-03,0.35,0.0,0.2020430428577711,0.07338029340716898,0.25872684964440196,0.0,0.0,0.11584981409065802,0.0
minimum_variance_band_750bp,2017-02-01,0.3499999999999999,0.0,0.20460800937758725,0.06656920499188161,0.26168992821913106,0.0,0.0,0.11713285741140037,0.0
minimum_variance_band_750bp,2017-03-01,0.35,0.0,0.19928842398372246,0.06764983050906327,0.26570513742401614,0.0,0.0,0.11735660808319827,0.0
minimum_variance_band_750bp,2017-04-03,0.35,0.0,0.2060607216061,0.06004185506364177,0.2666855903014644,0.0,0.0,0.11721183302879383,0.0
minimum_variance_band_750bp,2017-05-01,0.35,0.0,0.2052967518316739,0.057811521077363155,0.26834451246144025,0.0,0.0,0.11854721462952278,0.0
minimum_variance_band_750bp,2017-06-01,0.35,0.0,0.2017435077129667,0.05869783211571436,0.27136278863308466,0.0,0.0,0.1181958715382344,0.0
minimum_variance_band_750bp,2017-07-03,0.35,0.0,0.19958957040474895,0.062054367890401536,0.27170285530464555,0.0,0.0,0.11665320640020418,0.0
minimum_variance_band_750bp,2017-08-01,0.35,0.0,0.20002226904365505,0.057982191225409485,0.27641414889933485,0.0,0.0,0.11558139083160059,0.0
minimum_variance_band_750bp,2017-09-01,0.35,0.0,0.20414790934054078,0.054096899916236,0.2755555934106215,0.0,0.0,0.11619959733260166,0.0
minimum_variance_band_750bp,2017-10-02,0.35,0.0,0.19853591900489287,0.05628807168038449,0.2783347025682278,0.0,0.0,0.11684130674649496,0.0
minimum_variance_band_750bp,2017-11-01,0.3499999999999999,0.0,0.20124850367897282,0.055648026642143765,0.2743512096547855,0.0,0.0,0.11875226002409804,0.0
minimum_variance_band_750bp,2017-12-01,0.35,0.0,0.1974747078861423,0.05792707619465248,0.27596050353975793,0.0,0.0,0.11863771237944731,0.0
minimum_variance_band_750bp,2018-01-02,0.35,0.0,0.2017689347018656,0.04211695267485518,0.2880458328169887,0.0,0.0,0.11806827980629045,0.0
minimum_variance_band_750bp,2018-02-01,0.35,0.0,0.20476206626433277,0.02996847728607585,0.30122593335899217,0.0,0.0,0.11404352309059913,0.0
minimum_variance_band_750bp,2018-03-01,0.35,0.0,0.23795043610913943,0.006814650130676043,0.29736231767443977,0.0,0.0,0.10787259608574493,0.0
minimum_variance_band_750bp,2018-04-02,0.35,0.0,0.2163653823965168,0.011403766063640686,0.31838273377745363,0.0,0.0,0.10384811776238903,0.0
minimum_variance_band_750bp,2018-05-01,0.35,0.0,0.20944388010858392,0.00930046169484067,0.33182074271122125,0.003497818456544629,0.0,0.09593709702880952,0.0
minimum_variance_band_750bp,2018-06-01,0.3499999999999999,0.0,0.2041379698507828,0.011457922912868006,0.33598826820830774,0.011252029800190126,0.0,0.0871638092278514,0.0
minimum_variance_band_750bp,2018-07-02,0.35,0.0,0.21549578002272923,0.012628533931282456,0.3257392756352887,0.008523735101577543,0.0,0.08761267530912209,0.0
minimum_variance_band_750bp,2018-08-01,0.3499999999999999,0.0,0.2159514996899594,0.012790801309484102,0.3274250048802249,0.0023703037552477734,0.0,0.09146239036508397,0.0
minimum_variance_band_750bp,2018-09-04,0.3499999999999999,0.0,0.21491421295826577,0.002601330441860252,0.3323375491179844,0.0,0.0,0.10014690748188962,0.0
minimum_variance_band_750bp,2018-10-01,0.35,0.0,0.21037055174701869,0.0010596601029485078,0.34015296539345746,0.0,0.0,0.09841682275657536,0.0
minimum_variance_band_750bp,2018-11-01,0.35,0.0,0.21198831032239165,0.0,0.34249302093436984,0.0,0.0,0.09551866874323854,0.0
minimum_variance_band_750bp,2018-12-03,0.35,0.0,0.21517260382617334,0.0,0.3411147816045545,0.003933614743680108,0.0,0.08977899982559216,0.0
minimum_variance_band_750bp,2019-01-02,0.35,0.0,0.2129032899806205,0.014878227055256234,0.33461399896088384,0.005333123353183391,0.0,0.08227136065005623,0.0
minimum_variance_band_750bp,2019-02-01,0.35,0.0,0.2209238105949646,0.008208113147504525,0.32894730390408927,0.005691271333050673,0.0,0.08622950102039113,0.0
minimum_variance_band_750bp,2019-03-01,0.35,0.0,0.2138445908301604,0.01163852931056658,0.3334353322803336,0.0031226094931178405,0.0,0.08795893808582164,0.0
minimum_variance_band_750bp,2019-04-01,0.35,0.0,0.20667723388729967,0.0016098069648980222,0.35,0.00621748508702733,0.0,0.08549547406077507,0.0
minimum_variance_band_750bp,2019-05-01,0.35,0.0,0.20399187026326118,0.004477323473672065,0.35,0.007366819709260006,0.0,0.08416398655380694,0.0
minimum_variance_band_750bp,2019-06-03,0.35,0.0,0.2094854442183627,0.0,0.35,0.006430284304547333,0.0,0.0840842714770902,0.0
minimum_variance_band_750bp,2019-07-01,0.35,0.0,0.21439038695263782,0.0,0.3499999999999999,0.0,0.0,0.08560961304736246,0.0
minimum_variance_band_750bp,2019-08-01,0.35,0.0,0.21389219479137056,0.0,0.35,0.0,0.0,0.08610780520862947,0.0
minimum_variance_band_750bp,2019-09-03,0.35,0.0,0.213117835523524,0.0,0.35,0.001259733103753209,0.0,0.08562243137272292,0.0
minimum_variance_band_750bp,2019-10-01,0.35,0.0,0.20527010881279734,0.0,0.35,0.009854662597265765,0.0,0.08487522858993711,0.0
minimum_variance_band_750bp,2019-11-01,0.35,0.0,0.20327702863643057,0.0,0.35,0.013680926998479991,0.0,0.08304204436508958,0.0
minimum_variance_band_750bp,2019-12-02,0.3499999999999999,0.0,0.20317365558313627,0.0,0.35,0.022717122567083692,0.0,0.07410922184978026,0.0
minimum_variance_band_750bp,2020-01-02,0.35,0.0,0.2008679527119318,0.0,0.35,0.028938093987965652,0.0,0.07019395330010264,0.0
minimum_variance_band_750bp,2020-02-03,0.35,0.0,0.19958109666751694,0.0,0.35,0.03771616819069493,0.0,0.06270273514178824,0.0
minimum_variance_band_750bp,2020-03-02,0.35,0.0,0.20099299477221894,0.0,0.35,0.041479612503145795,0.0,0.05752739272463553,0.0
minimum_variance_band_750bp,2020-04-01,0.35,0.016575937308027842,0.34270300458839253,0.0,0.2004545735954443,0.01091731036214468,0.0,0.07934917414599085,0.0
minimum_variance_band_750bp,2020-05-01,0.35,0.011254813223303378,0.35,0.0,0.20347999309939394,0.01007520581283187,0.0,0.07460994095166212,0.0005800469128088475
minimum_variance_band_750bp,2020-06-01,0.35,0.0107572658905317,0.35,0.0,0.20565442332025607,0.010219545425162098,0.0,0.07139292596518709,0.001975839398863041
minimum_variance_band_750bp,2020-07-01,0.35,0.008705372271843235,0.35,0.0,0.20932132439917644,0.009438187632074152,0.0,0.06971089362707834,0.0028242220698278826
minimum_variance_band_750bp,2020-08-03,0.35,0.009268726789264369,0.35,0.0,0.20893058445208468,0.011489024749718193,0.0,0.06799476161402922,0.0023169023949037686
minimum_variance_band_750bp,2020-09-01,0.35,0.004702429553651755,0.35,0.0,0.21335875024839865,0.01315126970909234,0.0,0.06742803426433353,0.0013595162245237417
minimum_variance_band_750bp,2020-10-01,0.35,0.005420626090142603,0.35,0.0,0.21478386194500748,0.01669271610560964,0.0,0.061184959423686895,0.0019178364355534271
minimum_variance_band_750bp,2020-11-02,0.35,0.005639087879037778,0.35,0.0,0.21529665252790295,0.018232979973195323,0.0,0.05856074843116331,0.0022705311887008233
minimum_variance_band_750bp,2020-12-01,0.35,0.004241483954843768,0.35,0.0,0.21715700819278694,0.0220413531412092,0.0,0.056560154711160264,0.0
minimum_variance_band_750bp,2021-01-04,0.35,0.0039794695340934945,0.35,0.0,0.21718100728817447,0.02432357778769746,0.0,0.05451594539003474,0.0
minimum_variance_band_750bp,2021-02-01,0.35,0.0021275910822111314,0.35,0.0,0.21924874215856832,0.024927920636889457,0.0,0.05369574612233131,0.0
minimum_variance_band_750bp,2021-03-01,0.35,0.0036638031492486644,0.35,0.0,0.21600421942265138,0.03056188230125725,0.0,0.049770095126842884,0.0
minimum_variance_band_750bp,2021-04-01,0.35,0.001970867814992956,0.35,0.0,0.21726106256506458,0.03542078362084678,0.0,0.045347285999095925,0.0
minimum_variance_band_750bp,2021-05-03,0.35,0.00021226860225461092,0.35,0.0,0.21910963574053882,0.03474456040289205,0.0,0.0459335352543145,0.0
minimum_variance_band_750bp,2021-06-01,0.35,0.0005108992607043876,0.35,0.0,0.2211283831735991,0.03001120809136419,0.0,0.04834950947433237,0.0
minimum_variance_band_750bp,2021-07-01,0.35,0.0002058526716878571,0.35,0.0,0.2215490936923066,0.03021055538875547,0.0,0.04803449824725012,0.0
minimum_variance_band_750bp,2021-08-02,0.35,7.709411921399834e-06,0.35,0.0,0.22120330249120798,0.03181682019076353,0.0,0.04697216790610714,0.0
minimum_variance_band_750bp,2021-09-01,0.35,0.0,0.35,0.0,0.22163512524029394,0.02995219108877071,0.0,0.048412683670935354,0.0
minimum_variance_band_750bp,2021-10-01,0.35,0.0,0.35,0.0,0.22179340802385492,0.03054797909480098,0.0,0.04765861288134411,0.0
minimum_variance_band_750bp,2021-11-01,0.35,0.0,0.35,0.0,0.22093319963469255,0.03218856619212438,0.0,0.046785457261286,9.277691189726477e-05
minimum_variance_band_750bp,2021-12-01,0.35,0.0,0.35,0.0,0.2189238953332975,0.030605949305074872,0.0,0.046616866440888374,0.0038532889207393947
minimum_variance_band_750bp,2022-01-03,0.35,0.0,0.35,0.0,0.21835098351842747,0.030526176001273334,0.0,0.04864828615395461,0.0024745543263446556
minimum_variance_band_750bp,2022-02-01,0.35,0.0,0.35,0.0,0.21876136982456837,0.034315218111637534,0.0,0.04334382018307759,0.0035795918807166142
minimum_variance_band_750bp,2022-03-01,0.35,0.0,0.35,0.0,0.21697893721635172,0.03871485355540237,0.0,0.036370646376601846,0.007935562851644106
minimum_variance_band_750bp,2022-04-01,0.35,0.0,0.35,0.0,0.21477198551388776,0.049711354888651374,0.0,0.03551665959746107,0.0
minimum_variance_band_750bp,2022-05-02,0.35,0.0,0.35,0.0,0.21628735865243587,0.05029951104396601,0.0,0.03079003537914301,0.002623094924455289
minimum_variance_band_750bp,2022-06-01,0.35,0.0,0.35,0.0,0.21703898714846726,0.04736561333594217,0.0,0.029433260869113465,0.006162138646477204
minimum_variance_band_750bp,2022-07-01,0.35,0.0017062391312963495,0.35,0.0,0.21731790079273222,0.04613971718245944,0.0,0.020895916416756328,0.013940226476755791
minimum_variance_band_750bp,2022-08-01,0.35,0.003978543280850513,0.35,0.0,0.21409811449387406,0.046623734875137164,0.0,0.01728526350545587,0.018014343844682448
minimum_variance_band_750bp,2022-09-01,0.35,0.006807736084604216,0.35,0.0,0.2142268235235088,0.04021360000623707,0.0,0.01604199266636129,0.02270984771928866
minimum_variance_band_750bp,2022-10-03,0.35,0.010426859493457183,0.35,0.0,0.21363804672760736,0.03312073004281635,0.0,0.01466588737186664,0.02814847636425261
minimum_variance_band_750bp,2022-11-01,0.35,0.008065675574414942,0.34405448151736534,0.0,0.22608304182776962,0.02318812695994123,0.0,0.0167093503756087,0.03189932374490033
minimum_variance_band_750bp,2022-12-01,0.35,0.006822039893525108,0.3443515090329042,0.0,0.23149931409946337,0.01435774774618128,0.0,0.015032896157414549,0.0379364930705115
minimum_variance_band_750bp,2023-01-03,0.3499999999999999,0.007903992417215299,0.3426099694232102,0.0,0.23305300577492186,0.013558874951527165,0.0,0.013143867476582144,0.03973028995654343
minimum_variance_band_750bp,2023-02-01,0.35,0.009711762102758733,0.3354389250439971,0.0,0.23996228468210345,0.005386840624481686,0.0,0.019233053398675662,0.04026713414798338
minimum_variance_band_750bp,2023-03-01,0.35,0.011026817801519562,0.33130059066866074,0.0,0.24533660776350527,0.004130321953460233,0.0,0.01976322643395366,0.03844243537890051
minimum_variance_band_750bp,2023-04-03,0.35,0.0,0.2372292837354665,0.0,0.3499999999999999,0.02566128040165684,0.0,0.0,0.03710943586287673
minimum_variance_band_750bp,2023-05-01,0.3499999999999999,0.0,0.23267833458156437,0.0,0.35,0.029730712170794857,0.0,0.0,0.03759095324764093
minimum_variance_band_750bp,2023-06-01,0.35,0.0,0.22708429228395557,0.0,0.35,0.03456215536472937,0.0,0.0,0.03835355235131516
minimum_variance_band_750bp,2023-07-03,0.35,0.0,0.2239065648149802,0.0,0.35,0.03470419950459903,0.0,0.0,0.04138923568042087
minimum_variance_band_750bp,2023-08-01,0.35,0.0,0.22407658063918454,0.0,0.35,0.032317160871265724,0.0,0.0,0.04360625848954985
minimum_variance_band_750bp,2023-09-01,0.34999999999999987,0.0,0.2228683584394427,0.0,0.35,0.02965668802564323,0.0,0.0012501469254954764,0.04622480660941869
minimum_variance_band_750bp,2023-10-02,0.35,0.0,0.22096661560035702,0.0,0.3499999999999999,0.02644871179992146,0.0,0.005699747459086242,0.04688492514063538
minimum_variance_band_750bp,2023-11-01,0.3499999999999999,0.0,0.21774819296598488,0.0,0.35,0.026624280199616122,0.0,0.007101141141067944,0.04852638569333118
minimum_variance_band_750bp,2023-12-01,0.3499999999999999,1.2305871801388867e-05,0.2165595518947921,0.0,0.3499999999999999,0.02158326750063002,0.0,0.009008336195588555,0.052836538537188026
minimum_variance_band_750bp,2024-01-02,0.35,0.0,0.21515010240432186,0.0,0.3499999999999999,0.016610650577856573,0.0,0.012056961635127502,0.05618228538269424
minimum_variance_band_750bp,2024-02-01,0.35,0.003858497125409002,0.2107525771545542,0.0,0.3499999999999999,0.011412066791748627,0.0,0.015758538636673834,0.058218320291614306
minimum_variance_band_750bp,2024-03-01,0.3499999999999999,0.0027659997303932714,0.21108655474315985,0.0,0.35,0.0,0.0,0.025195880593057794,0.06095156493338932
minimum_variance_band_750bp,2024-04-01,0.35,0.0024971022409053076,0.20700768475192285,0.0,0.35,0.0,0.0,0.02284615065675437,0.06764906235041747
minimum_variance_band_750bp,2024-05-01,0.35,0.011945958079963934,0.19839382516412093,0.0,0.35,0.0,0.0,0.023747202724855514,0.06591301403105972
minimum_variance_band_750bp,2024-06-03,0.35,0.013479992787769539,0.19566442225563457,0.0,0.35,0.0,0.0,0.023821902108161135,0.06703368284843493
minimum_variance_band_750bp,2024-07-01,0.3499999999999999,0.010292155584900898,0.19683123847570427,0.0,0.35,0.0,0.0,0.022899163704708167,0.0699774422346868
minimum_variance_band_750bp,2024-08-01,0.35,0.007316659387675955,0.20041057038088061,0.0,0.35,0.0,0.0,0.02215582129850336,0.07011694893294022
minimum_variance_band_750bp,2024-09-03,0.34999999999999976,0.008444364328464559,0.19838131381903654,0.0,0.35,0.0,0.0,0.021300615518053092,0.07187370633444602
minimum_variance_band_750bp,2024-10-01,0.35,0.008713618811555128,0.2000183452352353,0.0,0.3499999999999999,0.0,0.0,0.023427846075276367,0.0678401898779333
minimum_variance_band_750bp,2024-11-01,0.35,0.010066500118780112,0.19843824076642375,0.0,0.35,0.0,0.0,0.02670697115951229,0.06478828795528398
minimum_variance_band_750bp,2024-12-02,0.35,0.012861894809093765,0.19729871588304812,0.0,0.35,0.0,0.0,0.03169811461488448,0.0581412746929737
minimum_variance_band_750bp,2025-01-02,0.35,0.012371311044613139,0.19788941113195588,0.0,0.35,0.0,0.0,0.030898734033425,0.05884054379000588
minimum_variance_band_750bp,2025-02-03,0.35,0.013943715032370267,0.19675692721741,0.0,0.3499999999999999,0.0,0.0,0.030128284071891685,0.05917107367832809
minimum_variance_band_750bp,2025-03-03,0.35,0.014631088866795353,0.19531632345875208,0.0,0.35,0.0,0.0,0.03139464870812766,0.05865793896632481
minimum_variance_band_750bp,2025-04-01,0.35,0.0146924083411848,0.1988162892261846,0.0,0.3499999999999999,0.0,0.0,0.02276418659730847,0.06372711583532216
minimum_variance_band_750bp,2025-05-01,0.35,0.01900824027339954,0.20823819643860736,0.0,0.35,0.0,0.0,0.01486246674386485,0.057891096544128315
minimum_variance_band_750bp,2025-06-02,0.3499999999999999,0.016737446263507462,0.2053904657057431,0.0,0.35,0.0,0.0,0.018645901543509934,0.05922618648723961
minimum_variance_band_750bp,2025-07-01,0.35,0.017365850756332783,0.20140879299244369,0.0,0.35,0.0,0.0,0.03126083029382672,0.04996452595739682
minimum_variance_band_750bp,2025-08-01,0.35,0.016714850183333036,0.20347006671134277,0.0,0.35,0.0,0.0,0.03379121889999971,0.04602386420532453
minimum_variance_band_750bp,2025-09-02,0.35,0.015998490999197854,0.20437533102411162,0.0,0.35,0.0,0.0,0.03835285720042226,0.04127332077626832
minimum_variance_band_750bp,2025-10-01,0.3499999999999999,0.017207156337282814,0.20001308652159677,0.0,0.35,0.0,0.0,0.04402530401091929,0.038754453130201184
minimum_variance_band_750bp,2025-11-03,0.35,0.01621951082170837,0.1967554054958573,0.0,0.35,0.0,0.0,0.05338984798396679,0.03363523569846759
minimum_variance_band_750bp,2025-12-01,0.3499999999999999,0.018057050031338274,0.1914990694352123,0.0,0.35,0.0,0.0,0.06217764482247788,0.0282662357109717
mean_variance_monthly,2011-01-03,0.0,0.35,0.34999999999999987,0.18184065956289255,0.0,0.0,0.11815934043710752,0.0,0.0
mean_variance_monthly,2011-02-01,0.0,0.35,0.3363652052476756,0.18371853425078916,0.0,0.0,0.12991626050153526,0.0,0.0
mean_variance_monthly,2011-03-01,0.0,0.35,0.23746559635503112,0.27592410892676383,0.0,0.0,0.13661029471820513,0.0,0.0
mean_variance_monthly,2011-04-01,0.0,0.35,0.20030067104160262,0.34300591791741225,0.0,0.0,0.10669341104098493,0.0,0.0
mean_variance_monthly,2011-05-02,0.0,0.35,0.270517401007871,0.263912603737409,0.0,0.0,0.11556999525471996,0.0,0.0
mean_variance_monthly,2011-06-01,0.0,0.35,0.29845715868314837,0.24140210873742454,0.0,0.0,0.1101407325794276,0.0,0.0
mean_variance_monthly,2011-07-01,0.0,0.3499999999999998,0.23514730503615588,0.2885929416453974,0.0,0.0,0.1262597533184466,0.0,0.0
mean_variance_monthly,2011-08-01,0.0,0.3499999999999999,0.24256548031406336,0.29742872527096614,0.0,0.0,0.11000579441497049,0.0,0.0
mean_variance_monthly,2011-09-01,0.0,0.3499999999999999,0.34296229143443024,0.19885736641567103,0.0,0.0,0.08346713376635616,0.0,0.024713208383542684
mean_variance_monthly,2011-10-03,0.0,0.34999999999999987,0.24071332478394294,0.34999999999999987,0.0,0.0,0.059286675216057204,0.0,0.0
mean_variance_monthly,2011-11-01,0.0,0.34999999999999964,0.0,0.35,0.06958320417676213,0.0,0.11589625940162417,0.0,0.1145205364216134
mean_variance_monthly,2011-12-01,0.0,0.35,0.0,0.12242833292849024,0.110935930437035,0.0,0.2633411054630073,0.0,0.15329463117146752
mean_variance_monthly,2012-01-03,0.0,0.35,0.0,0.0,0.31389755943108166,0.0,0.20410327863413424,0.0,0.13199916193478375
mean_variance_monthly,2012-02-01,0.0,0.35,0.0,0.0,0.1598042851070169,0.0,0.28415371532919503,0.0,0.20604199956378813
mean_variance_monthly,2012-03-01,0.0,0.34999999999999987,0.0,0.0421461288835313,0.0,0.0,0.35,0.11257448853109049,0.14527938258537826
mean_variance_monthly,2012-04-02,0.0,0.3499999999999997,0.0,0.10442860175843345,0.0,0.0,0.3499999999999998,0.19557139824156664,0.0
mean_variance_monthly,2012-05-01,0.0,0.3499999999999999,0.0,0.1920478698232542,0.0,0.0,0.35,0.10795213017674563,0.0
mean_variance_monthly,2012-06-01,0.0,0.35,0.22053011025280872,0.07946988974719155,0.0,0.0,0.3499999999999999,0.0,0.0
mean_variance_monthly,2012-07-02,0.0,0.34999999999999987,0.23308847187509607,0.0,0.0,0.0,0.35,0.06691152812490428,0.0
mean_variance_monthly,2012-08-01,0.0,0.35,0.2999999999999993,0.0,0.0,0.0,0.35,0.0,0.0
mean_variance_monthly,2012-09-04,0.0,0.35,0.25048929302616196,0.0,0.0,0.0,0.35,0.04951070697383796,0.0
mean_variance_monthly,2012-10-01,0.0,0.35,0.2954210870567721,0.0,0.0,0.0,0.35,0.004578912943227464,0.0
mean_variance_monthly,2012-11-01,0.0,0.3499999999999999,0.0,0.29999999999999977,0.0,0.0,0.34999999999999964,0.0,0.0
mean_variance_monthly,2012-12-03,0.0,0.35,0.2766414276949136,0.023358572305086485,0.0,0.0,0.35,0.0,0.0
mean_variance_monthly,2013-01-02,0.0,0.35,0.29999999999999954,0.0,0.0,0.0,0.35,0.0,0.0
mean_variance_monthly,2013-02-01,0.0,0.3499999999999999,0.19549983785305167,0.0,0.0,0.0,0.35,0.10450016214694831,0.0
mean_variance_monthly,2013-03-01,0.0,0.28021077431699787,0.2811060304356523,0.0,0.0,0.0,0.34999999999999987,0.08868319524734992,0.0
mean_variance_monthly,2013-04-01,0.0,0.3142568129234355,0.3053425254907322,0.0,0.0,0.0,0.35,0.030400661585832413,0.0
mean_variance_monthly,2013-05-01,0.0,0.0,0.34999999999999976,0.20539542772302266,0.0,0.0,0.34999999999999976,0.09460457227697762,0.0
mean_variance_monthly,2013-06-03,0.0,0.0,0.26266394993275805,0.06772525435335258,0.0,0.0,0.319610795713889,0.35,0.0
mean_variance_monthly,2013-07-01,0.0,0.0,0.30000000000000004,0.0,0.0,0.0,0.34999999999999976,0.3499999999999999,0.0
mean_variance_monthly,2013-08-01,0.0,0.0,0.29999999999999855,0.0,0.0,0.0,0.35,0.3499999999999997,0.0
mean_variance_monthly,2013-09-03,0.0,0.018174377483558605,0.14570588795383876,0.07487691395670677,0.0612428206058957,0.0,0.35,0.3499999999999993,0.0
mean_variance_monthly,2013-10-01,0.0,0.0,0.3000033788469068,0.0,0.0,0.0,0.3499966211530938,0.34999999999999976,0.0
mean_variance_monthly,2013-11-01,0.0,0.0,0.17601175250011178,0.1613314165691923,0.0,0.0,0.31265683093069535,0.35,0.0
mean_variance_monthly,2013-12-02,0.0,0.0,0.06987507368778893,0.35,0.0,0.0,0.230124926312211,0.34999999999999987,0.0
mean_variance_monthly,2014-01-02,0.0,0.0,0.15262263796960707,0.35,0.0,0.0,0.14737736203039334,0.3499999999999996,0.0
mean_variance_monthly,2014-02-03,0.0,0.0,0.154771607351579,0.35,0.0,0.0,0.14522839264842044,0.3499999999999998,0.0
mean_variance_monthly,2014-03-03,0.0,0.0,0.14554646479108635,0.35,0.0,0.0,0.15445353520891283,0.3499999999999999,0.0
mean_variance_monthly,2014-04-01,0.0,0.0,0.09517169592582839,0.35,0.0,0.0,0.20482830407417116,0.3499999999999997,0.0
mean_variance_monthly,2014-05-01,0.0,0.0,0.1584646708891308,0.35,0.0,0.0,0.14153532911086866,0.35,0.0
mean_variance_monthly,2014-06-02,0.0,0.0,0.10016010918943725,0.35,0.0,0.0,0.19983989081056178,0.34999999999999926,0.0
mean_variance_monthly,2014-07-01,0.0,0.0,0.0,0.34999999999999987,0.0,0.0,0.3000000000000003,0.34999999999999987,0.0
mean_variance_monthly,2014-08-01,0.0,0.0,0.03897813894849533,0.3499999999999993,0.0,0.0,0.2610218610515072,0.35,0.0
mean_variance_monthly,2014-09-02,0.0,0.0,0.0,0.22599941258553016,0.0,0.07400058741446898,0.35,0.34999999999999964,0.0
mean_variance_monthly,2014-10-01,0.0,0.0,0.0,0.06480367188880434,0.0,0.23519632811119548,0.3499999999999999,0.35,0.0
mean_variance_monthly,2014-11-03,0.0,0.0,0.0,0.2927201120058946,0.0,0.007279887994105491,0.34999999999999987,0.35,0.0
mean_variance_monthly,2014-12-01,0.0,0.0,0.0,0.0,0.0,0.3,0.35,0.34999999999999964,0.0
mean_variance_monthly,2015-01-02,0.0,0.0,0.0,0.0,0.0,0.30000000000000027,0.34999999999999976,0.35,0.0
mean_variance_monthly,2015-02-02,0.0,0.0,0.0,0.26320313493058456,0.0,0.036796865069415194,0.35,0.35,0.0
mean_variance_monthly,2015-03-02,0.0,0.0,0.0,0.14656850734616816,0.0,0.15343149265383232,0.35,0.34999999999999964,0.0
mean_variance_monthly,2015-04-01,0.0,0.0,0.0,0.2077635413339761,0.0,0.09223645866602428,0.3499999999999994,0.35,0.0
mean_variance_monthly,2015-05-01,0.0,0.0,0.0,0.0,0.0,0.3000000000000003,0.35,0.3499999999999997,0.0
mean_variance_monthly,2015-06-01,0.0,0.0,0.0,0.0,0.0,0.35,0.3000000000000002,0.3499999999999998,0.0
mean_variance_monthly,2015-07-01,0.0,0.0,0.0,0.0,0.0,0.35,0.30000000000000077,0.35,0.0
mean_variance_monthly,2015-08-03,0.0,0.0,0.0,0.0,0.0,0.34999999999999987,0.29999999999999977,0.3499999999999999,0.0
mean_variance_monthly,2015-09-01,0.0,0.0,0.0,0.0,0.0,0.30988034493671957,0.34011965506327985,0.35,0.0
mean_variance_monthly,2015-10-01,0.0,0.0,0.15217892723357335,0.0,0.0,0.14782107276642723,0.35,0.34999999999999987,0.0
mean_variance_monthly,2015-11-02,0.0,0.0,0.0,0.0,0.0,0.3000000000000003,0.35,0.35,0.0
mean_variance_monthly,2015-12-01,0.0,0.0,0.0,0.0,0.0,0.2999999999999999,0.3499999999999997,0.35,0.0
mean_variance_monthly,2016-01-04,0.0,0.0,0.2368739433424455,0.0,0.0,0.06312605665755389,0.35,0.35,0.0
mean_variance_monthly,2016-02-01,0.0,0.0,0.3000000000000014,0.0,0.0,0.0,0.35,0.35,0.0
mean_variance_monthly,2016-03-01,0.0,0.0,0.29999999999999905,0.0,0.0,0.0,0.34999999999999987,0.35,0.0
mean_variance_monthly,2016-04-01,0.0,0.0,0.08124340585589199,0.21875659414410795,0.0,0.0,0.35,0.35,0.0
mean_variance_monthly,2016-05-02,0.0,0.0,0.0,0.3000000000000002,0.0,0.0,0.35,0.35,0.0
mean_variance_monthly,2016-06-01,0.0,0.0,0.0,0.2999999999999988,0.0,0.0,0.3499999999999996,0.35,0.0
mean_variance_monthly,2016-07-01,0.0,0.0,0.0,0.3,0.0,0.0,0.3499999999999998,0.3499999999999999,0.0
mean_variance_monthly,2016-08-01,0.0,0.0,0.0,0.29999999999999993,0.0,0.0,0.35,0.35,0.0
mean_variance_monthly,2016-09-01,0.0,0.0,0.0,0.3000000000000002,0.0,0.0,0.3499999999999999,0.35,0.0
mean_variance_monthly,2016-10-03,0.0,0.0,0.0,0.3000000000000003,0.0,0.0,0.35,0.35,0.0
mean_variance_monthly,2016-11-01,0.0,0.0,0.0,0.3365130764408818,0.0,0.0,0.34999999999999987,0.31348692355911856,0.0
mean_variance_monthly,2016-12-01,0.0,0.0,0.0,0.3000000000000005,0.0,0.0,0.3499999999999998,0.35,0.0
mean_variance_monthly,2017-01-03,0.0,0.0,0.049277554136947586,0.2507224458630521,0.0,0.0,0.35,0.35,0.0
mean_variance_monthly,2017-02-01,0.0,0.0,0.0,0.3000000000000001,0.0,0.0,0.34999999999999987,0.3499999999999999,0.0
mean_variance_monthly,2017-03-01,0.0,0.0,0.0,0.3000000000000006,0.0,0.0,0.35,0.34999999999999976,0.0
mean_variance_monthly,2017-04-03,0.0,0.0,0.012510550503463128,0.2874894494965365,0.0,0.0,0.35,0.35,0.0
mean_variance_monthly,2017-05-01,0.0,0.0,0.30000000000000004,0.0,0.0,0.0,0.35,0.35,0.0
mean_variance_monthly,2017-06-01,0.0,0.0,0.0,0.3000000000000002,0.0,0.0,0.35,0.3499999999999999,0.0
mean_variance_monthly,2017-07-03,0.0,0.0,0.0,0.3000000000000008,0.0,0.0,0.35,0.35,0.0
mean_variance_monthly,2017-08-01,0.0,0.0,0.0,0.29999999999999993,0.0,0.0,0.3499999999999999,0.35,0.0
mean_variance_monthly,2017-09-01,0.0,0.0,0.0,0.33268373624451536,0.0,0.0,0.3173162637554847,0.3499999999999998,0.0
mean_variance_monthly,2017-10-02,0.0,0.0,0.0,0.3000000000000001,0.0,0.0,0.35,0.35,0.0
mean_variance_monthly,2017-11-01,0.0,0.0,0.0,0.34709366129597186,0.0,0.22822364062590986,0.07468269807811743,0.3499999999999998,0.0
mean_variance_monthly,2017-12-01,0.0,0.0,0.0,0.3362556540365285,0.0,0.2232530132703917,0.09049133269308043,0.34999999999999987,0.0
mean_variance_monthly,2018-01-02,0.0,0.0,0.0,0.3,0.0,0.34999999999999987,0.0,0.3499999999999999,0.0
mean_variance_monthly,2018-02-01,0.0,0.026271052188154353,0.0,0.0,0.0,0.35,0.0,0.35,0.27372894781184537
mean_variance_monthly,2018-03-01,0.0,0.2826630411322258,0.0,0.0,0.0,0.2642163717487984,0.0,0.35,0.10312058711897536
mean_variance_monthly,2018-04-02,0.0,0.34909664791759093,0.0,0.0,0.0,0.012586961766685712,0.0,0.35,0.288316390315724
mean_variance_monthly,2018-05-01,0.0,0.30967337060917727,0.0,0.06116342289413031,0.0,0.2791632064966913,0.0,0.35,0.0
mean_variance_monthly,2018-06-01,0.0,0.19259169447236757,0.0,0.25605947740929624,0.0,0.20134882811833643,0.0,0.35,0.0
mean_variance_monthly,2018-07-02,0.0,0.028489071838491004,0.0,0.23674290185062352,0.0,0.03476802631088552,0.35,0.3499999999999999,0.0
mean_variance_monthly,2018-08-01,0.0,0.2552544869141873,0.0,0.05755301199474103,0.0,0.0,0.14756566262004683,0.35,0.18962683847102513
mean_variance_monthly,2018-09-04,0.0,0.0,0.0,0.0,0.0,0.0,0.35,0.35,0.30000000000000004
mean_variance_monthly,2018-10-01,0.0,0.0,0.0,0.0,0.0,0.34999999999999987,0.07490537129932381,0.35,0.22509462870067698
mean_variance_monthly,2018-11-01,0.0,0.15033021451175388,0.0,0.21501992041321147,0.0,0.0,0.11165250253101267,0.35,0.1729973625440217
mean_variance_monthly,2018-12-03,0.0,0.3268360456225156,0.0,0.0,0.0,0.0,0.08607275471705615,0.34999999999999987,0.23709119966042708
mean_variance_monthly,2019-01-02,0.0,0.35,0.0,0.02571294037850867,0.0,0.0,0.0,0.35,0.27428705962149147
mean_variance_monthly,2019-02-01,0.0,0.21979896358786602,0.0,0.0,0.0,0.0,0.08020103641213437,0.35,0.3499999999999999
mean_variance_monthly,2019-03-01,0.0,0.0,0.0,0.0,0.0,0.14739017922407258,0.15260982077592747,0.35,0.35
mean_variance_monthly,2019-04-01,0.0,0.0,0.0,0.147234058411177,0.0,0.03759172650579837,0.1151742150830247,0.35,0.3499999999999998
mean_variance_monthly,2019-05-01,0.0,0.0,0.0,0.05712094743326941,0.0,0.030036177482806556,0.21284287508392458,0.35,0.3499999999999998
mean_variance_monthly,2019-06-03,0.0,0.0,0.0,0.22780566504529914,0.0,0.0,0.07219433495470098,0.35,0.35
mean_variance_monthly,2019-07-01,0.0,0.0,0.0,0.0,0.0,0.35,0.0,0.3499999999999999,0.29999999999999977
mean_variance_monthly,2019-08-01,0.0,0.0,0.0,0.24523641510856983,0.0,0.35,0.0,0.3499999999999997,0.05476358489143049
mean_variance_monthly,2019-09-03,0.0,0.17541952306638928,0.0,0.35,0.0,0.0,0.12458047693361131,0.34999999999999976,0.0
mean_variance_monthly,2019-10-01,0.0,0.0,0.0,0.3347126472152402,0.0,0.10160048881340203,0.213686863971359,0.3499999999999999,0.0
mean_variance_monthly,2019-11-01,0.0,0.1555211853314755,0.0,0.0,0.0,0.14447881466852483,0.35,0.3499999999999998,0.0
mean_variance_monthly,2019-12-02,0.0,0.15955813864944385,0.0,0.0,0.0,0.1827761790498398,0.3076656823007158,0.35,0.0
mean_variance_monthly,2020-01-02,0.0,0.35,0.0,0.0,0.0,0.0,0.10162922090518979,0.34999999999999976,0.19837077909481116
mean_variance_monthly,2020-02-03,0.0,0.34999999999999926,0.0,0.07268378878430055,0.0,0.0,0.2273162112157004,0.3499999999999997,0.0
mean_variance_monthly,2020-03-02,0.0,0.3000000000000003,0.0,0.34999999999999964,0.0,0.0,0.0,0.3499999999999996,0.0
mean_variance_monthly,2020-04-01,0.0,0.3499999999999999,0.35,0.12097072378762046,0.0,0.0,0.0,0.1790292762123798,0.0
mean_variance_monthly,2020-05-01,0.0,0.35,0.35,0.0,0.0,0.0,0.0,0.3000000000000003,0.0
mean_variance_monthly,2020-06-01,0.0,0.3499999999999998,0.3385584087122998,0.0,0.0,0.0,0.0,0.31144159128769955,0.0
mean_variance_monthly,2020-07-01,0.0,0.35,0.32880236245225425,0.0,0.0,0.0,0.0,0.321197637547746,0.0
mean_variance_monthly,2020-08-03,0.0,0.3499999999999998,0.2999999999999996,0.0,0.0,0.0,0.0,0.35,0.0
mean_variance_monthly,2020-09-01,0.0,0.35,0.3000000000000004,0.0,0.0,0.0,0.0,0.35,0.0
mean_variance_monthly,2020-10-01,0.0,0.3499999999999998,0.29999999999999993,0.0,0.0,0.0,0.0,0.3499999999999998,0.0
mean_variance_monthly,2020-11-02,0.0,0.35,0.32122104614409297,0.0,0.0,0.0,0.0,0.328778953855908,0.0
mean_variance_monthly,2020-12-01,0.0,0.35,0.23363644627027996,0.06636355372972046,0.0,0.0,0.0,0.35,0.0
mean_variance_monthly,2021-01-04,0.0,0.35,0.29076375188650433,0.00923624811349577,0.0,0.0,0.0,0.3499999999999996,0.0
mean_variance_monthly,2021-02-01,0.0,0.34999999999999976,0.2999999999999997,0.0,0.0,0.0,0.0,0.35,0.0
mean_variance_monthly,2021-03-01,0.0,0.30560315664682075,0.3336978595237898,0.0,0.0,0.0,0.010698983829391039,0.34999999999999987,0.0
mean_variance_monthly,2021-04-01,0.0,0.35,0.21998709796739827,0.002701244195144272,0.0,0.0,0.07731165783745808,0.35,0.0
mean_variance_monthly,2021-05-03,0.0,0.3499999999999996,0.17607206832298755,0.0,0.0,0.0,0.12392793167701269,0.35,0.0
mean_variance_monthly,2021-06-01,0.0,0.35,0.07716736853539805,0.016745130513822308,0.10299674906861785,0.0,0.10309075188216188,0.34999999999999987,0.0
mean_variance_monthly,2021-07-01,0.0,0.35,0.0,0.2503078204541587,0.0,0.0,0.0,0.35,0.04969217954584171
mean_variance_monthly,2021-08-02,0.0,0.35,0.15535656697506114,0.014633643199862855,0.03369666497812986,0.0,0.09631312484694625,0.35,0.0
mean_variance_monthly,2021-09-01,0.0,0.3499999999999995,0.05958480362086939,0.078577893805217,0.09234054228528699,0.0,0.06949676028862738,0.3499999999999994,0.0
mean_variance_monthly,2021-10-01,0.0,0.35,0.0,0.0,0.2557252019380676,0.0,0.04427479806193135,0.35,0.0
mean_variance_monthly,2021-11-01,0.0,0.3499999999999998,0.0,0.0,0.15323503149484358,0.0,0.11644993182348153,0.3499999999999997,0.030315036681675234
mean_variance_monthly,2021-12-01,0.0,0.35,0.0,0.0,0.24989486066362168,0.0,0.05010513933637803,0.34999999999999976,0.0
mean_variance_monthly,2022-01-03,0.0,0.34999999999999987,0.0,0.0,0.021654024969932108,0.0,0.27834597503006786,0.35,0.0
mean_variance_monthly,2022-02-01,0.0,0.35,0.0,0.0,0.24075993763283135,0.0,0.0592400623671686,0.3499999999999998,0.0
mean_variance_monthly,2022-03-01,0.0,0.35,0.0,0.0,0.2999999999999993,0.0,0.0,0.34999999999999987,0.0
mean_variance_monthly,2022-04-01,0.0,0.3499999999999998,0.0,0.0,0.24820460821118626,0.0,0.05179539178881337,0.3499999999999999,0.0
mean_variance_monthly,2022-05-02,0.0,0.35,0.0,0.0,0.2619923438305643,0.0,0.03800765616943563,0.34999999999999987,0.0
mean_variance_monthly,2022-06-01,0.0,0.35,0.0,0.0,0.2887620606831411,0.0,0.011237939316859567,0.35,0.0
mean_variance_monthly,2022-07-01,0.0,0.3499999999999998,0.0,0.0,0.29999999999999993,0.0,0.0,0.3499999999999997,0.0
mean_variance_monthly,2022-08-01,0.0,0.3499999999999998,0.0,0.0,0.2999999999999996,0.0,0.0,0.35,0.0
mean_variance_monthly,2022-09-01,0.0,0.300000000000001,0.0,0.0,0.34999999999999987,0.0,0.0,0.35,0.0
mean_variance_monthly,2022-10-03,0.30000000000000066,0.35,0.0,0.0,0.0,0.0,0.0,0.35,0.0
mean_variance_monthly,2022-11-01,0.2486152757442059,0.23085171920629877,0.0,0.0,0.17053300504949492,0.0,0.0,0.35,0.0
mean_variance_monthly,2022-12-01,0.14630019587901563,0.35,0.0,0.0,0.15369980412098416,0.0,0.0,0.3499999999999999,0.0
mean_variance_monthly,2023-01-03,0.3165785426256639,0.35,0.0,0.0,0.0,0.0,0.0,0.33342145737433626,0.0
mean_variance_monthly,2023-02-01,0.30000000000000016,0.35,0.0,0.0,0.0,0.0,0.0,0.35,0.0
mean_variance_monthly,2023-03-01,0.3499999999999999,0.2847614739843722,0.0,0.0,0.0,0.01523852601562731,0.0,0.35,0.0
mean_variance_monthly,2023-04-03,0.0,0.3000000000000004,0.0,0.0,0.0,0.34999999999999987,0.0,0.35,0.0
mean_variance_monthly,2023-05-01,0.0,0.3000000000000004,0.0,0.0,0.0,0.35,0.0,0.35,0.0
mean_variance_monthly,2023-06-01,0.04830564288696332,0.25722602298048525,0.0,0.0,0.0,0.3444683341325513,0.0,0.34999999999999987,0.0
mean_variance_monthly,2023-07-03,0.22785141512700446,0.0721485848729962,0.0,0.0,0.0,0.35,0.0,0.35,0.0
mean_variance_monthly,2023-08-01,0.30000000000000054,0.0,0.0,0.0,0.0,0.3499999999999999,0.0,0.35,0.0
mean_variance_monthly,2023-09-01,0.3499999999999997,0.0,0.0,0.0,0.0,0.2999999999999999,0.0,0.34999999999999976,0.0
mean_variance_monthly,2023-10-02,0.35,0.0,0.0,0.0,0.0,0.2999999999999996,0.0,0.35,0.0
mean_variance_monthly,2023-11-01,0.3499999999999999,0.1117050474997208,0.0,0.0,0.0,0.1882949525002793,0.0,0.34999999999999976,0.0
mean_variance_monthly,2023-12-01,0.3269769612025958,0.32302303879740407,0.0,0.0,0.0,0.0,0.0,0.35,0.0
mean_variance_monthly,2024-01-02,0.35,0.21256240775135762,0.0,0.0,0.0,0.0,0.08743759224864203,0.3499999999999999,0.0
mean_variance_monthly,2024-02-01,0.3499999999999997,0.2999999999999993,0.0,0.0,0.0,0.0,0.0,0.34999999999999964,0.0
mean_variance_monthly,2024-03-01,0.30000000000000054,0.35,0.0,0.0,0.0,0.0,0.0,0.35,0.0
mean_variance_monthly,2024-04-01,0.3000000000000004,0.34999999999999987,0.0,0.0,0.0,0.0,0.0,0.34999999999999976,0.0
mean_variance_monthly,2024-05-01,0.29999999999999893,0.35,0.0,0.0,0.0,0.0,0.0,0.3499999999999999,0.0
mean_variance_monthly,2024-06-03,0.2999999999999999,0.35,0.0,0.0,0.0,0.0,0.0,0.35,0.0
mean_variance_monthly,2024-07-01,0.30000000000000016,0.3499999999999996,0.0,0.0,0.0,0.0,0.0,0.34999999999999964,0.0
mean_variance_monthly,2024-08-01,0.29999999999999977,0.35,0.0,0.0,0.0,0.0,0.0,0.3499999999999998,0.0
mean_variance_monthly,2024-09-03,0.29999999999999943,0.34999999999999976,0.0,0.0,0.0,0.0,0.0,0.35,0.0
mean_variance_monthly,2024-10-01,0.3000000000000003,0.35,0.0,0.0,0.0,0.0,0.0,0.34999999999999987,0.0
mean_variance_monthly,2024-11-01,0.30000000000000004,0.3499999999999995,0.0,0.0,0.0,0.0,0.0,0.3499999999999997,0.0
mean_variance_monthly,2024-12-02,0.3,0.35,0.0,0.0,0.0,0.0,0.0,0.35,0.0
mean_variance_monthly,2025-01-02,0.2999999999999993,0.34999999999999964,0.0,0.0,0.0,0.0,0.0,0.35,0.0
mean_variance_monthly,2025-02-03,0.30000000000000054,0.34999999999999976,0.0,0.0,0.0,0.0,0.0,0.34999999999999976,0.0
mean_variance_monthly,2025-03-03,0.2999999999999996,0.3499999999999995,0.0,0.0,0.0,0.0,0.0,0.3499999999999996,0.0
mean_variance_monthly,2025-04-01,0.3,0.34999999999999976,0.0,0.0,0.0,0.0,0.0,0.3499999999999996,0.0
mean_variance_monthly,2025-05-01,0.28244119368902043,0.34999999999999964,0.0,0.0,0.0,0.017558806310978843,0.0,0.35,0.0
mean_variance_monthly,2025-06-02,0.06118109453051444,0.35,0.0,0.0,0.0,0.23881890546948567,0.0,0.34999999999999987,0.0
mean_variance_monthly,2025-07-01,0.0,0.34999999999999964,0.0,0.0,0.0,0.30000000000000004,0.0,0.35,0.0
mean_variance_monthly,2025-08-01,0.0,0.35,0.0,0.0,0.0,0.3000000000000005,0.0,0.3499999999999998,0.0
mean_variance_monthly,2025-09-02,0.0,0.35,0.0,0.0,0.0,0.2999999999999994,0.0,0.35,0.0
mean_variance_monthly,2025-10-01,0.0,0.35,0.0,0.0,0.0,0.2999999999999998,0.0,0.35,0.0
mean_variance_monthly,2025-11-03,0.0,0.35,0.0,0.0,0.0,0.2999999999999995,0.0,0.35,0.0
mean_variance_monthly,2025-12-01,0.0,0.35,0.0,0.0,0.0,0.29999999999999993,0.0,0.35,0.0
mean_variance_quarterly,2011-01-03,0.0,0.35,0.34999999999999987,0.18184065956289255,0.0,0.0,0.11815934043710752,0.0,0.0
mean_variance_quarterly,2011-04-01,0.0,0.35,0.20030067104160262,0.34300591791741225,0.0,0.0,0.10669341104098493,0.0,0.0
mean_variance_quarterly,2011-07-01,0.0,0.3499999999999998,0.23514730503615588,0.2885929416453974,0.0,0.0,0.1262597533184466,0.0,0.0
mean_variance_quarterly,2011-10-03,0.0,0.34999999999999987,0.24071332478394294,0.34999999999999987,0.0,0.0,0.059286675216057204,0.0,0.0
mean_variance_quarterly,2012-01-03,0.0,0.35,0.0,0.0,0.31389755943108166,0.0,0.20410327863413424,0.0,0.13199916193478375
mean_variance_quarterly,2012-04-02,0.0,0.3499999999999997,0.0,0.10442860175843345,0.0,0.0,0.3499999999999998,0.19557139824156664,0.0
mean_variance_quarterly,2012-07-02,0.0,0.34999999999999987,0.23308847187509607,0.0,0.0,0.0,0.35,0.06691152812490428,0.0
mean_variance_quarterly,2012-10-01,0.0,0.35,0.2954210870567721,0.0,0.0,0.0,0.35,0.004578912943227464,0.0
mean_variance_quarterly,2013-01-02,0.0,0.35,0.29999999999999954,0.0,0.0,0.0,0.35,0.0,0.0
mean_variance_quarterly,2013-04-01,0.0,0.3142568129234355,0.3053425254907322,0.0,0.0,0.0,0.35,0.030400661585832413,0.0
mean_variance_quarterly,2013-07-01,0.0,0.0,0.30000000000000004,0.0,0.0,0.0,0.34999999999999976,0.3499999999999999,0.0
mean_variance_quarterly,2013-10-01,0.0,0.0,0.3000033788469068,0.0,0.0,0.0,0.3499966211530938,0.34999999999999976,0.0
mean_variance_quarterly,2014-01-02,0.0,0.0,0.15262263796960707,0.35,0.0,0.0,0.14737736203039334,0.3499999999999996,0.0
mean_variance_quarterly,2014-04-01,0.0,0.0,0.09517169592582839,0.35,0.0,0.0,0.20482830407417116,0.3499999999999997,0.0
mean_variance_quarterly,2014-07-01,0.0,0.0,0.0,0.34999999999999987,0.0,0.0,0.3000000000000003,0.34999999999999987,0.0
mean_variance_quarterly,2014-10-01,0.0,0.0,0.0,0.06480367188880434,0.0,0.23519632811119548,0.3499999999999999,0.35,0.0
mean_variance_quarterly,2015-01-02,0.0,0.0,0.0,0.0,0.0,0.30000000000000027,0.34999999999999976,0.35,0.0
mean_variance_quarterly,2015-04-01,0.0,0.0,0.0,0.2077635413339761,0.0,0.09223645866602428,0.3499999999999994,0.35,0.0
mean_variance_quarterly,2015-07-01,0.0,0.0,0.0,0.0,0.0,0.35,0.30000000000000077,0.35,0.0
mean_variance_quarterly,2015-10-01,0.0,0.0,0.15217892723357335,0.0,0.0,0.14782107276642723,0.35,0.34999999999999987,0.0
mean_variance_quarterly,2016-01-04,0.0,0.0,0.2368739433424455,0.0,0.0,0.06312605665755389,0.35,0.35,0.0
mean_variance_quarterly,2016-04-01,0.0,0.0,0.08124340585589199,0.21875659414410795,0.0,0.0,0.35,0.35,0.0
mean_variance_quarterly,2016-07-01,0.0,0.0,0.0,0.3,0.0,0.0,0.3499999999999998,0.3499999999999999,0.0
mean_variance_quarterly,2016-10-03,0.0,0.0,0.0,0.3000000000000003,0.0,0.0,0.35,0.35,0.0
mean_variance_quarterly,2017-01-03,0.0,0.0,0.049277554136947586,0.2507224458630521,0.0,0.0,0.35,0.35,0.0
mean_variance_quarterly,2017-04-03,0.0,0.0,0.012510550503463128,0.2874894494965365,0.0,0.0,0.35,0.35,0.0
mean_variance_quarterly,2017-07-03,0.0,0.0,0.0,0.3000000000000008,0.0,0.0,0.35,0.35,0.0
mean_variance_quarterly,2017-10-02,0.0,0.0,0.0,0.3000000000000001,0.0,0.0,0.35,0.35,0.0
mean_variance_quarterly,2018-01-02,0.0,0.0,0.0,0.3,0.0,0.34999999999999987,0.0,0.3499999999999999,0.0
mean_variance_quarterly,2018-04-02,0.0,0.34909664791759093,0.0,0.0,0.0,0.012586961766685712,0.0,0.35,0.288316390315724
mean_variance_quarterly,2018-07-02,0.0,0.028489071838491004,0.0,0.23674290185062352,0.0,0.03476802631088552,0.35,0.3499999999999999,0.0
mean_variance_quarterly,2018-10-01,0.0,0.0,0.0,0.0,0.0,0.34999999999999987,0.07490537129932381,0.35,0.22509462870067698
mean_variance_quarterly,2019-01-02,0.0,0.35,0.0,0.02571294037850867,0.0,0.0,0.0,0.35,0.27428705962149147
mean_variance_quarterly,2019-04-01,0.0,0.0,0.0,0.147234058411177,0.0,0.03759172650579837,0.1151742150830247,0.35,0.3499999999999998
mean_variance_quarterly,2019-07-01,0.0,0.0,0.0,0.0,0.0,0.35,0.0,0.3499999999999999,0.29999999999999977
mean_variance_quarterly,2019-10-01,0.0,0.0,0.0,0.3347126472152402,0.0,0.10160048881340203,0.213686863971359,0.3499999999999999,0.0
mean_variance_quarterly,2020-01-02,0.0,0.35,0.0,0.0,0.0,0.0,0.10162922090518979,0.34999999999999976,0.19837077909481116
mean_variance_quarterly,2020-04-01,0.0,0.3499999999999999,0.35,0.12097072378762046,0.0,0.0,0.0,0.1790292762123798,0.0
mean_variance_quarterly,2020-07-01,0.0,0.35,0.32880236245225425,0.0,0.0,0.0,0.0,0.321197637547746,0.0
mean_variance_quarterly,2020-10-01,0.0,0.3499999999999998,0.29999999999999993,0.0,0.0,0.0,0.0,0.3499999999999998,0.0
mean_variance_quarterly,2021-01-04,0.0,0.35,0.29076375188650433,0.00923624811349577,0.0,0.0,0.0,0.3499999999999996,0.0
mean_variance_quarterly,2021-04-01,0.0,0.35,0.21998709796739827,0.002701244195144272,0.0,0.0,0.07731165783745808,0.35,0.0
mean_variance_quarterly,2021-07-01,0.0,0.35,0.0,0.2503078204541587,0.0,0.0,0.0,0.35,0.04969217954584171
mean_variance_quarterly,2021-10-01,0.0,0.35,0.0,0.0,0.2557252019380676,0.0,0.04427479806193135,0.35,0.0
mean_variance_quarterly,2022-01-03,0.0,0.34999999999999987,0.0,0.0,0.021654024969932108,0.0,0.27834597503006786,0.35,0.0
mean_variance_quarterly,2022-04-01,0.0,0.3499999999999998,0.0,0.0,0.24820460821118626,0.0,0.05179539178881337,0.3499999999999999,0.0
mean_variance_quarterly,2022-07-01,0.0,0.3499999999999998,0.0,0.0,0.29999999999999993,0.0,0.0,0.3499999999999997,0.0
mean_variance_quarterly,2022-10-03,0.30000000000000066,0.35,0.0,0.0,0.0,0.0,0.0,0.35,0.0
mean_variance_quarterly,2023-01-03,0.3165785426256639,0.35,0.0,0.0,0.0,0.0,0.0,0.33342145737433626,0.0
mean_variance_quarterly,2023-04-03,0.0,0.3000000000000004,0.0,0.0,0.0,0.34999999999999987,0.0,0.35,0.0
mean_variance_quarterly,2023-07-03,0.22785141512700446,0.0721485848729962,0.0,0.0,0.0,0.35,0.0,0.35,0.0
mean_variance_quarterly,2023-10-02,0.35,0.0,0.0,0.0,0.0,0.2999999999999996,0.0,0.35,0.0
mean_variance_quarterly,2024-01-02,0.35,0.21256240775135762,0.0,0.0,0.0,0.0,0.08743759224864203,0.3499999999999999,0.0
mean_variance_quarterly,2024-04-01,0.3000000000000004,0.34999999999999987,0.0,0.0,0.0,0.0,0.0,0.34999999999999976,0.0
mean_variance_quarterly,2024-07-01,0.30000000000000016,0.3499999999999996,0.0,0.0,0.0,0.0,0.0,0.34999999999999964,0.0
mean_variance_quarterly,2024-10-01,0.3000000000000003,0.35,0.0,0.0,0.0,0.0,0.0,0.34999999999999987,0.0
mean_variance_quarterly,2025-01-02,0.2999999999999993,0.34999999999999964,0.0,0.0,0.0,0.0,0.0,0.35,0.0
mean_variance_quarterly,2025-04-01,0.3,0.34999999999999976,0.0,0.0,0.0,0.0,0.0,0.3499999999999996,0.0
mean_variance_quarterly,2025-07-01,0.0,0.34999999999999964,0.0,0.0,0.0,0.30000000000000004,0.0,0.35,0.0
mean_variance_quarterly,2025-10-01,0.0,0.35,0.0,0.0,0.0,0.2999999999999998,0.0,0.35,0.0
mean_variance_band_250bp,2011-01-03,0.0,0.35,0.34999999999999987,0.18184065956289255,0.0,0.0,0.11815934043710752,0.0,0.0
mean_variance_band_250bp,2011-02-01,0.0,0.35,0.3363652052476756,0.18371853425078916,0.0,0.0,0.12991626050153526,0.0,0.0
mean_variance_band_250bp,2011-03-01,0.0,0.35,0.23746559635503112,0.27592410892676383,0.0,0.0,0.13661029471820513,0.0,0.0
mean_variance_band_250bp,2011-04-01,0.0,0.35,0.20030067104160262,0.34300591791741225,0.0,0.0,0.10669341104098493,0.0,0.0
mean_variance_band_250bp,2011-05-02,0.0,0.35,0.270517401007871,0.263912603737409,0.0,0.0,0.11556999525471996,0.0,0.0
mean_variance_band_250bp,2011-06-01,0.0,0.35,0.29845715868314837,0.24140210873742454,0.0,0.0,0.1101407325794276,0.0,0.0
mean_variance_band_250bp,2011-07-01,0.0,0.3499999999999998,0.23514730503615588,0.2885929416453974,0.0,0.0,0.1262597533184466,0.0,0.0
mean_variance_band_250bp,2011-08-01,0.0,0.3499999999999999,0.24256548031406336,0.29742872527096614,0.0,0.0,0.11000579441497049,0.0,0.0
mean_variance_band_250bp,2011-09-01,0.0,0.3499999999999999,0.34296229143443024,0.19885736641567103,0.0,0.0,0.08346713376635616,0.0,0.024713208383542684
mean_variance_band_250bp,2011-10-03,0.0,0.34999999999999987,0.24071332478394294,0.34999999999999987,0.0,0.0,0.059286675216057204,0.0,0.0
mean_variance_band_250bp,2011-11-01,0.0,0.34999999999999964,0.0,0.35,0.06958320417676213,0.0,0.11589625940162417,0.0,0.1145205364216134
mean_variance_band_250bp,2011-12-01,0.0,0.35,0.0,0.12242833292849024,0.110935930437035,0.0,0.2633411054630073,0.0,0.15329463117146752
mean_variance_band_250bp,2012-01-03,0.0,0.35,0.0,0.0,0.31389755943108166,0.0,0.20410327863413424,0.0,0.13199916193478375
mean_variance_band_250bp,2012-02-01,0.0,0.35,0.0,0.0,0.1598042851070169,0.0,0.28415371532919503,0.0,0.20604199956378813
mean_variance_band_250bp,2012-03-01,0.0,0.34999999999999987,0.0,0.0421461288835313,0.0,0.0,0.35,0.11257448853109049,0.14527938258537826
mean_variance_band_250bp,2012-04-02,0.0,0.3499999999999997,0.0,0.10442860175843345,0.0,0.0,0.3499999999999998,0.19557139824156664,0.0
mean_variance_band_250bp,2012-05-01,0.0,0.3499999999999999,0.0,0.1920478698232542,0.0,0.0,0.35,0.10795213017674563,0.0
mean_variance_band_250bp,2012-06-01,0.0,0.35,0.22053011025280872,0.07946988974719155,0.0,0.0,0.3499999999999999,0.0,0.0
mean_variance_band_250bp,2012-07-02,0.0,0.34999999999999987,0.23308847187509607,0.0,0.0,0.0,0.35,0.06691152812490428,0.0
mean_variance_band_250bp,2012-08-01,0.0,0.35,0.2999999999999993,0.0,0.0,0.0,0.35,0.0,0.0
mean_variance_band_250bp,2012-09-04,0.0,0.35,0.25048929302616196,0.0,0.0,0.0,0.35,0.04951070697383796,0.0
mean_variance_band_250bp,2012-10-01,0.0,0.35,0.2954210870567721,0.0,0.0,0.0,0.35,0.004578912943227464,0.0
mean_variance_band_250bp,2012-11-01,0.0,0.3499999999999999,0.0,0.29999999999999977,0.0,0.0,0.34999999999999964,0.0,0.0
mean_variance_band_250bp,2012-12-03,0.0,0.35,0.2766414276949136,0.023358572305086485,0.0,0.0,0.35,0.0,0.0
mean_variance_band_250bp,2013-01-02,0.0,0.35,0.29999999999999954,0.0,0.0,0.0,0.35,0.0,0.0
mean_variance_band_250bp,2013-02-01,0.0,0.3499999999999999,0.19549983785305167,0.0,0.0,0.0,0.35,0.10450016214694831,0.0
mean_variance_band_250bp,2013-03-01,0.0,0.28021077431699787,0.2811060304356523,0.0,0.0,0.0,0.34999999999999987,0.08868319524734992,0.0
mean_variance_band_250bp,2013-04-01,0.0,0.3142568129234355,0.3053425254907322,0.0,0.0,0.0,0.35,0.030400661585832413,0.0
mean_variance_band_250bp,2013-05-01,0.0,0.0,0.34999999999999976,0.20539542772302266,0.0,0.0,0.34999999999999976,0.09460457227697762,0.0
mean_variance_band_250bp,2013-06-03,0.0,0.0,0.26266394993275805,0.06772525435335258,0.0,0.0,0.319610795713889,0.35,0.0
mean_variance_band_250bp,2013-07-01,0.0,0.0,0.30000000000000004,0.0,0.0,0.0,0.34999999999999976,0.3499999999999999,0.0
mean_variance_band_250bp,2013-08-01,0.0,0.0,0.29999999999999855,0.0,0.0,0.0,0.35,0.3499999999999997,0.0
mean_variance_band_250bp,2013-09-03,0.0,0.018174377483558605,0.14570588795383876,0.07487691395670677,0.0612428206058957,0.0,0.35,0.3499999999999993,0.0
mean_variance_band_250bp,2013-10-01,0.0,0.0,0.3000033788469068,0.0,0.0,0.0,0.3499966211530938,0.34999999999999976,0.0
mean_variance_band_250bp,2013-11-01,0.0,0.0,0.17601175250011178,0.1613314165691923,0.0,0.0,0.31265683093069535,0.35,0.0
mean_variance_band_250bp,2013-12-02,0.0,0.0,0.06987507368778893,0.35,0.0,0.0,0.230124926312211,0.34999999999999987,0.0
mean_variance_band_250bp,2014-01-02,0.0,0.0,0.15262263796960707,0.35,0.0,0.0,0.14737736203039334,0.3499999999999996,0.0
mean_variance_band_250bp,2014-02-03,0.0,0.0,0.154771607351579,0.35,0.0,0.0,0.14522839264842044,0.3499999999999998,0.0
mean_variance_band_250bp,2014-03-03,0.0,0.0,0.14554646479108635,0.35,0.0,0.0,0.15445353520891283,0.3499999999999999,0.0
mean_variance_band_250bp,2014-04-01,0.0,0.0,0.09517169592582839,0.35,0.0,0.0,0.20482830407417116,0.3499999999999997,0.0
mean_variance_band_250bp,2014-05-01,0.0,0.0,0.1584646708891308,0.35,0.0,0.0,0.14153532911086866,0.35,0.0
mean_variance_band_250bp,2014-06-02,0.0,0.0,0.10016010918943725,0.35,0.0,0.0,0.19983989081056178,0.34999999999999926,0.0
mean_variance_band_250bp,2014-07-01,0.0,0.0,0.0,0.34999999999999987,0.0,0.0,0.3000000000000003,0.34999999999999987,0.0
mean_variance_band_250bp,2014-08-01,0.0,0.0,0.03897813894849533,0.3499999999999993,0.0,0.0,0.2610218610515072,0.35,0.0
mean_variance_band_250bp,2014-09-02,0.0,0.0,0.0,0.22599941258553016,0.0,0.07400058741446898,0.35,0.34999999999999964,0.0
mean_variance_band_250bp,2014-10-01,0.0,0.0,0.0,0.06480367188880434,0.0,0.23519632811119548,0.3499999999999999,0.35,0.0
mean_variance_band_250bp,2014-11-03,0.0,0.0,0.0,0.2927201120058946,0.0,0.007279887994105491,0.34999999999999987,0.35,0.0
mean_variance_band_250bp,2014-12-01,0.0,0.0,0.0,0.0,0.0,0.3,0.35,0.34999999999999964,0.0
mean_variance_band_250bp,2015-01-02,0.0,0.0,0.0,0.0,0.0,0.30000000000000027,0.34999999999999976,0.35,0.0
mean_variance_band_250bp,2015-02-02,0.0,0.0,0.0,0.26320313493058456,0.0,0.036796865069415194,0.35,0.35,0.0
mean_variance_band_250bp,2015-03-02,0.0,0.0,0.0,0.14656850734616816,0.0,0.15343149265383232,0.35,0.34999999999999964,0.0
mean_variance_band_250bp,2015-04-01,0.0,0.0,0.0,0.2077635413339761,0.0,0.09223645866602428,0.3499999999999994,0.35,0.0
mean_variance_band_250bp,2015-05-01,0.0,0.0,0.0,0.0,0.0,0.3000000000000003,0.35,0.3499999999999997,0.0
mean_variance_band_250bp,2015-06-01,0.0,0.0,0.0,0.0,0.0,0.35,0.3000000000000002,0.3499999999999998,0.0
mean_variance_band_250bp,2015-07-01,0.0,0.0,0.0,0.0,0.0,0.35,0.30000000000000077,0.35,0.0
mean_variance_band_250bp,2015-08-03,0.0,0.0,0.0,0.0,0.0,0.34999999999999987,0.29999999999999977,0.3499999999999999,0.0
mean_variance_band_250bp,2015-09-01,0.0,0.0,0.0,0.0,0.0,0.30988034493671957,0.34011965506327985,0.35,0.0
mean_variance_band_250bp,2015-10-01,0.0,0.0,0.15217892723357335,0.0,0.0,0.14782107276642723,0.35,0.34999999999999987,0.0
mean_variance_band_250bp,2015-11-02,0.0,0.0,0.0,0.0,0.0,0.3000000000000003,0.35,0.35,0.0
mean_variance_band_250bp,2015-12-01,0.0,0.0,0.0,0.0,0.0,0.2999999999999999,0.3499999999999997,0.35,0.0
mean_variance_band_250bp,2016-01-04,0.0,0.0,0.2368739433424455,0.0,0.0,0.06312605665755389,0.35,0.35,0.0
mean_variance_band_250bp,2016-02-01,0.0,0.0,0.3000000000000014,0.0,0.0,0.0,0.35,0.35,0.0
mean_variance_band_250bp,2016-03-01,0.0,0.0,0.29999999999999905,0.0,0.0,0.0,0.34999999999999987,0.35,0.0
mean_variance_band_250bp,2016-04-01,0.0,0.0,0.08124340585589199,0.21875659414410795,0.0,0.0,0.35,0.35,0.0
mean_variance_band_250bp,2016-05-02,0.0,0.0,0.0,0.3000000000000002,0.0,0.0,0.35,0.35,0.0
mean_variance_band_250bp,2016-06-01,0.0,0.0,0.0,0.2999999999999988,0.0,0.0,0.3499999999999996,0.35,0.0
mean_variance_band_250bp,2016-07-01,0.0,0.0,0.0,0.3,0.0,0.0,0.3499999999999998,0.3499999999999999,0.0
mean_variance_band_250bp,2016-08-01,0.0,0.0,0.0,0.29999999999999993,0.0,0.0,0.35,0.35,0.0
mean_variance_band_250bp,2016-09-01,0.0,0.0,0.0,0.3000000000000002,0.0,0.0,0.3499999999999999,0.35,0.0
mean_variance_band_250bp,2016-10-03,0.0,0.0,0.0,0.3000000000000003,0.0,0.0,0.35,0.35,0.0
mean_variance_band_250bp,2016-11-01,0.0,0.0,0.0,0.3365130764408818,0.0,0.0,0.34999999999999987,0.31348692355911856,0.0
mean_variance_band_250bp,2016-12-01,0.0,0.0,0.0,0.3000000000000005,0.0,0.0,0.3499999999999998,0.35,0.0
mean_variance_band_250bp,2017-01-03,0.0,0.0,0.049277554136947586,0.2507224458630521,0.0,0.0,0.35,0.35,0.0
mean_variance_band_250bp,2017-02-01,0.0,0.0,0.0,0.3000000000000001,0.0,0.0,0.34999999999999987,0.3499999999999999,0.0
mean_variance_band_250bp,2017-03-01,0.0,0.0,0.0,0.3000000000000006,0.0,0.0,0.35,0.34999999999999976,0.0
mean_variance_band_250bp,2017-04-03,0.0,0.0,0.012510550503463128,0.2874894494965365,0.0,0.0,0.35,0.35,0.0
mean_variance_band_250bp,2017-05-01,0.0,0.0,0.30000000000000004,0.0,0.0,0.0,0.35,0.35,0.0
mean_variance_band_250bp,2017-06-01,0.0,0.0,0.0,0.3000000000000002,0.0,0.0,0.35,0.3499999999999999,0.0
mean_variance_band_250bp,2017-07-03,0.0,0.0,0.0,0.3000000000000008,0.0,0.0,0.35,0.35,0.0
mean_variance_band_250bp,2017-08-01,0.0,0.0,0.0,0.29999999999999993,0.0,0.0,0.3499999999999999,0.35,0.0
mean_variance_band_250bp,2017-09-01,0.0,0.0,0.0,0.33268373624451536,0.0,0.0,0.3173162637554847,0.3499999999999998,0.0
mean_variance_band_250bp,2017-10-02,0.0,0.0,0.0,0.3000000000000001,0.0,0.0,0.35,0.35,0.0
mean_variance_band_250bp,2017-11-01,0.0,0.0,0.0,0.34709366129597186,0.0,0.22822364062590986,0.07468269807811743,0.3499999999999998,0.0
mean_variance_band_250bp,2017-12-01,0.0,0.0,0.0,0.3362556540365285,0.0,0.2232530132703917,0.09049133269308043,0.34999999999999987,0.0
mean_variance_band_250bp,2018-01-02,0.0,0.0,0.0,0.3,0.0,0.34999999999999987,0.0,0.3499999999999999,0.0
mean_variance_band_250bp,2018-02-01,0.0,0.026271052188154353,0.0,0.0,0.0,0.35,0.0,0.35,0.27372894781184537
mean_variance_band_250bp,2018-03-01,0.0,0.2826630411322258,0.0,0.0,0.0,0.2642163717487984,0.0,0.35,0.10312058711897536
mean_variance_band_250bp,2018-04-02,0.0,0.34909664791759093,0.0,0.0,0.0,0.012586961766685712,0.0,0.35,0.288316390315724
mean_variance_band_250bp,2018-05-01,0.0,0.30967337060917727,0.0,0.06116342289413031,0.0,0.2791632064966913,0.0,0.35,0.0
mean_variance_band_250bp,2018-06-01,0.0,0.19259169447236757,0.0,0.25605947740929624,0.0,0.20134882811833643,0.0,0.35,0.0
mean_variance_band_250bp,2018-07-02,0.0,0.028489071838491004,0.0,0.23674290185062352,0.0,0.03476802631088552,0.35,0.3499999999999999,0.0
mean_variance_band_250bp,2018-08-01,0.0,0.2552544869141873,0.0,0.05755301199474103,0.0,0.0,0.14756566262004683,0.35,0.18962683847102513
mean_variance_band_250bp,2018-09-04,0.0,0.0,0.0,0.0,0.0,0.0,0.35,0.35,0.30000000000000004
mean_variance_band_250bp,2018-10-01,0.0,0.0,0.0,0.0,0.0,0.34999999999999987,0.07490537129932381,0.35,0.22509462870067698
mean_variance_band_250bp,2018-11-01,0.0,0.15033021451175388,0.0,0.21501992041321147,0.0,0.0,0.11165250253101267,0.35,0.1729973625440217
mean_variance_band_250bp,2018-12-03,0.0,0.3268360456225156,0.0,0.0,0.0,0.0,0.08607275471705615,0.34999999999999987,0.23709119966042708
mean_variance_band_250bp,2019-01-02,0.0,0.35,0.0,0.02571294037850867,0.0,0.0,0.0,0.35,0.27428705962149147
mean_variance_band_250bp,2019-02-01,0.0,0.21979896358786602,0.0,0.0,0.0,0.0,0.08020103641213437,0.35,0.3499999999999999
mean_variance_band_250bp,2019-03-01,0.0,0.0,0.0,0.0,0.0,0.14739017922407258,0.15260982077592747,0.35,0.35
mean_variance_band_250bp,2019-04-01,0.0,0.0,0.0,0.147234058411177,0.0,0.03759172650579837,0.1151742150830247,0.35,0.3499999999999998
mean_variance_band_250bp,2019-05-01,0.0,0.0,0.0,0.05712094743326941,0.0,0.030036177482806556,0.21284287508392458,0.35,0.3499999999999998
mean_variance_band_250bp,2019-06-03,0.0,0.0,0.0,0.22780566504529914,0.0,0.0,0.07219433495470098,0.35,0.35
mean_variance_band_250bp,2019-07-01,0.0,0.0,0.0,0.0,0.0,0.35,0.0,0.3499999999999999,0.29999999999999977
mean_variance_band_250bp,2019-08-01,0.0,0.0,0.0,0.24523641510856983,0.0,0.35,0.0,0.3499999999999997,0.05476358489143049
mean_variance_band_250bp,2019-09-03,0.0,0.17541952306638928,0.0,0.35,0.0,0.0,0.12458047693361131,0.34999999999999976,0.0
mean_variance_band_250bp,2019-10-01,0.0,0.0,0.0,0.3347126472152402,0.0,0.10160048881340203,0.213686863971359,0.3499999999999999,0.0
mean_variance_band_250bp,2019-11-01,0.0,0.1555211853314755,0.0,0.0,0.0,0.14447881466852483,0.35,0.3499999999999998,0.0
mean_variance_band_250bp,2019-12-02,0.0,0.15955813864944385,0.0,0.0,0.0,0.1827761790498398,0.3076656823007158,0.35,0.0
mean_variance_band_250bp,2020-01-02,0.0,0.35,0.0,0.0,0.0,0.0,0.10162922090518979,0.34999999999999976,0.19837077909481116
mean_variance_band_250bp,2020-02-03,0.0,0.34999999999999926,0.0,0.07268378878430055,0.0,0.0,0.2273162112157004,0.3499999999999997,0.0
mean_variance_band_250bp,2020-03-02,0.0,0.3000000000000003,0.0,0.34999999999999964,0.0,0.0,0.0,0.3499999999999996,0.0
mean_variance_band_250bp,2020-04-01,0.0,0.3499999999999999,0.35,0.12097072378762046,0.0,0.0,0.0,0.1790292762123798,0.0
mean_variance_band_250bp,2020-05-01,0.0,0.35,0.35,0.0,0.0,0.0,0.0,0.3000000000000003,0.0
mean_variance_band_250bp,2020-06-01,0.0,0.3499999999999998,0.3385584087122998,0.0,0.0,0.0,0.0,0.31144159128769955,0.0
mean_variance_band_250bp,2020-07-01,0.0,0.35,0.32880236245225425,0.0,0.0,0.0,0.0,0.321197637547746,0.0
mean_variance_band_250bp,2020-08-03,0.0,0.3499999999999998,0.2999999999999996,0.0,0.0,0.0,0.0,0.35,0.0
mean_variance_band_250bp,2020-09-01,0.0,0.35,0.3000000000000004,0.0,0.0,0.0,0.0,0.35,0.0
mean_variance_band_250bp,2020-10-01,0.0,0.3499999999999998,0.29999999999999993,0.0,0.0,0.0,0.0,0.3499999999999998,0.0
mean_variance_band_250bp,2020-11-02,0.0,0.35,0.32122104614409297,0.0,0.0,0.0,0.0,0.328778953855908,0.0
mean_variance_band_250bp,2020-12-01,0.0,0.35,0.23363644627027996,0.06636355372972046,0.0,0.0,0.0,0.35,0.0
mean_variance_band_250bp,2021-01-04,0.0,0.35,0.29076375188650433,0.00923624811349577,0.0,0.0,0.0,0.3499999999999996,0.0
mean_variance_band_250bp,2021-02-01,0.0,0.34999999999999976,0.2999999999999997,0.0,0.0,0.0,0.0,0.35,0.0
mean_variance_band_250bp,2021-03-01,0.0,0.30560315664682075,0.3336978595237898,0.0,0.0,0.0,0.010698983829391039,0.34999999999999987,0.0
mean_variance_band_250bp,2021-04-01,0.0,0.35,0.21998709796739827,0.002701244195144272,0.0,0.0,0.07731165783745808,0.35,0.0
mean_variance_band_250bp,2021-05-03,0.0,0.3499999999999996,0.17607206832298755,0.0,0.0,0.0,0.12392793167701269,0.35,0.0
mean_variance_band_250bp,2021-06-01,0.0,0.35,0.07716736853539805,0.016745130513822308,0.10299674906861785,0.0,0.10309075188216188,0.34999999999999987,0.0
mean_variance_band_250bp,2021-07-01,0.0,0.35,0.0,0.2503078204541587,0.0,0.0,0.0,0.35,0.04969217954584171
mean_variance_band_250bp,2021-08-02,0.0,0.35,0.15535656697506114,0.014633643199862855,0.03369666497812986,0.0,0.09631312484694625,0.35,0.0
mean_variance_band_250bp,2021-09-01,0.0,0.3499999999999995,0.05958480362086939,0.078577893805217,0.09234054228528699,0.0,0.06949676028862738,0.3499999999999994,0.0
mean_variance_band_250bp,2021-10-01,0.0,0.35,0.0,0.0,0.2557252019380676,0.0,0.04427479806193135,0.35,0.0
mean_variance_band_250bp,2021-11-01,0.0,0.3499999999999998,0.0,0.0,0.15323503149484358,0.0,0.11644993182348153,0.3499999999999997,0.030315036681675234
mean_variance_band_250bp,2021-12-01,0.0,0.35,0.0,0.0,0.24989486066362168,0.0,0.05010513933637803,0.34999999999999976,0.0
mean_variance_band_250bp,2022-01-03,0.0,0.34999999999999987,0.0,0.0,0.021654024969932108,0.0,0.27834597503006786,0.35,0.0
mean_variance_band_250bp,2022-02-01,0.0,0.35,0.0,0.0,0.24075993763283135,0.0,0.0592400623671686,0.3499999999999998,0.0
mean_variance_band_250bp,2022-03-01,0.0,0.35,0.0,0.0,0.2999999999999993,0.0,0.0,0.34999999999999987,0.0
mean_variance_band_250bp,2022-04-01,0.0,0.3499999999999998,0.0,0.0,0.24820460821118626,0.0,0.05179539178881337,0.3499999999999999,0.0
mean_variance_band_250bp,2022-05-02,0.0,0.35,0.0,0.0,0.2619923438305643,0.0,0.03800765616943563,0.34999999999999987,0.0
mean_variance_band_250bp,2022-06-01,0.0,0.35,0.0,0.0,0.2887620606831411,0.0,0.011237939316859567,0.35,0.0
mean_variance_band_250bp,2022-07-01,0.0,0.3499999999999998,0.0,0.0,0.29999999999999993,0.0,0.0,0.3499999999999997,0.0
mean_variance_band_250bp,2022-08-01,0.0,0.3499999999999998,0.0,0.0,0.2999999999999996,0.0,0.0,0.35,0.0
mean_variance_band_250bp,2022-09-01,0.0,0.300000000000001,0.0,0.0,0.34999999999999987,0.0,0.0,0.35,0.0
mean_variance_band_250bp,2022-10-03,0.30000000000000066,0.35,0.0,0.0,0.0,0.0,0.0,0.35,0.0
mean_variance_band_250bp,2022-11-01,0.2486152757442059,0.23085171920629877,0.0,0.0,0.17053300504949492,0.0,0.0,0.35,0.0
mean_variance_band_250bp,2022-12-01,0.14630019587901563,0.35,0.0,0.0,0.15369980412098416,0.0,0.0,0.3499999999999999,0.0
mean_variance_band_250bp,2023-01-03,0.3165785426256639,0.35,0.0,0.0,0.0,0.0,0.0,0.33342145737433626,0.0
mean_variance_band_250bp,2023-02-01,0.30000000000000016,0.35,0.0,0.0,0.0,0.0,0.0,0.35,0.0
mean_variance_band_250bp,2023-03-01,0.3499999999999999,0.2847614739843722,0.0,0.0,0.0,0.01523852601562731,0.0,0.35,0.0
mean_variance_band_250bp,2023-04-03,0.0,0.3000000000000004,0.0,0.0,0.0,0.34999999999999987,0.0,0.35,0.0
mean_variance_band_250bp,2023-05-01,0.0,0.3000000000000004,0.0,0.0,0.0,0.35,0.0,0.35,0.0
mean_variance_band_250bp,2023-06-01,0.04830564288696332,0.25722602298048525,0.0,0.0,0.0,0.3444683341325513,0.0,0.34999999999999987,0.0
mean_variance_band_250bp,2023-07-03,0.22785141512700446,0.0721485848729962,0.0,0.0,0.0,0.35,0.0,0.35,0.0
mean_variance_band_250bp,2023-08-01,0.30000000000000054,0.0,0.0,0.0,0.0,0.3499999999999999,0.0,0.35,0.0
mean_variance_band_250bp,2023-09-01,0.3499999999999997,0.0,0.0,0.0,0.0,0.2999999999999999,0.0,0.34999999999999976,0.0
mean_variance_band_250bp,2023-10-02,0.35,0.0,0.0,0.0,0.0,0.2999999999999996,0.0,0.35,0.0
mean_variance_band_250bp,2023-11-01,0.3499999999999999,0.1117050474997208,0.0,0.0,0.0,0.1882949525002793,0.0,0.34999999999999976,0.0
mean_variance_band_250bp,2023-12-01,0.3269769612025958,0.32302303879740407,0.0,0.0,0.0,0.0,0.0,0.35,0.0
mean_variance_band_250bp,2024-01-02,0.35,0.21256240775135762,0.0,0.0,0.0,0.0,0.08743759224864203,0.3499999999999999,0.0
mean_variance_band_250bp,2024-02-01,0.3499999999999997,0.2999999999999993,0.0,0.0,0.0,0.0,0.0,0.34999999999999964,0.0
mean_variance_band_250bp,2024-03-01,0.30000000000000054,0.35,0.0,0.0,0.0,0.0,0.0,0.35,0.0
mean_variance_band_250bp,2024-04-01,0.3000000000000004,0.34999999999999987,0.0,0.0,0.0,0.0,0.0,0.34999999999999976,0.0
mean_variance_band_250bp,2024-05-01,0.29999999999999893,0.35,0.0,0.0,0.0,0.0,0.0,0.3499999999999999,0.0
mean_variance_band_250bp,2024-06-03,0.2999999999999999,0.35,0.0,0.0,0.0,0.0,0.0,0.35,0.0
mean_variance_band_250bp,2024-07-01,0.30000000000000016,0.3499999999999996,0.0,0.0,0.0,0.0,0.0,0.34999999999999964,0.0
mean_variance_band_250bp,2024-08-01,0.29999999999999977,0.35,0.0,0.0,0.0,0.0,0.0,0.3499999999999998,0.0
mean_variance_band_250bp,2024-09-03,0.29999999999999943,0.34999999999999976,0.0,0.0,0.0,0.0,0.0,0.35,0.0
mean_variance_band_250bp,2024-10-01,0.3000000000000003,0.35,0.0,0.0,0.0,0.0,0.0,0.34999999999999987,0.0
mean_variance_band_250bp,2024-11-01,0.30000000000000004,0.3499999999999995,0.0,0.0,0.0,0.0,0.0,0.3499999999999997,0.0
mean_variance_band_250bp,2024-12-02,0.3,0.35,0.0,0.0,0.0,0.0,0.0,0.35,0.0
mean_variance_band_250bp,2025-01-02,0.2999999999999993,0.34999999999999964,0.0,0.0,0.0,0.0,0.0,0.35,0.0
mean_variance_band_250bp,2025-02-03,0.30000000000000054,0.34999999999999976,0.0,0.0,0.0,0.0,0.0,0.34999999999999976,0.0
mean_variance_band_250bp,2025-03-03,0.2999999999999996,0.3499999999999995,0.0,0.0,0.0,0.0,0.0,0.3499999999999996,0.0
mean_variance_band_250bp,2025-04-01,0.3,0.34999999999999976,0.0,0.0,0.0,0.0,0.0,0.3499999999999996,0.0
mean_variance_band_250bp,2025-05-01,0.28244119368902043,0.34999999999999964,0.0,0.0,0.0,0.017558806310978843,0.0,0.35,0.0
mean_variance_band_250bp,2025-06-02,0.06118109453051444,0.35,0.0,0.0,0.0,0.23881890546948567,0.0,0.34999999999999987,0.0
mean_variance_band_250bp,2025-07-01,0.0,0.34999999999999964,0.0,0.0,0.0,0.30000000000000004,0.0,0.35,0.0
mean_variance_band_250bp,2025-08-01,0.0,0.35,0.0,0.0,0.0,0.3000000000000005,0.0,0.3499999999999998,0.0
mean_variance_band_250bp,2025-09-02,0.0,0.35,0.0,0.0,0.0,0.2999999999999994,0.0,0.35,0.0
mean_variance_band_250bp,2025-10-01,0.0,0.35,0.0,0.0,0.0,0.2999999999999998,0.0,0.35,0.0
mean_variance_band_250bp,2025-11-03,0.0,0.35,0.0,0.0,0.0,0.2999999999999995,0.0,0.35,0.0
mean_variance_band_250bp,2025-12-01,0.0,0.35,0.0,0.0,0.0,0.29999999999999993,0.0,0.35,0.0
mean_variance_band_500bp,2011-01-03,0.0,0.35,0.34999999999999987,0.18184065956289255,0.0,0.0,0.11815934043710752,0.0,0.0
mean_variance_band_500bp,2011-02-01,0.0,0.35,0.3363652052476756,0.18371853425078916,0.0,0.0,0.12991626050153526,0.0,0.0
mean_variance_band_500bp,2011-03-01,0.0,0.35,0.23746559635503112,0.27592410892676383,0.0,0.0,0.13661029471820513,0.0,0.0
mean_variance_band_500bp,2011-04-01,0.0,0.35,0.20030067104160262,0.34300591791741225,0.0,0.0,0.10669341104098493,0.0,0.0
mean_variance_band_500bp,2011-05-02,0.0,0.35,0.270517401007871,0.263912603737409,0.0,0.0,0.11556999525471996,0.0,0.0
mean_variance_band_500bp,2011-06-01,0.0,0.35,0.29845715868314837,0.24140210873742454,0.0,0.0,0.1101407325794276,0.0,0.0
mean_variance_band_500bp,2011-07-01,0.0,0.3499999999999998,0.23514730503615588,0.2885929416453974,0.0,0.0,0.1262597533184466,0.0,0.0
mean_variance_band_500bp,2011-08-01,0.0,0.3499999999999999,0.24256548031406336,0.29742872527096614,0.0,0.0,0.11000579441497049,0.0,0.0
mean_variance_band_500bp,2011-09-01,0.0,0.3499999999999999,0.34296229143443024,0.19885736641567103,0.0,0.0,0.08346713376635616,0.0,0.024713208383542684
mean_variance_band_500bp,2011-10-03,0.0,0.34999999999999987,0.24071332478394294,0.34999999999999987,0.0,0.0,0.059286675216057204,0.0,0.0
mean_variance_band_500bp,2011-11-01,0.0,0.34999999999999964,0.0,0.35,0.06958320417676213,0.0,0.11589625940162417,0.0,0.1145205364216134
mean_variance_band_500bp,2011-12-01,0.0,0.35,0.0,0.12242833292849024,0.110935930437035,0.0,0.2633411054630073,0.0,0.15329463117146752
mean_variance_band_500bp,2012-01-03,0.0,0.35,0.0,0.0,0.31389755943108166,0.0,0.20410327863413424,0.0,0.13199916193478375
mean_variance_band_500bp,2012-02-01,0.0,0.35,0.0,0.0,0.1598042851070169,0.0,0.28415371532919503,0.0,0.20604199956378813
mean_variance_band_500bp,2012-03-01,0.0,0.34999999999999987,0.0,0.0421461288835313,0.0,0.0,0.35,0.11257448853109049,0.14527938258537826
mean_variance_band_500bp,2012-04-02,0.0,0.3499999999999997,0.0,0.10442860175843345,0.0,0.0,0.3499999999999998,0.19557139824156664,0.0
mean_variance_band_500bp,2012-05-01,0.0,0.3499999999999999,0.0,0.1920478698232542,0.0,0.0,0.35,0.10795213017674563,0.0
mean_variance_band_500bp,2012-06-01,0.0,0.35,0.22053011025280872,0.07946988974719155,0.0,0.0,0.3499999999999999,0.0,0.0
mean_variance_band_500bp,2012-07-02,0.0,0.34999999999999987,0.23308847187509607,0.0,0.0,0.0,0.35,0.06691152812490428,0.0
mean_variance_band_500bp,2012-08-01,0.0,0.35,0.2999999999999993,0.0,0.0,0.0,0.35,0.0,0.0
mean_variance_band_500bp,2012-09-04,0.0,0.35,0.25048929302616196,0.0,0.0,0.0,0.35,0.04951070697383796,0.0
mean_variance_band_500bp,2012-10-01,0.0,0.35,0.2954210870567721,0.0,0.0,0.0,0.35,0.004578912943227464,0.0
mean_variance_band_500bp,2012-11-01,0.0,0.3499999999999999,0.0,0.29999999999999977,0.0,0.0,0.34999999999999964,0.0,0.0
mean_variance_band_500bp,2012-12-03,0.0,0.35,0.2766414276949136,0.023358572305086485,0.0,0.0,0.35,0.0,0.0
mean_variance_band_500bp,2013-01-02,0.0,0.35,0.29999999999999954,0.0,0.0,0.0,0.35,0.0,0.0
mean_variance_band_500bp,2013-02-01,0.0,0.3499999999999999,0.19549983785305167,0.0,0.0,0.0,0.35,0.10450016214694831,0.0
mean_variance_band_500bp,2013-03-01,0.0,0.28021077431699787,0.2811060304356523,0.0,0.0,0.0,0.34999999999999987,0.08868319524734992,0.0
mean_variance_band_500bp,2013-04-01,0.0,0.3142568129234355,0.3053425254907322,0.0,0.0,0.0,0.35,0.030400661585832413,0.0
mean_variance_band_500bp,2013-05-01,0.0,0.0,0.34999999999999976,0.20539542772302266,0.0,0.0,0.34999999999999976,0.09460457227697762,0.0
mean_variance_band_500bp,2013-06-03,0.0,0.0,0.26266394993275805,0.06772525435335258,0.0,0.0,0.319610795713889,0.35,0.0
mean_variance_band_500bp,2013-07-01,0.0,0.0,0.30000000000000004,0.0,0.0,0.0,0.34999999999999976,0.3499999999999999,0.0
mean_variance_band_500bp,2013-08-01,0.0,0.0,0.29999999999999855,0.0,0.0,0.0,0.35,0.3499999999999997,0.0
mean_variance_band_500bp,2013-09-03,0.0,0.018174377483558605,0.14570588795383876,0.07487691395670677,0.0612428206058957,0.0,0.35,0.3499999999999993,0.0
mean_variance_band_500bp,2013-10-01,0.0,0.0,0.3000033788469068,0.0,0.0,0.0,0.3499966211530938,0.34999999999999976,0.0
mean_variance_band_500bp,2013-11-01,0.0,0.0,0.17601175250011178,0.1613314165691923,0.0,0.0,0.31265683093069535,0.35,0.0
mean_variance_band_500bp,2013-12-02,0.0,0.0,0.06987507368778893,0.35,0.0,0.0,0.230124926312211,0.34999999999999987,0.0
mean_variance_band_500bp,2014-01-02,0.0,0.0,0.15262263796960707,0.35,0.0,0.0,0.14737736203039334,0.3499999999999996,0.0
mean_variance_band_500bp,2014-02-03,0.0,0.0,0.154771607351579,0.35,0.0,0.0,0.14522839264842044,0.3499999999999998,0.0
mean_variance_band_500bp,2014-03-03,0.0,0.0,0.14554646479108635,0.35,0.0,0.0,0.15445353520891283,0.3499999999999999,0.0
mean_variance_band_500bp,2014-04-01,0.0,0.0,0.09517169592582839,0.35,0.0,0.0,0.20482830407417116,0.3499999999999997,0.0
mean_variance_band_500bp,2014-05-01,0.0,0.0,0.1584646708891308,0.35,0.0,0.0,0.14153532911086866,0.35,0.0
mean_variance_band_500bp,2014-06-02,0.0,0.0,0.10016010918943725,0.35,0.0,0.0,0.19983989081056178,0.34999999999999926,0.0
mean_variance_band_500bp,2014-07-01,0.0,0.0,0.0,0.34999999999999987,0.0,0.0,0.3000000000000003,0.34999999999999987,0.0
mean_variance_band_500bp,2014-08-01,0.0,0.0,0.03897813894849533,0.3499999999999993,0.0,0.0,0.2610218610515072,0.35,0.0
mean_variance_band_500bp,2014-09-02,0.0,0.0,0.0,0.22599941258553016,0.0,0.07400058741446898,0.35,0.34999999999999964,0.0
mean_variance_band_500bp,2014-10-01,0.0,0.0,0.0,0.06480367188880434,0.0,0.23519632811119548,0.3499999999999999,0.35,0.0
mean_variance_band_500bp,2014-11-03,0.0,0.0,0.0,0.2927201120058946,0.0,0.007279887994105491,0.34999999999999987,0.35,0.0
mean_variance_band_500bp,2014-12-01,0.0,0.0,0.0,0.0,0.0,0.3,0.35,0.34999999999999964,0.0
mean_variance_band_500bp,2015-01-02,0.0,0.0,0.0,0.0,0.0,0.30000000000000027,0.34999999999999976,0.35,0.0
mean_variance_band_500bp,2015-02-02,0.0,0.0,0.0,0.26320313493058456,0.0,0.036796865069415194,0.35,0.35,0.0
mean_variance_band_500bp,2015-03-02,0.0,0.0,0.0,0.14656850734616816,0.0,0.15343149265383232,0.35,0.34999999999999964,0.0
mean_variance_band_500bp,2015-04-01,0.0,0.0,0.0,0.2077635413339761,0.0,0.09223645866602428,0.3499999999999994,0.35,0.0
mean_variance_band_500bp,2015-05-01,0.0,0.0,0.0,0.0,0.0,0.3000000000000003,0.35,0.3499999999999997,0.0
mean_variance_band_500bp,2015-06-01,0.0,0.0,0.0,0.0,0.0,0.35,0.3000000000000002,0.3499999999999998,0.0
mean_variance_band_500bp,2015-07-01,0.0,0.0,0.0,0.0,0.0,0.35,0.30000000000000077,0.35,0.0
mean_variance_band_500bp,2015-08-03,0.0,0.0,0.0,0.0,0.0,0.34999999999999987,0.29999999999999977,0.3499999999999999,0.0
mean_variance_band_500bp,2015-09-01,0.0,0.0,0.0,0.0,0.0,0.30988034493671957,0.34011965506327985,0.35,0.0
mean_variance_band_500bp,2015-10-01,0.0,0.0,0.15217892723357335,0.0,0.0,0.14782107276642723,0.35,0.34999999999999987,0.0
mean_variance_band_500bp,2015-11-02,0.0,0.0,0.0,0.0,0.0,0.3000000000000003,0.35,0.35,0.0
mean_variance_band_500bp,2015-12-01,0.0,0.0,0.0,0.0,0.0,0.2999999999999999,0.3499999999999997,0.35,0.0
mean_variance_band_500bp,2016-01-04,0.0,0.0,0.2368739433424455,0.0,0.0,0.06312605665755389,0.35,0.35,0.0
mean_variance_band_500bp,2016-02-01,0.0,0.0,0.3000000000000014,0.0,0.0,0.0,0.35,0.35,0.0
mean_variance_band_500bp,2016-03-01,0.0,0.0,0.29999999999999905,0.0,0.0,0.0,0.34999999999999987,0.35,0.0
mean_variance_band_500bp,2016-04-01,0.0,0.0,0.08124340585589199,0.21875659414410795,0.0,0.0,0.35,0.35,0.0
mean_variance_band_500bp,2016-05-02,0.0,0.0,0.0,0.3000000000000002,0.0,0.0,0.35,0.35,0.0
mean_variance_band_500bp,2016-06-01,0.0,0.0,0.0,0.2999999999999988,0.0,0.0,0.3499999999999996,0.35,0.0
mean_variance_band_500bp,2016-07-01,0.0,0.0,0.0,0.3,0.0,0.0,0.3499999999999998,0.3499999999999999,0.0
mean_variance_band_500bp,2016-08-01,0.0,0.0,0.0,0.29999999999999993,0.0,0.0,0.35,0.35,0.0
mean_variance_band_500bp,2016-09-01,0.0,0.0,0.0,0.3000000000000002,0.0,0.0,0.3499999999999999,0.35,0.0
mean_variance_band_500bp,2016-10-03,0.0,0.0,0.0,0.3000000000000003,0.0,0.0,0.35,0.35,0.0
mean_variance_band_500bp,2016-11-01,0.0,0.0,0.0,0.3365130764408818,0.0,0.0,0.34999999999999987,0.31348692355911856,0.0
mean_variance_band_500bp,2016-12-01,0.0,0.0,0.0,0.3000000000000005,0.0,0.0,0.3499999999999998,0.35,0.0
mean_variance_band_500bp,2017-01-03,0.0,0.0,0.049277554136947586,0.2507224458630521,0.0,0.0,0.35,0.35,0.0
mean_variance_band_500bp,2017-02-01,0.0,0.0,0.0,0.3000000000000001,0.0,0.0,0.34999999999999987,0.3499999999999999,0.0
mean_variance_band_500bp,2017-03-01,0.0,0.0,0.0,0.3000000000000006,0.0,0.0,0.35,0.34999999999999976,0.0
mean_variance_band_500bp,2017-04-03,0.0,0.0,0.012510550503463128,0.2874894494965365,0.0,0.0,0.35,0.35,0.0
mean_variance_band_500bp,2017-05-01,0.0,0.0,0.30000000000000004,0.0,0.0,0.0,0.35,0.35,0.0
mean_variance_band_500bp,2017-06-01,0.0,0.0,0.0,0.3000000000000002,0.0,0.0,0.35,0.3499999999999999,0.0
mean_variance_band_500bp,2017-07-03,0.0,0.0,0.0,0.3000000000000008,0.0,0.0,0.35,0.35,0.0
mean_variance_band_500bp,2017-08-01,0.0,0.0,0.0,0.29999999999999993,0.0,0.0,0.3499999999999999,0.35,0.0
mean_variance_band_500bp,2017-09-01,0.0,0.0,0.0,0.33268373624451536,0.0,0.0,0.3173162637554847,0.3499999999999998,0.0
mean_variance_band_500bp,2017-10-02,0.0,0.0,0.0,0.3000000000000001,0.0,0.0,0.35,0.35,0.0
mean_variance_band_500bp,2017-11-01,0.0,0.0,0.0,0.34709366129597186,0.0,0.22822364062590986,0.07468269807811743,0.3499999999999998,0.0
mean_variance_band_500bp,2017-12-01,0.0,0.0,0.0,0.3362556540365285,0.0,0.2232530132703917,0.09049133269308043,0.34999999999999987,0.0
mean_variance_band_500bp,2018-01-02,0.0,0.0,0.0,0.3,0.0,0.34999999999999987,0.0,0.3499999999999999,0.0
mean_variance_band_500bp,2018-02-01,0.0,0.026271052188154353,0.0,0.0,0.0,0.35,0.0,0.35,0.27372894781184537
mean_variance_band_500bp,2018-03-01,0.0,0.2826630411322258,0.0,0.0,0.0,0.2642163717487984,0.0,0.35,0.10312058711897536
mean_variance_band_500bp,2018-04-02,0.0,0.34909664791759093,0.0,0.0,0.0,0.012586961766685712,0.0,0.35,0.288316390315724
mean_variance_band_500bp,2018-05-01,0.0,0.30967337060917727,0.0,0.06116342289413031,0.0,0.2791632064966913,0.0,0.35,0.0
mean_variance_band_500bp,2018-06-01,0.0,0.19259169447236757,0.0,0.25605947740929624,0.0,0.20134882811833643,0.0,0.35,0.0
mean_variance_band_500bp,2018-07-02,0.0,0.028489071838491004,0.0,0.23674290185062352,0.0,0.03476802631088552,0.35,0.3499999999999999,0.0
mean_variance_band_500bp,2018-08-01,0.0,0.2552544869141873,0.0,0.05755301199474103,0.0,0.0,0.14756566262004683,0.35,0.18962683847102513
mean_variance_band_500bp,2018-09-04,0.0,0.0,0.0,0.0,0.0,0.0,0.35,0.35,0.30000000000000004
mean_variance_band_500bp,2018-10-01,0.0,0.0,0.0,0.0,0.0,0.34999999999999987,0.07490537129932381,0.35,0.22509462870067698
mean_variance_band_500bp,2018-11-01,0.0,0.15033021451175388,0.0,0.21501992041321147,0.0,0.0,0.11165250253101267,0.35,0.1729973625440217
mean_variance_band_500bp,2018-12-03,0.0,0.3268360456225156,0.0,0.0,0.0,0.0,0.08607275471705615,0.34999999999999987,0.23709119966042708
mean_variance_band_500bp,2019-01-02,0.0,0.35,0.0,0.02571294037850867,0.0,0.0,0.0,0.35,0.27428705962149147
mean_variance_band_500bp,2019-02-01,0.0,0.21979896358786602,0.0,0.0,0.0,0.0,0.08020103641213437,0.35,0.3499999999999999
mean_variance_band_500bp,2019-03-01,0.0,0.0,0.0,0.0,0.0,0.14739017922407258,0.15260982077592747,0.35,0.35
mean_variance_band_500bp,2019-04-01,0.0,0.0,0.0,0.147234058411177,0.0,0.03759172650579837,0.1151742150830247,0.35,0.3499999999999998
mean_variance_band_500bp,2019-05-01,0.0,0.0,0.0,0.05712094743326941,0.0,0.030036177482806556,0.21284287508392458,0.35,0.3499999999999998
mean_variance_band_500bp,2019-06-03,0.0,0.0,0.0,0.22780566504529914,0.0,0.0,0.07219433495470098,0.35,0.35
mean_variance_band_500bp,2019-07-01,0.0,0.0,0.0,0.0,0.0,0.35,0.0,0.3499999999999999,0.29999999999999977
mean_variance_band_500bp,2019-08-01,0.0,0.0,0.0,0.24523641510856983,0.0,0.35,0.0,0.3499999999999997,0.05476358489143049
mean_variance_band_500bp,2019-09-03,0.0,0.17541952306638928,0.0,0.35,0.0,0.0,0.12458047693361131,0.34999999999999976,0.0
mean_variance_band_500bp,2019-10-01,0.0,0.0,0.0,0.3347126472152402,0.0,0.10160048881340203,0.213686863971359,0.3499999999999999,0.0
mean_variance_band_500bp,2019-11-01,0.0,0.1555211853314755,0.0,0.0,0.0,0.14447881466852483,0.35,0.3499999999999998,0.0
mean_variance_band_500bp,2019-12-02,0.0,0.15955813864944385,0.0,0.0,0.0,0.1827761790498398,0.3076656823007158,0.35,0.0
mean_variance_band_500bp,2020-01-02,0.0,0.35,0.0,0.0,0.0,0.0,0.10162922090518979,0.34999999999999976,0.19837077909481116
mean_variance_band_500bp,2020-02-03,0.0,0.34999999999999926,0.0,0.07268378878430055,0.0,0.0,0.2273162112157004,0.3499999999999997,0.0
mean_variance_band_500bp,2020-03-02,0.0,0.3000000000000003,0.0,0.34999999999999964,0.0,0.0,0.0,0.3499999999999996,0.0
mean_variance_band_500bp,2020-04-01,0.0,0.3499999999999999,0.35,0.12097072378762046,0.0,0.0,0.0,0.1790292762123798,0.0
mean_variance_band_500bp,2020-05-01,0.0,0.35,0.35,0.0,0.0,0.0,0.0,0.3000000000000003,0.0
mean_variance_band_500bp,2020-06-01,0.0,0.3499999999999998,0.3385584087122998,0.0,0.0,0.0,0.0,0.31144159128769955,0.0
mean_variance_band_500bp,2020-07-01,0.0,0.35,0.32880236245225425,0.0,0.0,0.0,0.0,0.321197637547746,0.0
mean_variance_band_500bp,2020-08-03,0.0,0.3499999999999998,0.2999999999999996,0.0,0.0,0.0,0.0,0.35,0.0
mean_variance_band_500bp,2020-09-01,0.0,0.35,0.3000000000000004,0.0,0.0,0.0,0.0,0.35,0.0
mean_variance_band_500bp,2020-10-01,0.0,0.3499999999999998,0.29999999999999993,0.0,0.0,0.0,0.0,0.3499999999999998,0.0
mean_variance_band_500bp,2020-11-02,0.0,0.35,0.32122104614409297,0.0,0.0,0.0,0.0,0.328778953855908,0.0
mean_variance_band_500bp,2020-12-01,0.0,0.35,0.23363644627027996,0.06636355372972046,0.0,0.0,0.0,0.35,0.0
mean_variance_band_500bp,2021-01-04,0.0,0.35,0.29076375188650433,0.00923624811349577,0.0,0.0,0.0,0.3499999999999996,0.0
mean_variance_band_500bp,2021-02-01,0.0,0.34999999999999976,0.2999999999999997,0.0,0.0,0.0,0.0,0.35,0.0
mean_variance_band_500bp,2021-03-01,0.0,0.30560315664682075,0.3336978595237898,0.0,0.0,0.0,0.010698983829391039,0.34999999999999987,0.0
mean_variance_band_500bp,2021-04-01,0.0,0.35,0.21998709796739827,0.002701244195144272,0.0,0.0,0.07731165783745808,0.35,0.0
mean_variance_band_500bp,2021-05-03,0.0,0.3499999999999996,0.17607206832298755,0.0,0.0,0.0,0.12392793167701269,0.35,0.0
mean_variance_band_500bp,2021-06-01,0.0,0.35,0.07716736853539805,0.016745130513822308,0.10299674906861785,0.0,0.10309075188216188,0.34999999999999987,0.0
mean_variance_band_500bp,2021-07-01,0.0,0.35,0.0,0.2503078204541587,0.0,0.0,0.0,0.35,0.04969217954584171
mean_variance_band_500bp,2021-08-02,0.0,0.35,0.15535656697506114,0.014633643199862855,0.03369666497812986,0.0,0.09631312484694625,0.35,0.0
mean_variance_band_500bp,2021-09-01,0.0,0.3499999999999995,0.05958480362086939,0.078577893805217,0.09234054228528699,0.0,0.06949676028862738,0.3499999999999994,0.0
mean_variance_band_500bp,2021-10-01,0.0,0.35,0.0,0.0,0.2557252019380676,0.0,0.04427479806193135,0.35,0.0
mean_variance_band_500bp,2021-11-01,0.0,0.3499999999999998,0.0,0.0,0.15323503149484358,0.0,0.11644993182348153,0.3499999999999997,0.030315036681675234
mean_variance_band_500bp,2021-12-01,0.0,0.35,0.0,0.0,0.24989486066362168,0.0,0.05010513933637803,0.34999999999999976,0.0
mean_variance_band_500bp,2022-01-03,0.0,0.34999999999999987,0.0,0.0,0.021654024969932108,0.0,0.27834597503006786,0.35,0.0
mean_variance_band_500bp,2022-02-01,0.0,0.35,0.0,0.0,0.24075993763283135,0.0,0.0592400623671686,0.3499999999999998,0.0
mean_variance_band_500bp,2022-03-01,0.0,0.35,0.0,0.0,0.2999999999999993,0.0,0.0,0.34999999999999987,0.0
mean_variance_band_500bp,2022-04-01,0.0,0.3499999999999998,0.0,0.0,0.24820460821118626,0.0,0.05179539178881337,0.3499999999999999,0.0
mean_variance_band_500bp,2022-05-02,0.0,0.35,0.0,0.0,0.2619923438305643,0.0,0.03800765616943563,0.34999999999999987,0.0
mean_variance_band_500bp,2022-06-01,0.0,0.35,0.0,0.0,0.2887620606831411,0.0,0.011237939316859567,0.35,0.0
mean_variance_band_500bp,2022-07-01,0.0,0.3499999999999998,0.0,0.0,0.29999999999999993,0.0,0.0,0.3499999999999997,0.0
mean_variance_band_500bp,2022-08-01,0.0,0.3499999999999998,0.0,0.0,0.2999999999999996,0.0,0.0,0.35,0.0
mean_variance_band_500bp,2022-09-01,0.0,0.300000000000001,0.0,0.0,0.34999999999999987,0.0,0.0,0.35,0.0
mean_variance_band_500bp,2022-10-03,0.30000000000000066,0.35,0.0,0.0,0.0,0.0,0.0,0.35,0.0
mean_variance_band_500bp,2022-11-01,0.2486152757442059,0.23085171920629877,0.0,0.0,0.17053300504949492,0.0,0.0,0.35,0.0
mean_variance_band_500bp,2022-12-01,0.14630019587901563,0.35,0.0,0.0,0.15369980412098416,0.0,0.0,0.3499999999999999,0.0
mean_variance_band_500bp,2023-01-03,0.3165785426256639,0.35,0.0,0.0,0.0,0.0,0.0,0.33342145737433626,0.0
mean_variance_band_500bp,2023-02-01,0.30000000000000016,0.35,0.0,0.0,0.0,0.0,0.0,0.35,0.0
mean_variance_band_500bp,2023-03-01,0.3499999999999999,0.2847614739843722,0.0,0.0,0.0,0.01523852601562731,0.0,0.35,0.0
mean_variance_band_500bp,2023-04-03,0.0,0.3000000000000004,0.0,0.0,0.0,0.34999999999999987,0.0,0.35,0.0
mean_variance_band_500bp,2023-05-01,0.0,0.3000000000000004,0.0,0.0,0.0,0.35,0.0,0.35,0.0
mean_variance_band_500bp,2023-06-01,0.04830564288696332,0.25722602298048525,0.0,0.0,0.0,0.3444683341325513,0.0,0.34999999999999987,0.0
mean_variance_band_500bp,2023-07-03,0.22785141512700446,0.0721485848729962,0.0,0.0,0.0,0.35,0.0,0.35,0.0
mean_variance_band_500bp,2023-08-01,0.30000000000000054,0.0,0.0,0.0,0.0,0.3499999999999999,0.0,0.35,0.0
mean_variance_band_500bp,2023-09-01,0.3499999999999997,0.0,0.0,0.0,0.0,0.2999999999999999,0.0,0.34999999999999976,0.0
mean_variance_band_500bp,2023-10-02,0.35,0.0,0.0,0.0,0.0,0.2999999999999996,0.0,0.35,0.0
mean_variance_band_500bp,2023-11-01,0.3499999999999999,0.1117050474997208,0.0,0.0,0.0,0.1882949525002793,0.0,0.34999999999999976,0.0
mean_variance_band_500bp,2023-12-01,0.3269769612025958,0.32302303879740407,0.0,0.0,0.0,0.0,0.0,0.35,0.0
mean_variance_band_500bp,2024-01-02,0.35,0.21256240775135762,0.0,0.0,0.0,0.0,0.08743759224864203,0.3499999999999999,0.0
mean_variance_band_500bp,2024-02-01,0.3499999999999997,0.2999999999999993,0.0,0.0,0.0,0.0,0.0,0.34999999999999964,0.0
mean_variance_band_500bp,2024-03-01,0.30000000000000054,0.35,0.0,0.0,0.0,0.0,0.0,0.35,0.0
mean_variance_band_500bp,2024-04-01,0.3000000000000004,0.34999999999999987,0.0,0.0,0.0,0.0,0.0,0.34999999999999976,0.0
mean_variance_band_500bp,2024-05-01,0.29999999999999893,0.35,0.0,0.0,0.0,0.0,0.0,0.3499999999999999,0.0
mean_variance_band_500bp,2024-06-03,0.2999999999999999,0.35,0.0,0.0,0.0,0.0,0.0,0.35,0.0
mean_variance_band_500bp,2024-07-01,0.30000000000000016,0.3499999999999996,0.0,0.0,0.0,0.0,0.0,0.34999999999999964,0.0
mean_variance_band_500bp,2024-08-01,0.29999999999999977,0.35,0.0,0.0,0.0,0.0,0.0,0.3499999999999998,0.0
mean_variance_band_500bp,2024-09-03,0.29999999999999943,0.34999999999999976,0.0,0.0,0.0,0.0,0.0,0.35,0.0
mean_variance_band_500bp,2024-10-01,0.3000000000000003,0.35,0.0,0.0,0.0,0.0,0.0,0.34999999999999987,0.0
mean_variance_band_500bp,2024-11-01,0.30000000000000004,0.3499999999999995,0.0,0.0,0.0,0.0,0.0,0.3499999999999997,0.0
mean_variance_band_500bp,2024-12-02,0.3,0.35,0.0,0.0,0.0,0.0,0.0,0.35,0.0
mean_variance_band_500bp,2025-01-02,0.2999999999999993,0.34999999999999964,0.0,0.0,0.0,0.0,0.0,0.35,0.0
mean_variance_band_500bp,2025-02-03,0.30000000000000054,0.34999999999999976,0.0,0.0,0.0,0.0,0.0,0.34999999999999976,0.0
mean_variance_band_500bp,2025-03-03,0.2999999999999996,0.3499999999999995,0.0,0.0,0.0,0.0,0.0,0.3499999999999996,0.0
mean_variance_band_500bp,2025-04-01,0.3,0.34999999999999976,0.0,0.0,0.0,0.0,0.0,0.3499999999999996,0.0
mean_variance_band_500bp,2025-05-01,0.28244119368902043,0.34999999999999964,0.0,0.0,0.0,0.017558806310978843,0.0,0.35,0.0
mean_variance_band_500bp,2025-06-02,0.06118109453051444,0.35,0.0,0.0,0.0,0.23881890546948567,0.0,0.34999999999999987,0.0
mean_variance_band_500bp,2025-07-01,0.0,0.34999999999999964,0.0,0.0,0.0,0.30000000000000004,0.0,0.35,0.0
mean_variance_band_500bp,2025-08-01,0.0,0.35,0.0,0.0,0.0,0.3000000000000005,0.0,0.3499999999999998,0.0
mean_variance_band_500bp,2025-09-02,0.0,0.35,0.0,0.0,0.0,0.2999999999999994,0.0,0.35,0.0
mean_variance_band_500bp,2025-10-01,0.0,0.35,0.0,0.0,0.0,0.2999999999999998,0.0,0.35,0.0
mean_variance_band_500bp,2025-11-03,0.0,0.35,0.0,0.0,0.0,0.2999999999999995,0.0,0.35,0.0
mean_variance_band_500bp,2025-12-01,0.0,0.35,0.0,0.0,0.0,0.29999999999999993,0.0,0.35,0.0
mean_variance_band_750bp,2011-01-03,0.0,0.35,0.34999999999999987,0.18184065956289255,0.0,0.0,0.11815934043710752,0.0,0.0
mean_variance_band_750bp,2011-02-01,0.0,0.35,0.3363652052476756,0.18371853425078916,0.0,0.0,0.12991626050153526,0.0,0.0
mean_variance_band_750bp,2011-03-01,0.0,0.35,0.23746559635503112,0.27592410892676383,0.0,0.0,0.13661029471820513,0.0,0.0
mean_variance_band_750bp,2011-04-01,0.0,0.35,0.20030067104160262,0.34300591791741225,0.0,0.0,0.10669341104098493,0.0,0.0
mean_variance_band_750bp,2011-05-02,0.0,0.35,0.270517401007871,0.263912603737409,0.0,0.0,0.11556999525471996,0.0,0.0
mean_variance_band_750bp,2011-06-01,0.0,0.35,0.29845715868314837,0.24140210873742454,0.0,0.0,0.1101407325794276,0.0,0.0
mean_variance_band_750bp,2011-07-01,0.0,0.3499999999999998,0.23514730503615588,0.2885929416453974,0.0,0.0,0.1262597533184466,0.0,0.0
mean_variance_band_750bp,2011-08-01,0.0,0.3499999999999999,0.24256548031406336,0.29742872527096614,0.0,0.0,0.11000579441497049,0.0,0.0
mean_variance_band_750bp,2011-09-01,0.0,0.3499999999999999,0.34296229143443024,0.19885736641567103,0.0,0.0,0.08346713376635616,0.0,0.024713208383542684
mean_variance_band_750bp,2011-10-03,0.0,0.34999999999999987,0.24071332478394294,0.34999999999999987,0.0,0.0,0.059286675216057204,0.0,0.0
mean_variance_band_750bp,2011-11-01,0.0,0.34999999999999964,0.0,0.35,0.06958320417676213,0.0,0.11589625940162417,0.0,0.1145205364216134
mean_variance_band_750bp,2011-12-01,0.0,0.35,0.0,0.12242833292849024,0.110935930437035,0.0,0.2633411054630073,0.0,0.15329463117146752
mean_variance_band_750bp,2012-01-03,0.0,0.35,0.0,0.0,0.31389755943108166,0.0,0.20410327863413424,0.0,0.13199916193478375
mean_variance_band_750bp,2012-02-01,0.0,0.35,0.0,0.0,0.1598042851070169,0.0,0.28415371532919503,0.0,0.20604199956378813
mean_variance_band_750bp,2012-03-01,0.0,0.34999999999999987,0.0,0.0421461288835313,0.0,0.0,0.35,0.11257448853109049,0.14527938258537826
mean_variance_band_750bp,2012-04-02,0.0,0.3499999999999997,0.0,0.10442860175843345,0.0,0.0,0.3499999999999998,0.19557139824156664,0.0
mean_variance_band_750bp,2012-05-01,0.0,0.3499999999999999,0.0,0.1920478698232542,0.0,0.0,0.35,0.10795213017674563,0.0
mean_variance_band_750bp,2012-06-01,0.0,0.35,0.22053011025280872,0.07946988974719155,0.0,0.0,0.3499999999999999,0.0,0.0
mean_variance_band_750bp,2012-07-02,0.0,0.34999999999999987,0.23308847187509607,0.0,0.0,0.0,0.35,0.06691152812490428,0.0
mean_variance_band_750bp,2012-08-01,0.0,0.35,0.2999999999999993,0.0,0.0,0.0,0.35,0.0,0.0
mean_variance_band_750bp,2012-09-04,0.0,0.35,0.25048929302616196,0.0,0.0,0.0,0.35,0.04951070697383796,0.0
mean_variance_band_750bp,2012-10-01,0.0,0.35,0.2954210870567721,0.0,0.0,0.0,0.35,0.004578912943227464,0.0
mean_variance_band_750bp,2012-11-01,0.0,0.3499999999999999,0.0,0.29999999999999977,0.0,0.0,0.34999999999999964,0.0,0.0
mean_variance_band_750bp,2012-12-03,0.0,0.35,0.2766414276949136,0.023358572305086485,0.0,0.0,0.35,0.0,0.0
mean_variance_band_750bp,2013-01-02,0.0,0.35,0.29999999999999954,0.0,0.0,0.0,0.35,0.0,0.0
mean_variance_band_750bp,2013-02-01,0.0,0.3499999999999999,0.19549983785305167,0.0,0.0,0.0,0.35,0.10450016214694831,0.0
mean_variance_band_750bp,2013-03-01,0.0,0.28021077431699787,0.2811060304356523,0.0,0.0,0.0,0.34999999999999987,0.08868319524734992,0.0
mean_variance_band_750bp,2013-04-01,0.0,0.3142568129234355,0.3053425254907322,0.0,0.0,0.0,0.35,0.030400661585832413,0.0
mean_variance_band_750bp,2013-05-01,0.0,0.0,0.34999999999999976,0.20539542772302266,0.0,0.0,0.34999999999999976,0.09460457227697762,0.0
mean_variance_band_750bp,2013-06-03,0.0,0.0,0.26266394993275805,0.06772525435335258,0.0,0.0,0.319610795713889,0.35,0.0
mean_variance_band_750bp,2013-07-01,0.0,0.0,0.30000000000000004,0.0,0.0,0.0,0.34999999999999976,0.3499999999999999,0.0
mean_variance_band_750bp,2013-08-01,0.0,0.0,0.29999999999999855,0.0,0.0,0.0,0.35,0.3499999999999997,0.0
mean_variance_band_750bp,2013-09-03,0.0,0.018174377483558605,0.14570588795383876,0.07487691395670677,0.0612428206058957,0.0,0.35,0.3499999999999993,0.0
mean_variance_band_750bp,2013-10-01,0.0,0.0,0.3000033788469068,0.0,0.0,0.0,0.3499966211530938,0.34999999999999976,0.0
mean_variance_band_750bp,2013-11-01,0.0,0.0,0.17601175250011178,0.1613314165691923,0.0,0.0,0.31265683093069535,0.35,0.0
mean_variance_band_750bp,2013-12-02,0.0,0.0,0.06987507368778893,0.35,0.0,0.0,0.230124926312211,0.34999999999999987,0.0
mean_variance_band_750bp,2014-01-02,0.0,0.0,0.15262263796960707,0.35,0.0,0.0,0.14737736203039334,0.3499999999999996,0.0
mean_variance_band_750bp,2014-02-03,0.0,0.0,0.154771607351579,0.35,0.0,0.0,0.14522839264842044,0.3499999999999998,0.0
mean_variance_band_750bp,2014-03-03,0.0,0.0,0.14554646479108635,0.35,0.0,0.0,0.15445353520891283,0.3499999999999999,0.0
mean_variance_band_750bp,2014-04-01,0.0,0.0,0.09517169592582839,0.35,0.0,0.0,0.20482830407417116,0.3499999999999997,0.0
mean_variance_band_750bp,2014-05-01,0.0,0.0,0.1584646708891308,0.35,0.0,0.0,0.14153532911086866,0.35,0.0
mean_variance_band_750bp,2014-06-02,0.0,0.0,0.10016010918943725,0.35,0.0,0.0,0.19983989081056178,0.34999999999999926,0.0
mean_variance_band_750bp,2014-07-01,0.0,0.0,0.0,0.34999999999999987,0.0,0.0,0.3000000000000003,0.34999999999999987,0.0
mean_variance_band_750bp,2014-08-01,0.0,0.0,0.03897813894849533,0.3499999999999993,0.0,0.0,0.2610218610515072,0.35,0.0
mean_variance_band_750bp,2014-09-02,0.0,0.0,0.0,0.22599941258553016,0.0,0.07400058741446898,0.35,0.34999999999999964,0.0
mean_variance_band_750bp,2014-10-01,0.0,0.0,0.0,0.06480367188880434,0.0,0.23519632811119548,0.3499999999999999,0.35,0.0
mean_variance_band_750bp,2014-11-03,0.0,0.0,0.0,0.2927201120058946,0.0,0.007279887994105491,0.34999999999999987,0.35,0.0
mean_variance_band_750bp,2014-12-01,0.0,0.0,0.0,0.0,0.0,0.3,0.35,0.34999999999999964,0.0
mean_variance_band_750bp,2015-01-02,0.0,0.0,0.0,0.0,0.0,0.30000000000000027,0.34999999999999976,0.35,0.0
mean_variance_band_750bp,2015-02-02,0.0,0.0,0.0,0.26320313493058456,0.0,0.036796865069415194,0.35,0.35,0.0
mean_variance_band_750bp,2015-03-02,0.0,0.0,0.0,0.14656850734616816,0.0,0.15343149265383232,0.35,0.34999999999999964,0.0
mean_variance_band_750bp,2015-04-01,0.0,0.0,0.0,0.2077635413339761,0.0,0.09223645866602428,0.3499999999999994,0.35,0.0
mean_variance_band_750bp,2015-05-01,0.0,0.0,0.0,0.0,0.0,0.3000000000000003,0.35,0.3499999999999997,0.0
mean_variance_band_750bp,2015-06-01,0.0,0.0,0.0,0.0,0.0,0.35,0.3000000000000002,0.3499999999999998,0.0
mean_variance_band_750bp,2015-07-01,0.0,0.0,0.0,0.0,0.0,0.35,0.30000000000000077,0.35,0.0
mean_variance_band_750bp,2015-08-03,0.0,0.0,0.0,0.0,0.0,0.34999999999999987,0.29999999999999977,0.3499999999999999,0.0
mean_variance_band_750bp,2015-09-01,0.0,0.0,0.0,0.0,0.0,0.30988034493671957,0.34011965506327985,0.35,0.0
mean_variance_band_750bp,2015-10-01,0.0,0.0,0.15217892723357335,0.0,0.0,0.14782107276642723,0.35,0.34999999999999987,0.0
mean_variance_band_750bp,2015-11-02,0.0,0.0,0.0,0.0,0.0,0.3000000000000003,0.35,0.35,0.0
mean_variance_band_750bp,2015-12-01,0.0,0.0,0.0,0.0,0.0,0.2999999999999999,0.3499999999999997,0.35,0.0
mean_variance_band_750bp,2016-01-04,0.0,0.0,0.2368739433424455,0.0,0.0,0.06312605665755389,0.35,0.35,0.0
mean_variance_band_750bp,2016-02-01,0.0,0.0,0.3000000000000014,0.0,0.0,0.0,0.35,0.35,0.0
mean_variance_band_750bp,2016-03-01,0.0,0.0,0.29999999999999905,0.0,0.0,0.0,0.34999999999999987,0.35,0.0
mean_variance_band_750bp,2016-04-01,0.0,0.0,0.08124340585589199,0.21875659414410795,0.0,0.0,0.35,0.35,0.0
mean_variance_band_750bp,2016-05-02,0.0,0.0,0.0,0.3000000000000002,0.0,0.0,0.35,0.35,0.0
mean_variance_band_750bp,2016-06-01,0.0,0.0,0.0,0.2999999999999988,0.0,0.0,0.3499999999999996,0.35,0.0
mean_variance_band_750bp,2016-07-01,0.0,0.0,0.0,0.3,0.0,0.0,0.3499999999999998,0.3499999999999999,0.0
mean_variance_band_750bp,2016-08-01,0.0,0.0,0.0,0.29999999999999993,0.0,0.0,0.35,0.35,0.0
mean_variance_band_750bp,2016-09-01,0.0,0.0,0.0,0.3000000000000002,0.0,0.0,0.3499999999999999,0.35,0.0
mean_variance_band_750bp,2016-10-03,0.0,0.0,0.0,0.3000000000000003,0.0,0.0,0.35,0.35,0.0
mean_variance_band_750bp,2016-11-01,0.0,0.0,0.0,0.3365130764408818,0.0,0.0,0.34999999999999987,0.31348692355911856,0.0
mean_variance_band_750bp,2016-12-01,0.0,0.0,0.0,0.3000000000000005,0.0,0.0,0.3499999999999998,0.35,0.0
mean_variance_band_750bp,2017-01-03,0.0,0.0,0.049277554136947586,0.2507224458630521,0.0,0.0,0.35,0.35,0.0
mean_variance_band_750bp,2017-02-01,0.0,0.0,0.0,0.3000000000000001,0.0,0.0,0.34999999999999987,0.3499999999999999,0.0
mean_variance_band_750bp,2017-03-01,0.0,0.0,0.0,0.3000000000000006,0.0,0.0,0.35,0.34999999999999976,0.0
mean_variance_band_750bp,2017-04-03,0.0,0.0,0.012510550503463128,0.2874894494965365,0.0,0.0,0.35,0.35,0.0
mean_variance_band_750bp,2017-05-01,0.0,0.0,0.30000000000000004,0.0,0.0,0.0,0.35,0.35,0.0
mean_variance_band_750bp,2017-06-01,0.0,0.0,0.0,0.3000000000000002,0.0,0.0,0.35,0.3499999999999999,0.0
mean_variance_band_750bp,2017-07-03,0.0,0.0,0.0,0.3000000000000008,0.0,0.0,0.35,0.35,0.0
mean_variance_band_750bp,2017-08-01,0.0,0.0,0.0,0.29999999999999993,0.0,0.0,0.3499999999999999,0.35,0.0
mean_variance_band_750bp,2017-09-01,0.0,0.0,0.0,0.33268373624451536,0.0,0.0,0.3173162637554847,0.3499999999999998,0.0
mean_variance_band_750bp,2017-10-02,0.0,0.0,0.0,0.3000000000000001,0.0,0.0,0.35,0.35,0.0
mean_variance_band_750bp,2017-11-01,0.0,0.0,0.0,0.34709366129597186,0.0,0.22822364062590986,0.07468269807811743,0.3499999999999998,0.0
mean_variance_band_750bp,2017-12-01,0.0,0.0,0.0,0.3362556540365285,0.0,0.2232530132703917,0.09049133269308043,0.34999999999999987,0.0
mean_variance_band_750bp,2018-01-02,0.0,0.0,0.0,0.3,0.0,0.34999999999999987,0.0,0.3499999999999999,0.0
mean_variance_band_750bp,2018-02-01,0.0,0.026271052188154353,0.0,0.0,0.0,0.35,0.0,0.35,0.27372894781184537
mean_variance_band_750bp,2018-03-01,0.0,0.2826630411322258,0.0,0.0,0.0,0.2642163717487984,0.0,0.35,0.10312058711897536
mean_variance_band_750bp,2018-04-02,0.0,0.34909664791759093,0.0,0.0,0.0,0.012586961766685712,0.0,0.35,0.288316390315724
mean_variance_band_750bp,2018-05-01,0.0,0.30967337060917727,0.0,0.06116342289413031,0.0,0.2791632064966913,0.0,0.35,0.0
mean_variance_band_750bp,2018-06-01,0.0,0.19259169447236757,0.0,0.25605947740929624,0.0,0.20134882811833643,0.0,0.35,0.0
mean_variance_band_750bp,2018-07-02,0.0,0.028489071838491004,0.0,0.23674290185062352,0.0,0.03476802631088552,0.35,0.3499999999999999,0.0
mean_variance_band_750bp,2018-08-01,0.0,0.2552544869141873,0.0,0.05755301199474103,0.0,0.0,0.14756566262004683,0.35,0.18962683847102513
mean_variance_band_750bp,2018-09-04,0.0,0.0,0.0,0.0,0.0,0.0,0.35,0.35,0.30000000000000004
mean_variance_band_750bp,2018-10-01,0.0,0.0,0.0,0.0,0.0,0.34999999999999987,0.07490537129932381,0.35,0.22509462870067698
mean_variance_band_750bp,2018-11-01,0.0,0.15033021451175388,0.0,0.21501992041321147,0.0,0.0,0.11165250253101267,0.35,0.1729973625440217
mean_variance_band_750bp,2018-12-03,0.0,0.3268360456225156,0.0,0.0,0.0,0.0,0.08607275471705615,0.34999999999999987,0.23709119966042708
mean_variance_band_750bp,2019-01-02,0.0,0.35,0.0,0.02571294037850867,0.0,0.0,0.0,0.35,0.27428705962149147
mean_variance_band_750bp,2019-02-01,0.0,0.21979896358786602,0.0,0.0,0.0,0.0,0.08020103641213437,0.35,0.3499999999999999
mean_variance_band_750bp,2019-03-01,0.0,0.0,0.0,0.0,0.0,0.14739017922407258,0.15260982077592747,0.35,0.35
mean_variance_band_750bp,2019-04-01,0.0,0.0,0.0,0.147234058411177,0.0,0.03759172650579837,0.1151742150830247,0.35,0.3499999999999998
mean_variance_band_750bp,2019-05-01,0.0,0.0,0.0,0.05712094743326941,0.0,0.030036177482806556,0.21284287508392458,0.35,0.3499999999999998
mean_variance_band_750bp,2019-06-03,0.0,0.0,0.0,0.22780566504529914,0.0,0.0,0.07219433495470098,0.35,0.35
mean_variance_band_750bp,2019-07-01,0.0,0.0,0.0,0.0,0.0,0.35,0.0,0.3499999999999999,0.29999999999999977
mean_variance_band_750bp,2019-08-01,0.0,0.0,0.0,0.24523641510856983,0.0,0.35,0.0,0.3499999999999997,0.05476358489143049
mean_variance_band_750bp,2019-09-03,0.0,0.17541952306638928,0.0,0.35,0.0,0.0,0.12458047693361131,0.34999999999999976,0.0
mean_variance_band_750bp,2019-10-01,0.0,0.0,0.0,0.3347126472152402,0.0,0.10160048881340203,0.213686863971359,0.3499999999999999,0.0
mean_variance_band_750bp,2019-11-01,0.0,0.1555211853314755,0.0,0.0,0.0,0.14447881466852483,0.35,0.3499999999999998,0.0
mean_variance_band_750bp,2019-12-02,0.0,0.15955813864944385,0.0,0.0,0.0,0.1827761790498398,0.3076656823007158,0.35,0.0
mean_variance_band_750bp,2020-01-02,0.0,0.35,0.0,0.0,0.0,0.0,0.10162922090518979,0.34999999999999976,0.19837077909481116
mean_variance_band_750bp,2020-02-03,0.0,0.34999999999999926,0.0,0.07268378878430055,0.0,0.0,0.2273162112157004,0.3499999999999997,0.0
mean_variance_band_750bp,2020-03-02,0.0,0.3000000000000003,0.0,0.34999999999999964,0.0,0.0,0.0,0.3499999999999996,0.0
mean_variance_band_750bp,2020-04-01,0.0,0.3499999999999999,0.35,0.12097072378762046,0.0,0.0,0.0,0.1790292762123798,0.0
mean_variance_band_750bp,2020-05-01,0.0,0.35,0.35,0.0,0.0,0.0,0.0,0.3000000000000003,0.0
mean_variance_band_750bp,2020-06-01,0.0,0.3499999999999998,0.3385584087122998,0.0,0.0,0.0,0.0,0.31144159128769955,0.0
mean_variance_band_750bp,2020-07-01,0.0,0.35,0.32880236245225425,0.0,0.0,0.0,0.0,0.321197637547746,0.0
mean_variance_band_750bp,2020-08-03,0.0,0.3499999999999998,0.2999999999999996,0.0,0.0,0.0,0.0,0.35,0.0
mean_variance_band_750bp,2020-09-01,0.0,0.35,0.3000000000000004,0.0,0.0,0.0,0.0,0.35,0.0
mean_variance_band_750bp,2020-10-01,0.0,0.3499999999999998,0.29999999999999993,0.0,0.0,0.0,0.0,0.3499999999999998,0.0
mean_variance_band_750bp,2020-11-02,0.0,0.35,0.32122104614409297,0.0,0.0,0.0,0.0,0.328778953855908,0.0
mean_variance_band_750bp,2020-12-01,0.0,0.35,0.23363644627027996,0.06636355372972046,0.0,0.0,0.0,0.35,0.0
mean_variance_band_750bp,2021-01-04,0.0,0.35,0.29076375188650433,0.00923624811349577,0.0,0.0,0.0,0.3499999999999996,0.0
mean_variance_band_750bp,2021-02-01,0.0,0.34999999999999976,0.2999999999999997,0.0,0.0,0.0,0.0,0.35,0.0
mean_variance_band_750bp,2021-03-01,0.0,0.30560315664682075,0.3336978595237898,0.0,0.0,0.0,0.010698983829391039,0.34999999999999987,0.0
mean_variance_band_750bp,2021-04-01,0.0,0.35,0.21998709796739827,0.002701244195144272,0.0,0.0,0.07731165783745808,0.35,0.0
mean_variance_band_750bp,2021-05-03,0.0,0.3499999999999996,0.17607206832298755,0.0,0.0,0.0,0.12392793167701269,0.35,0.0
mean_variance_band_750bp,2021-06-01,0.0,0.35,0.07716736853539805,0.016745130513822308,0.10299674906861785,0.0,0.10309075188216188,0.34999999999999987,0.0
mean_variance_band_750bp,2021-07-01,0.0,0.35,0.0,0.2503078204541587,0.0,0.0,0.0,0.35,0.04969217954584171
mean_variance_band_750bp,2021-08-02,0.0,0.35,0.15535656697506114,0.014633643199862855,0.03369666497812986,0.0,0.09631312484694625,0.35,0.0
mean_variance_band_750bp,2021-09-01,0.0,0.3499999999999995,0.05958480362086939,0.078577893805217,0.09234054228528699,0.0,0.06949676028862738,0.3499999999999994,0.0
mean_variance_band_750bp,2021-10-01,0.0,0.35,0.0,0.0,0.2557252019380676,0.0,0.04427479806193135,0.35,0.0
mean_variance_band_750bp,2021-11-01,0.0,0.3499999999999998,0.0,0.0,0.15323503149484358,0.0,0.11644993182348153,0.3499999999999997,0.030315036681675234
mean_variance_band_750bp,2021-12-01,0.0,0.35,0.0,0.0,0.24989486066362168,0.0,0.05010513933637803,0.34999999999999976,0.0
mean_variance_band_750bp,2022-01-03,0.0,0.34999999999999987,0.0,0.0,0.021654024969932108,0.0,0.27834597503006786,0.35,0.0
mean_variance_band_750bp,2022-02-01,0.0,0.35,0.0,0.0,0.24075993763283135,0.0,0.0592400623671686,0.3499999999999998,0.0
mean_variance_band_750bp,2022-03-01,0.0,0.35,0.0,0.0,0.2999999999999993,0.0,0.0,0.34999999999999987,0.0
mean_variance_band_750bp,2022-04-01,0.0,0.3499999999999998,0.0,0.0,0.24820460821118626,0.0,0.05179539178881337,0.3499999999999999,0.0
mean_variance_band_750bp,2022-05-02,0.0,0.35,0.0,0.0,0.2619923438305643,0.0,0.03800765616943563,0.34999999999999987,0.0
mean_variance_band_750bp,2022-06-01,0.0,0.35,0.0,0.0,0.2887620606831411,0.0,0.011237939316859567,0.35,0.0
mean_variance_band_750bp,2022-07-01,0.0,0.3499999999999998,0.0,0.0,0.29999999999999993,0.0,0.0,0.3499999999999997,0.0
mean_variance_band_750bp,2022-08-01,0.0,0.3499999999999998,0.0,0.0,0.2999999999999996,0.0,0.0,0.35,0.0
mean_variance_band_750bp,2022-09-01,0.0,0.300000000000001,0.0,0.0,0.34999999999999987,0.0,0.0,0.35,0.0
mean_variance_band_750bp,2022-10-03,0.30000000000000066,0.35,0.0,0.0,0.0,0.0,0.0,0.35,0.0
mean_variance_band_750bp,2022-11-01,0.2486152757442059,0.23085171920629877,0.0,0.0,0.17053300504949492,0.0,0.0,0.35,0.0
mean_variance_band_750bp,2022-12-01,0.14630019587901563,0.35,0.0,0.0,0.15369980412098416,0.0,0.0,0.3499999999999999,0.0
mean_variance_band_750bp,2023-01-03,0.3165785426256639,0.35,0.0,0.0,0.0,0.0,0.0,0.33342145737433626,0.0
mean_variance_band_750bp,2023-02-01,0.30000000000000016,0.35,0.0,0.0,0.0,0.0,0.0,0.35,0.0
mean_variance_band_750bp,2023-03-01,0.3499999999999999,0.2847614739843722,0.0,0.0,0.0,0.01523852601562731,0.0,0.35,0.0
mean_variance_band_750bp,2023-04-03,0.0,0.3000000000000004,0.0,0.0,0.0,0.34999999999999987,0.0,0.35,0.0
mean_variance_band_750bp,2023-05-01,0.0,0.3000000000000004,0.0,0.0,0.0,0.35,0.0,0.35,0.0
mean_variance_band_750bp,2023-06-01,0.04830564288696332,0.25722602298048525,0.0,0.0,0.0,0.3444683341325513,0.0,0.34999999999999987,0.0
mean_variance_band_750bp,2023-07-03,0.22785141512700446,0.0721485848729962,0.0,0.0,0.0,0.35,0.0,0.35,0.0
mean_variance_band_750bp,2023-08-01,0.30000000000000054,0.0,0.0,0.0,0.0,0.3499999999999999,0.0,0.35,0.0
mean_variance_band_750bp,2023-09-01,0.3499999999999997,0.0,0.0,0.0,0.0,0.2999999999999999,0.0,0.34999999999999976,0.0
mean_variance_band_750bp,2023-10-02,0.35,0.0,0.0,0.0,0.0,0.2999999999999996,0.0,0.35,0.0
mean_variance_band_750bp,2023-11-01,0.3499999999999999,0.1117050474997208,0.0,0.0,0.0,0.1882949525002793,0.0,0.34999999999999976,0.0
mean_variance_band_750bp,2023-12-01,0.3269769612025958,0.32302303879740407,0.0,0.0,0.0,0.0,0.0,0.35,0.0
mean_variance_band_750bp,2024-01-02,0.35,0.21256240775135762,0.0,0.0,0.0,0.0,0.08743759224864203,0.3499999999999999,0.0
mean_variance_band_750bp,2024-02-01,0.3499999999999997,0.2999999999999993,0.0,0.0,0.0,0.0,0.0,0.34999999999999964,0.0
mean_variance_band_750bp,2024-03-01,0.30000000000000054,0.35,0.0,0.0,0.0,0.0,0.0,0.35,0.0
mean_variance_band_750bp,2024-04-01,0.3000000000000004,0.34999999999999987,0.0,0.0,0.0,0.0,0.0,0.34999999999999976,0.0
mean_variance_band_750bp,2024-05-01,0.29999999999999893,0.35,0.0,0.0,0.0,0.0,0.0,0.3499999999999999,0.0
mean_variance_band_750bp,2024-06-03,0.2999999999999999,0.35,0.0,0.0,0.0,0.0,0.0,0.35,0.0
mean_variance_band_750bp,2024-07-01,0.30000000000000016,0.3499999999999996,0.0,0.0,0.0,0.0,0.0,0.34999999999999964,0.0
mean_variance_band_750bp,2024-08-01,0.29999999999999977,0.35,0.0,0.0,0.0,0.0,0.0,0.3499999999999998,0.0
mean_variance_band_750bp,2024-09-03,0.29999999999999943,0.34999999999999976,0.0,0.0,0.0,0.0,0.0,0.35,0.0
mean_variance_band_750bp,2024-10-01,0.3000000000000003,0.35,0.0,0.0,0.0,0.0,0.0,0.34999999999999987,0.0
mean_variance_band_750bp,2024-11-01,0.30000000000000004,0.3499999999999995,0.0,0.0,0.0,0.0,0.0,0.3499999999999997,0.0
mean_variance_band_750bp,2024-12-02,0.3,0.35,0.0,0.0,0.0,0.0,0.0,0.35,0.0
mean_variance_band_750bp,2025-01-02,0.2999999999999993,0.34999999999999964,0.0,0.0,0.0,0.0,0.0,0.35,0.0
mean_variance_band_750bp,2025-02-03,0.30000000000000054,0.34999999999999976,0.0,0.0,0.0,0.0,0.0,0.34999999999999976,0.0
mean_variance_band_750bp,2025-03-03,0.2999999999999996,0.3499999999999995,0.0,0.0,0.0,0.0,0.0,0.3499999999999996,0.0
mean_variance_band_750bp,2025-04-01,0.3,0.34999999999999976,0.0,0.0,0.0,0.0,0.0,0.3499999999999996,0.0
mean_variance_band_750bp,2025-05-01,0.28244119368902043,0.34999999999999964,0.0,0.0,0.0,0.017558806310978843,0.0,0.35,0.0
mean_variance_band_750bp,2025-06-02,0.06118109453051444,0.35,0.0,0.0,0.0,0.23881890546948567,0.0,0.34999999999999987,0.0
mean_variance_band_750bp,2025-07-01,0.0,0.34999999999999964,0.0,0.0,0.0,0.30000000000000004,0.0,0.35,0.0
mean_variance_band_750bp,2025-08-01,0.0,0.35,0.0,0.0,0.0,0.3000000000000005,0.0,0.3499999999999998,0.0
mean_variance_band_750bp,2025-09-02,0.0,0.35,0.0,0.0,0.0,0.2999999999999994,0.0,0.35,0.0
mean_variance_band_750bp,2025-10-01,0.0,0.35,0.0,0.0,0.0,0.2999999999999998,0.0,0.35,0.0
mean_variance_band_750bp,2025-11-03,0.0,0.35,0.0,0.0,0.0,0.2999999999999995,0.0,0.35,0.0
mean_variance_band_750bp,2025-12-01,0.0,0.35,0.0,0.0,0.0,0.29999999999999993,0.0,0.35,0.0
target_return_monthly,2011-01-03,0.32132148860226567,0.14557024329659843,0.33579534740602285,0.13128839869267192,0.021443711930249756,0.0,0.0445808100721913,0.0,0.0
target_return_monthly,2011-02-01,0.20002461344008293,0.16464440802553823,0.35,0.17899327362171719,0.04483542333232261,0.0,0.06150228158033916,0.0,0.0
target_return_monthly,2011-03-01,0.22201970451848652,0.149613176982076,0.35,0.18540509990321702,0.033448502647504326,0.0,0.05951351594871622,0.0,0.0
target_return_monthly,2011-04-01,0.24760455002051895,0.17539118403855658,0.28317073227882794,0.1795579204185987,0.06817915626444133,0.0,0.04609645697905651,0.0,0.0
target_return_monthly,2011-05-02,0.34711422768879874,0.14835871925081784,0.25078403528271914,0.13577803736668234,0.08037321857660314,0.0,0.03759176183437891,0.0,0.0
target_return_monthly,2011-06-01,0.35,0.11858606992717703,0.3067245275614277,0.13675435568435346,0.05207497752882808,0.0,0.03586006929821384,0.0,0.0
target_return_monthly,2011-07-01,0.317365481302354,0.12355595424601773,0.3217438334361484,0.1528603482920663,0.04282712333160464,0.0,0.041647259391809036,0.0,0.0
target_return_monthly,2011-08-01,0.35,0.09644494413018663,0.2683690027360178,0.12225065195120326,0.1266511509635002,0.0,0.027345296937347597,0.003294749953253385,0.005644203328491331
target_return_monthly,2011-09-01,0.35,0.07769127447652817,0.2921915857257558,0.0920783587051552,0.12873641946192885,0.0,0.006584414580962101,0.051243180542856634,0.0014747665068133606
target_return_monthly,2011-10-03,0.35,0.06031410455971734,0.25303482138931127,0.15493672190495283,0.1276624108843934,0.0,0.0030201085100531135,0.051031832751572116,0.0
target_return_monthly,2011-11-01,0.35,0.0,0.35,0.000802315801953654,0.20931068227420235,0.014201239777763516,0.0,0.07568576214608062,0.0
target_return_monthly,2011-12-01,0.35,0.007465814706430533,0.24891814854472297,0.10782053751795596,0.1976446369589353,0.0,0.0,0.08815086227195527,0.0
target_return_monthly,2012-01-03,0.35,0.05334965312683454,0.08593661664626165,0.13849447801345763,0.2838769915067482,0.0,0.0,0.08834226070669812,0.0
target_return_monthly,2012-02-01,0.35,0.0,0.19252961534038987,0.1340240798091361,0.2392514613354805,0.0,0.0,0.08419484351499394,0.0
target_return_monthly,2012-03-01,0.35,0.0,0.2850882224816943,0.07331745560755615,0.2236722540998556,0.03134636806645841,0.0,0.03657569974443571,0.0
target_return_monthly,2012-04-02,0.35,0.0046437271741192766,0.1543103763178827,0.1296726032040747,0.2622801676012115,0.0,0.0,0.09909312570271187,0.0
target_return_monthly,2012-05-01,0.35,0.0,0.1945911887525406,0.08984649903957723,0.26863976286855706,0.0,0.0,0.09692254933932534,0.0
target_return_monthly,2012-06-01,0.35,0.005637037141506251,0.18272285538706115,0.11485207797263991,0.23857858792764639,0.0,0.0,0.10820944157114633,0.0
target_return_monthly,2012-07-02,0.35,0.001641974315215428,0.19785284993799077,0.10607433448854135,0.23497687847559862,0.0,0.0,0.10945396278265404,0.0
target_return_monthly,2012-08-01,0.35,0.009391185180244482,0.21384413390265672,0.09938120690592829,0.21513436069029573,0.0,0.002659039934924166,0.10959007338595077,0.0
target_return_monthly,2012-09-04,0.35,0.018622361413333403,0.2224338194146051,0.09841240666853984,0.19430273048405344,0.0,0.01113126223793588,0.10509741978153232,0.0
target_return_monthly,2012-10-01,0.34500373583921534,0.03984455735086881,0.23759740544790411,0.09939598966148792,0.15947888485437176,0.0,0.019264497969487728,0.09941492887666435,0.0
target_return_monthly,2012-11-01,0.3467175387959679,0.031186817394218434,0.1948459534422945,0.17250678064644706,0.14543451807627664,0.0,0.026845569284479547,0.08246282236031599,0.0
target_return_monthly,2012-12-03,0.274447834980393,0.022324800564825782,0.2504235268089569,0.1515224369854701,0.1687182585655936,0.0,0.032868996471667765,0.09969414562309296,0.0
target_return_monthly,2013-01-02,0.3036082751498699,0.02761951864418997,0.2765524430505121,0.14254532655077157,0.1248952199135033,0.0,0.018092630585877303,0.10668658610527597,0.0
target_return_monthly,2013-02-01,0.30732075733884734,0.029769918442395963,0.2916279854520668,0.11421481941399023,0.11670513431738672,0.0,0.01923820292788288,0.12112318210743006,0.0
target_return_monthly,2013-03-01,0.2907613019538726,0.01543674604410355,0.2669318738824264,0.12741159717967057,0.15925110943152634,0.0,0.013628271811083182,0.1265790996973172,0.0
target_return_monthly,2013-04-01,0.29333685384086566,0.018497975721388612,0.3105812026911876,0.08879481264058828,0.14431952602836912,0.0,0.0,0.1444696290776008,0.0
target_return_monthly,2013-05-01,0.2823712069861243,0.0,0.3274618660864271,0.11967754099124851,0.1239403489334819,0.0,0.00029835293016849707,0.1462506840725498,0.0
target_return_monthly,2013-06-03,0.2530185706662144,0.0,0.30282642417892613,0.16602035784571567,0.10468439044644022,0.0,0.0,0.17345025686270363,0.0
target_return_monthly,2013-07-01,0.17220143633440033,0.0,0.35,0.14373548839300085,0.10918640720359188,0.0,0.0,0.22487666806900708,0.0
target_return_monthly,2013-08-01,0.2021726331135027,0.0,0.35,0.05383643131607275,0.16060284768236635,0.0,0.0,0.2333880878880583,0.0
target_return_monthly,2013-09-03,0.17189267901115274,0.0,0.35,0.02893854696994595,0.1741702262616427,0.0,0.0,0.2749985477572587,0.0
target_return_monthly,2013-10-01,0.11270555293146417,0.0,0.3499999999999999,0.04868016497997732,0.2010208806191271,0.0,0.0,0.28759340146943146,0.0
target_return_monthly,2013-11-01,0.1370359515691859,0.0,0.35,0.15699845099470283,0.08547885825924709,0.0,0.0,0.2704867391768643,0.0
target_return_monthly,2013-12-02,0.15798341662451856,0.0,0.35,0.17572943852181144,0.0600582722956585,0.0,0.0,0.25622887255801147,0.0
target_return_monthly,2014-01-02,0.13022532103713044,0.0,0.35,0.232927924816518,0.04573225446957915,0.0,0.0,0.2411144996767726,0.0
target_return_monthly,2014-02-03,0.11167359227157729,0.0,0.35,0.25328023363690305,0.05886979168976238,0.0,0.0,0.22617638240175716,0.0
target_return_monthly,2014-03-03,0.1483959827525278,0.0,0.35,0.26923018058159615,0.016443230893413693,0.0,0.0,0.21593060577246226,0.0
target_return_monthly,2014-04-01,0.1559086941151633,0.0,0.35,0.2752991902933159,0.0,0.0,0.0,0.21879211559152084,0.0
target_return_monthly,2014-05-01,0.10937870056030373,0.0,0.35,0.3198349870903358,0.0,0.0,0.0,0.2207863123493603,0.0
target_return_monthly,2014-06-02,0.13811443121860068,0.0,0.35,0.2855002877757727,0.0019098187448958262,0.0,0.0,0.2244754622607309,0.0
target_return_monthly,2014-07-01,0.18085549609232607,0.0,0.35,0.24153263679383313,0.0,0.0,0.0,0.2276118671138408,0.0
target_return_monthly,2014-08-01,0.13553811965242976,0.0,0.35,0.27640290887223185,0.0,0.0,0.0,0.23805897147533836,0.0
target_return_monthly,2014-09-02,0.28375265930296645,0.0,0.22999452126407377,0.26523346314890683,0.0,0.0,0.0,0.22101935628405306,0.0
target_return_monthly,2014-10-01,0.26361469564393,0.0,0.23479775761734173,0.24416422192210638,0.0,0.0,0.0,0.25742332481662206,0.0
target_return_monthly,2014-11-03,0.2106494900511137,0.0,0.35,0.15276402716597093,0.0,0.0,0.0,0.2865864827829154,0.0
target_return_monthly,2014-12-01,0.35,0.0,0.1753058872882125,0.2535445934018959,0.0,0.0,0.0,0.2211495193098917,0.0
target_return_monthly,2015-01-02,0.3037431484155815,0.0,0.1726433715872135,0.2564582826118751,0.0,0.0,0.0,0.2671551973853303,0.0
target_return_monthly,2015-02-02,0.20366401794403372,0.0,0.25983054111609954,0.26425805451741674,0.0,0.0,0.0,0.27224738642245006,0.0
target_return_monthly,2015-03-02,0.21219188001620648,0.0,0.2510574267829054,0.24166423861102118,0.0,0.0,0.0,0.295086454589867,0.0
target_return_monthly,2015-04-01,0.16767803033348,0.0,0.32376986410564174,0.2064271726467953,0.0,0.0,0.0,0.30212493291408293,0.0
target_return_monthly,2015-05-01,0.1796275772900618,0.0,0.25446609583080043,0.24558073383574933,0.0,0.0,0.0,0.32032559304338853,0.0
target_return_monthly,2015-06-01,0.2931461570195215,0.0,0.19242171100474958,0.20619959323262044,0.0,0.0,0.0,0.3082325387431084,0.0
target_return_monthly,2015-07-01,0.30375196824201256,0.0,0.1910336487344445,0.1552143830235427,0.0,0.0,0.0,0.3499999999999999,0.0
target_return_monthly,2015-08-03,0.21208843442904435,0.0,0.28146542135816915,0.12434431020373295,0.0,0.03210183400905402,0.0,0.3499999999999999,0.0
target_return_monthly,2015-09-01,0.0,0.0,0.35,0.17282860125280686,0.0,0.09326739648260549,0.03390400226458691,0.35,0.0
target_return_monthly,2015-10-01,0.0,0.0,0.35,0.13707072343059493,0.0,0.0,0.16292927656940506,0.34999999999999937,0.0
target_return_monthly,2015-11-02,0.2275960917708244,0.0,0.34999999999999976,0.004852464689173178,0.0,0.0,0.06755144354000303,0.3499999999999999,0.0
target_return_monthly,2015-12-01,0.1908941689032313,0.0,0.34999999999999987,0.03161337803854335,0.0,0.0,0.07749245305822551,0.3499999999999999,0.0
target_return_monthly,2016-01-04,0.17584656288181205,0.0,0.35,0.0004074946723682388,0.0,0.0,0.12374594244581974,0.3499999999999999,0.0
target_return_monthly,2016-02-01,0.0,0.0,0.35,0.059350287554651146,0.0,0.0,0.24064971244534894,0.35,0.0
target_return_monthly,2016-03-01,0.0,0.0,0.35,0.053489549303277255,0.0,0.0,0.24651045069672278,0.35,0.0
target_return_monthly,2016-04-01,0.0,0.0,0.35,0.18321949177182914,0.0,0.0,0.11678050822817096,0.35,0.0
target_return_monthly,2016-05-02,0.0,0.0,0.07670318014782562,0.35,0.0,0.0,0.22329681985217467,0.3499999999999999,0.0
target_return_monthly,2016-06-01,0.0,0.0,0.35,0.1490388951203163,0.0,0.0,0.15096110487968395,0.35,0.0
target_return_monthly,2016-07-01,0.03317717164173799,0.0,0.35,0.35,0.0,0.0,0.006026933791627071,0.2607958945666351,0.0
target_return_monthly,2016-08-01,0.043275267039610155,0.0,0.35,0.35,0.0,0.0,0.01873125591978317,0.23799347704060664,0.0
target_return_monthly,2016-09-01,0.09520383034417712,0.0,0.35,0.31753164393680805,0.0,0.0,0.017979219835664053,0.21928530588335077,0.0
target_return_monthly,2016-10-03,0.029081399071348917,0.0,0.3499999999999999,0.35,0.0,0.0,0.03847834240780015,0.23244025852085107,0.0
target_return_monthly,2016-11-01,0.0,0.0,0.1923020890267503,0.35,0.0,0.0,0.23084596235132468,0.226851948621925,0.0
target_return_monthly,2016-12-01,0.0,0.0,0.18236948175404694,0.35,0.0,0.0,0.23203928554989453,0.2355912326960587,0.0
target_return_monthly,2017-01-03,0.0,0.0,0.35,0.25054850722488964,0.0,0.0,0.20969829284418465,0.18975319993092574,0.0
target_return_monthly,2017-02-01,0.0,0.0,0.3170507457405725,0.21021766809351689,0.0,0.0,0.14672146919680282,0.32601011696910764,0.0
target_return_monthly,2017-03-01,0.0,0.0,0.3258499577759264,0.1815120443344632,0.0,0.0,0.14292408681319732,0.3497139110764129,0.0
target_return_monthly,2017-04-03,0.0,0.0,0.35,0.11523756911742766,0.0,0.0,0.18476243088257235,0.35,0.0
target_return_monthly,2017-05-01,0.0,0.0,0.34999999999999964,0.1409681452054493,0.0,0.0,0.15903185479455048,0.35,0.0
target_return_monthly,2017-06-01,0.0,0.0,0.0682196242383392,0.35,0.0,0.0,0.23178037576166088,0.35,0.0
target_return_monthly,2017-07-03,0.0,0.0,0.04493961932464792,0.35,0.0,0.0,0.2550603806753522,0.35,0.0
target_return_monthly,2017-08-01,0.0,0.0,0.10947439732103853,0.35,0.0,0.0,0.19052560267896151,0.35,0.0
target_return_monthly,2017-09-01,0.0,0.0,0.03058512731153676,0.3499999999999999,0.0,0.0,0.2694148726884634,0.35,0.0
target_return_monthly,2017-10-02,0.0,0.0,0.19403462336560479,0.3499999999999999,0.0,0.0,0.10596537663439522,0.35,0.0
target_return_monthly,2017-11-01,0.0,0.030538644433597915,0.08682932412095662,0.35,0.0,0.1415648655695465,0.04106716587589904,0.35,0.0
target_return_monthly,2017-12-01,0.0,0.032666981812113895,0.05970511068081879,0.35,0.0,0.14619158725103265,0.061436320256034564,0.35,0.0
target_return_monthly,2018-01-02,0.0,0.10205321162403376,0.06048669914818534,0.35,0.0,0.1374600892277808,0.0,0.35,0.0
target_return_monthly,2018-02-01,0.11805964387457661,0.08040068020390376,0.0,0.35,0.0,0.10153967592151977,0.0,0.35,0.0
target_return_monthly,2018-03-01,0.0,0.24722057023272337,0.0,0.12010412953992193,0.0,0.21776845312823911,0.0,0.3499999999999999,0.06490684709911573
target_return_monthly,2018-04-02,0.0,0.3038492797563024,0.0,0.14297305629976878,0.0,0.0260817544660513,0.0,0.35,0.17709590947787765
target_return_monthly,2018-05-01,0.0,0.201625719795276,0.0,0.0,0.0,0.34999999999999987,0.0,0.35,0.09837428020472351
target_return_monthly,2018-06-01,0.0,0.24899881321644018,0.0,0.05064060882801047,0.0,0.3281012992408264,0.022259278714723024,0.35,0.0
target_return_monthly,2018-07-02,0.0,0.09826153339987574,0.0,0.35,0.027019472290164517,0.0,0.17471899430995966,0.35,0.0
target_return_monthly,2018-08-01,0.0,0.2177694291547189,0.0,0.35,0.012118597721656956,0.007329342096438816,0.04809504109335486,0.3499999999999999,0.014687589933830791
target_return_monthly,2018-09-04,0.18230267120652457,0.01288803519145028,0.0,0.2970878525860822,0.1736530256825245,0.0,0.0,0.3340684153334184,0.0
target_return_monthly,2018-10-01,0.2524828303460983,0.031012947576276238,0.0,0.20414557241222714,0.17389175538549417,0.0,0.0,0.33846689427990406,0.0
target_return_monthly,2018-11-01,0.0,0.1706109290720889,0.0,0.09079707002166991,0.0,0.0,0.15385854087065542,0.35,0.23473346003558587
target_return_monthly,2018-12-03,0.04510462041756356,0.3271326332949182,0.0,0.1218801095795847,0.00849583623678099,0.0,0.08914918763091534,0.35,0.05823761284023734
target_return_monthly,2019-01-02,0.0,0.35,0.0,0.180689792818733,0.0,0.0,0.0,0.3499999999999999,0.11931020718126722
target_return_monthly,2019-02-01,0.18967531330554427,0.13772127895668243,0.0,0.35,0.0,0.0,0.0,0.3226034077377735,0.0
target_return_monthly,2019-03-01,0.20431749579901623,0.05227459741676445,0.0,0.3499999999999999,0.04172106790129323,0.0,0.0,0.35,0.0016868388829261527
target_return_monthly,2019-04-01,0.025482576982535008,0.0,0.0,0.35,0.22246815015337226,0.0,0.0,0.35,0.05204927286409277
target_return_monthly,2019-05-01,0.0034122471919399017,0.0,0.0,0.35,0.24990502937308723,0.0,0.0,0.35,0.046682723434973
target_return_monthly,2019-06-03,0.0,0.02980490140584127,0.0,0.35,0.16595704922514593,0.0,0.00683539738421406,0.35,0.09740265198479849
target_return_monthly,2019-07-01,0.2357188723220503,0.0,0.0,0.35,0.0894517689008718,0.0,0.0,0.324829358777078,0.0
target_return_monthly,2019-08-01,0.0,0.0,0.0,0.34999999999999987,0.20421332927348507,0.09578667072651509,0.0,0.35,0.0
target_return_monthly,2019-09-03,0.0,0.1123286091592201,0.18767139084077997,0.35,0.0,0.0,0.0,0.35,0.0
target_return_monthly,2019-10-01,0.0,0.06356314440336239,0.2217634411216732,0.35,0.0,0.0,0.014673414474964232,0.35,0.0
target_return_monthly,2019-11-01,0.11853715250072692,0.06613032017559284,0.18350614239085017,0.35,0.0,0.0,0.0,0.28182638493283024,0.0
target_return_monthly,2019-12-02,0.1347385545157297,0.048799476558822934,0.23165225710750925,0.35,0.0,0.0,0.0,0.23480971181793817,0.0
target_return_monthly,2020-01-02,0.2316914106012825,0.10959829216014375,0.10779428017624919,0.35,0.0,0.0,0.0,0.20091601706232456,0.0
target_return_monthly,2020-02-03,0.20085544083325638,0.07214921258730475,0.1992588362187629,0.3450711750052016,0.0,0.0,0.0,0.1826653353554744,0.0
target_return_monthly,2020-03-02,0.02894590488889914,0.07572367025946278,0.35,0.35,0.0,0.0,0.0,0.19533042485163798,0.0
target_return_monthly,2020-04-01,0.0,0.35,0.35,0.0016899058461657403,0.0,0.0,0.0,0.2983100941538343,0.0
target_return_monthly,2020-05-01,0.1275880748538366,0.23340719183185324,0.35,0.028314991846900603,0.10717563886917818,0.0,0.0,0.1535141025982314,0.0
target_return_monthly,2020-06-01,0.18190168228918868,0.20389117163755432,0.35,0.00826989035239829,0.11010522334273899,0.0,0.0,0.14583203237811973,0.0
target_return_monthly,2020-07-01,0.21995015030855233,0.1928910869651892,0.35,0.0,0.10680325375560384,0.0,0.0,0.13035550897065462,0.0
target_return_monthly,2020-08-03,0.30703913683798123,0.14802675781353333,0.35,0.0,0.08795131036743882,0.0,0.0,0.10698279498104676,0.0
target_return_monthly,2020-09-01,0.27706892210738676,0.12671625293894828,0.35,0.0,0.11949848917649379,0.0,0.0,0.12671633577717112,0.0
target_return_monthly,2020-10-01,0.2410605536257939,0.14057281361363147,0.35,0.0,0.1470064490990846,0.0,0.0,0.12136018366149015,0.0
target_return_monthly,2020-11-02,0.21270687152227633,0.16838556128720913,0.35,0.0,0.15019407829005563,0.0,0.0,0.11871348890045905,0.0
target_return_monthly,2020-12-01,0.19071722592310797,0.11038705071722092,0.35,0.0,0.20677109495850934,0.0,0.0,0.14212462840116186,0.0
target_return_monthly,2021-01-04,0.24973613236607056,0.11216644857218969,0.35,0.0,0.16164895858265824,0.0,0.0,0.1264484604790817,0.0
target_return_monthly,2021-02-01,0.17095088356465715,0.09651346946784836,0.3499999999999999,0.0,0.25076099697342213,0.0,0.0,0.1317746499940725,0.0
target_return_monthly,2021-03-01,0.16248649017467737,0.0684720642658538,0.35,0.0,0.2648068719781444,0.0,0.0,0.15423457358132442,0.0
target_return_monthly,2021-04-01,0.18435603961016725,0.06359270652484933,0.35,0.0,0.22981890790333812,0.0,0.0,0.17223234596164533,0.0
target_return_monthly,2021-05-03,0.25574086093950127,0.05499387098522925,0.35,0.0,0.19161161213277889,0.0,0.0,0.14765365594249072,0.0
target_return_monthly,2021-06-01,0.26128233790166316,0.08572087728665864,0.35,0.0,0.16849356578314328,0.0,0.0,0.13450321902853496,0.0
target_return_monthly,2021-07-01,0.26680687819147514,0.0679360167751077,0.35,0.0,0.17846107729368987,0.0,0.0,0.13679602773972716,0.0
target_return_monthly,2021-08-02,0.30299613954043453,0.05752468747986955,0.35,0.0,0.17436286937989698,0.0,0.0,0.11511630359979907,0.0
target_return_monthly,2021-09-01,0.28456208336893957,0.07059479220702725,0.35,0.0,0.17507924535792116,0.0,0.0,0.1197638790661121,0.0
target_return_monthly,2021-10-01,0.24537767979540429,0.0729957142273057,0.35,0.0,0.20883651062512687,0.0,0.0,0.12279009535216319,0.0
target_return_monthly,2021-11-01,0.3280086099729111,0.03834173432687198,0.30512528657661175,0.0,0.20823470168846564,0.0,0.0,0.12028966743513964,0.0
target_return_monthly,2021-12-01,0.317683996388442,0.03899163861706812,0.28848687006292967,0.0,0.23848248531952967,0.0,0.0,0.1163550096120305,0.0
target_return_monthly,2022-01-03,0.35,0.03138616415541951,0.25568280237055097,0.0,0.23685950423897886,0.0,0.0,0.12607152923505074,0.0
target_return_monthly,2022-02-01,0.24391383008243067,0.05549227233013274,0.243940635678162,0.0,0.3048761906099533,0.0,0.0,0.15177707129932125,0.0
target_return_monthly,2022-03-01,0.260467700850937,0.09406316481384172,0.1935878702994538,0.0,0.31993278193525976,0.0,0.0,0.13194848210050777,0.0
target_return_monthly,2022-04-01,0.33938325311418627,0.14594298478649373,0.04784931525281981,0.0,0.3311838560887261,0.0,0.0,0.13564059075777404,0.0
target_return_monthly,2022-05-02,0.30776147797246267,0.21014433842121685,0.0,0.0,0.35,0.0,0.0,0.13209418360632041,0.0
target_return_monthly,2022-06-01,0.3059425071390433,0.2108511628077768,0.0,0.0,0.3139443940144077,0.0,0.0,0.16926193603877218,0.0
target_return_monthly,2022-07-01,0.12852654697264157,0.35,0.0,0.0,0.30683730108494356,0.0,0.0,0.21463615194241487,0.0
target_return_monthly,2022-08-01,0.1675320306777102,0.23588946639492403,0.0,0.0,0.3499999999999999,0.0,0.0,0.24657850292736588,0.0
target_return_monthly,2022-09-01,0.0720785873237478,0.2279214126762522,0.0,0.0,0.35,0.0,0.0,0.3499999999999999,0.0
target_return_monthly,2022-10-03,0.0,0.35,0.0,0.0,0.0,0.0,0.30000000000000004,0.35,0.0
target_return_monthly,2022-11-01,0.0,0.35,0.0,0.0,0.0,0.0,0.30000000000000004,0.35,0.0
target_return_monthly,2022-12-01,0.26449096915363574,0.35,0.0,0.0,0.059653850715224124,0.0,0.0,0.32585518013114,0.0
target_return_monthly,2023-01-03,0.0,0.35,0.0,0.0,0.07060773178402872,0.2293922682159713,0.0,0.35,0.0
target_return_monthly,2023-02-01,0.27492620567882897,0.34999999999999987,0.0,0.0,0.025073794321171326,0.0,0.0,0.3499999999999999,0.0
target_return_monthly,2023-03-01,0.2950899164079145,0.3008249784672029,0.0,0.0,0.0,0.05408510512488251,0.0,0.35,0.0
target_return_monthly,2023-04-03,0.35,0.1621274274122132,0.0,0.0,0.2269501191852379,0.0,0.0,0.26092245340254916,0.0
target_return_monthly,2023-05-01,0.3499999999999999,0.18052966274707707,0.0,0.0,0.09810729008221039,0.08590448916040112,0.0,0.28545855801031167,0.0
target_return_monthly,2023-06-01,0.3499999999999999,0.20283672193545274,0.0,0.0,0.0,0.09716327806454733,0.0,0.35,0.0
target_return_monthly,2023-07-03,0.35,0.14707309656296924,0.0,0.0,0.07453025488479212,0.07839664855223878,0.0,0.35,0.0
target_return_monthly,2023-08-01,0.35,0.027000470517503074,0.0,0.0,0.11544232132054404,0.15755720816195296,0.0,0.35,0.0
target_return_monthly,2023-09-01,0.24713874677447542,0.0,0.0,0.0,0.0,0.35,0.052861253225524735,0.35,0.0
target_return_monthly,2023-10-02,0.09682769254847166,0.0,0.0,0.0,0.0,0.3499999999999999,0.20317230745152848,0.35,0.0
target_return_monthly,2023-11-01,0.0,0.12669981775148526,0.0,0.0,0.0,0.35,0.17330018224851407,0.35,0.0
target_return_monthly,2023-12-01,0.0,0.35,0.0,0.0,0.0,0.0,0.30000000000000004,0.35,0.0
target_return_monthly,2024-01-02,0.03669627071731894,0.27590770944259074,0.0,0.0,0.0,0.0,0.3373960198400904,0.35,0.0
target_return_monthly,2024-02-01,0.0,0.0,0.0,0.0,0.0,0.30000000000000004,0.35,0.35,0.0
target_return_monthly,2024-03-01,0.17540231573127318,0.35,0.0,0.0,0.0,0.12459768426872696,0.0,0.35,0.0
target_return_monthly,2024-04-01,0.3499999999999999,0.35,0.0,0.0,0.016988891096764887,0.0,0.0,0.2830111089032352,0.0
target_return_monthly,2024-05-01,0.0,0.35,0.0,0.0,0.0,0.30000000000000004,0.0,0.35,0.0
target_return_monthly,2024-06-03,0.0,0.35,0.0,0.0,0.0,0.30000000000000004,0.0,0.35,0.0
target_return_monthly,2024-07-01,0.3499999999999999,0.35,0.0,0.0,0.010612077692668658,0.0,0.0,0.2893879223073316,0.0
target_return_monthly,2024-08-01,0.35,0.35,0.0,0.0,0.05466288704532728,0.0,0.0,0.24533711295467303,0.0
target_return_monthly,2024-09-03,0.35,0.35,0.0,0.0,0.07619426640164603,0.0,0.0,0.223805733598354,0.0
target_return_monthly,2024-10-01,0.35,0.31271486327624326,0.0,0.0,0.19201178748934628,0.0,0.0,0.14527334923441054,0.0
target_return_monthly,2024-11-01,0.35,0.3298244934451647,0.0,0.0,0.18382738839298332,0.0,0.0,0.1363481181618521,0.0
target_return_monthly,2024-12-02,0.35,0.3033625813826008,0.0,0.0,0.18447914584651842,0.0,0.0,0.1621582727708807,0.0
target_return_monthly,2025-01-02,0.35,0.34242379150639657,0.0,0.0,0.142587748915989,0.0,0.0,0.1649884595776145,0.0
target_return_monthly,2025-02-03,0.35,0.24744427159926863,0.0,0.0,0.24654340344582798,0.0,0.0,0.1560123249549033,0.0
target_return_monthly,2025-03-03,0.34999999999999987,0.23786970966639137,0.0,0.0,0.24638003967944735,0.0,0.0,0.16575025065416144,0.0
target_return_monthly,2025-04-01,0.35,0.28524703901842224,0.0,0.0,0.2556674648984592,0.0,0.0,0.10908549608311847,0.0
target_return_monthly,2025-05-01,0.3499999999999999,0.23118776321496048,0.0,0.0,0.34458833909615527,0.0,0.0,0.07422389768888418,0.0
target_return_monthly,2025-06-02,0.35,0.17409250234387497,0.0209736302859377,0.0,0.35,0.0,0.0,0.10493386737018733,0.0
target_return_monthly,2025-07-01,0.35,0.12942591312711088,0.06382575152216527,0.0,0.35,0.0,0.0,0.10674833535072376,0.0
target_return_monthly,2025-08-01,0.35,0.12933511418464685,0.0674685667157579,0.0,0.3499999999999999,0.0,0.0,0.10319631909959531,0.0
target_return_monthly,2025-09-02,0.3499999999999999,0.12443980816113166,0.07891768274524175,0.0,0.35,0.0,0.0,0.09664250909362661,0.0
target_return_monthly,2025-10-01,0.35,0.05410077706113614,0.1553257110936201,0.0,0.3499999999999999,0.0,0.0,0.06447716937280469,0.0260963424724391
target_return_monthly,2025-11-03,0.3499999999999999,0.03647140217979124,0.17055136990168981,0.0,0.35,0.0,0.0,0.06394195495752021,0.02903527296099883
target_return_monthly,2025-12-01,0.35,0.04544312595506337,0.1582106226765135,0.0,0.35,0.0,0.0,0.07786316880508119,0.018483082563341958
target_return_quarterly,2011-01-03,0.32132148860226567,0.14557024329659843,0.33579534740602285,0.13128839869267192,0.021443711930249756,0.0,0.0445808100721913,0.0,0.0
target_return_quarterly,2011-04-01,0.24760455002051895,0.17539118403855658,0.28317073227882794,0.1795579204185987,0.06817915626444133,0.0,0.04609645697905651,0.0,0.0
target_return_quarterly,2011-07-01,0.317365481302354,0.12355595424601773,0.3217438334361484,0.1528603482920663,0.04282712333160464,0.0,0.041647259391809036,0.0,0.0
target_return_quarterly,2011-10-03,0.35,0.06031410455971734,0.25303482138931127,0.15493672190495283,0.1276624108843934,0.0,0.0030201085100531135,0.051031832751572116,0.0
target_return_quarterly,2012-01-03,0.35,0.05334965312683454,0.08593661664626165,0.13849447801345763,0.2838769915067482,0.0,0.0,0.08834226070669812,0.0
target_return_quarterly,2012-04-02,0.35,0.0046437271741192766,0.1543103763178827,0.1296726032040747,0.2622801676012115,0.0,0.0,0.09909312570271187,0.0
target_return_quarterly,2012-07-02,0.35,0.001641974315215428,0.19785284993799077,0.10607433448854135,0.23497687847559862,0.0,0.0,0.10945396278265404,0.0
target_return_quarterly,2012-10-01,0.34500373583921534,0.03984455735086881,0.23759740544790411,0.09939598966148792,0.15947888485437176,0.0,0.019264497969487728,0.09941492887666435,0.0
target_return_quarterly,2013-01-02,0.3036082751498699,0.02761951864418997,0.2765524430505121,0.14254532655077157,0.1248952199135033,0.0,0.018092630585877303,0.10668658610527597,0.0
target_return_quarterly,2013-04-01,0.29333685384086566,0.018497975721388612,0.3105812026911876,0.08879481264058828,0.14431952602836912,0.0,0.0,0.1444696290776008,0.0
target_return_quarterly,2013-07-01,0.17220143633440033,0.0,0.35,0.14373548839300085,0.10918640720359188,0.0,0.0,0.22487666806900708,0.0
target_return_quarterly,2013-10-01,0.11270555293146417,0.0,0.3499999999999999,0.04868016497997732,0.2010208806191271,0.0,0.0,0.28759340146943146,0.0
target_return_quarterly,2014-01-02,0.13022532103713044,0.0,0.35,0.232927924816518,0.04573225446957915,0.0,0.0,0.2411144996767726,0.0
target_return_quarterly,2014-04-01,0.1559086941151633,0.0,0.35,0.2752991902933159,0.0,0.0,0.0,0.21879211559152084,0.0
target_return_quarterly,2014-07-01,0.18085549609232607,0.0,0.35,0.24153263679383313,0.0,0.0,0.0,0.2276118671138408,0.0
target_return_quarterly,2014-10-01,0.26361469564393,0.0,0.23479775761734173,0.24416422192210638,0.0,0.0,0.0,0.25742332481662206,0.0
target_return_quarterly,2015-01-02,0.3037431484155815,0.0,0.1726433715872135,0.2564582826118751,0.0,0.0,0.0,0.2671551973853303,0.0
target_return_quarterly,2015-04-01,0.16767803033348,0.0,0.32376986410564174,0.2064271726467953,0.0,0.0,0.0,0.30212493291408293,0.0
target_return_quarterly,2015-07-01,0.30375196824201256,0.0,0.1910336487344445,0.1552143830235427,0.0,0.0,0.0,0.3499999999999999,0.0
target_return_quarterly,2015-10-01,0.0,0.0,0.35,0.13707072343059493,0.0,0.0,0.16292927656940506,0.34999999999999937,0.0
target_return_quarterly,2016-01-04,0.17584656288181205,0.0,0.35,0.0004074946723682388,0.0,0.0,0.12374594244581974,0.3499999999999999,0.0
target_return_quarterly,2016-04-01,0.0,0.0,0.35,0.18321949177182914,0.0,0.0,0.11678050822817096,0.35,0.0
target_return_quarterly,2016-07-01,0.03317717164173799,0.0,0.35,0.35,0.0,0.0,0.006026933791627071,0.2607958945666351,0.0
target_return_quarterly,2016-10-03,0.029081399071348917,0.0,0.3499999999999999,0.35,0.0,0.0,0.03847834240780015,0.23244025852085107,0.0
target_return_quarterly,2017-01-03,0.0,0.0,0.35,0.25054850722488964,0.0,0.0,0.20969829284418465,0.18975319993092574,0.0
target_return_quarterly,2017-04-03,0.0,0.0,0.35,0.11523756911742766,0.0,0.0,0.18476243088257235,0.35,0.0
target_return_quarterly,2017-07-03,0.0,0.0,0.04493961932464792,0.35,0.0,0.0,0.2550603806753522,0.35,0.0
target_return_quarterly,2017-10-02,0.0,0.0,0.19403462336560479,0.3499999999999999,0.0,0.0,0.10596537663439522,0.35,0.0
target_return_quarterly,2018-01-02,0.0,0.10205321162403376,0.06048669914818534,0.35,0.0,0.1374600892277808,0.0,0.35,0.0
target_return_quarterly,2018-04-02,0.0,0.3038492797563024,0.0,0.14297305629976878,0.0,0.0260817544660513,0.0,0.35,0.17709590947787765
target_return_quarterly,2018-07-02,0.0,0.09826153339987574,0.0,0.35,0.027019472290164517,0.0,0.17471899430995966,0.35,0.0
target_return_quarterly,2018-10-01,0.2524828303460983,0.031012947576276238,0.0,0.20414557241222714,0.17389175538549417,0.0,0.0,0.33846689427990406,0.0
target_return_quarterly,2019-01-02,0.0,0.35,0.0,0.180689792818733,0.0,0.0,0.0,0.3499999999999999,0.11931020718126722
target_return_quarterly,2019-04-01,0.025482576982535008,0.0,0.0,0.35,0.22246815015337226,0.0,0.0,0.35,0.05204927286409277
target_return_quarterly,2019-07-01,0.2357188723220503,0.0,0.0,0.35,0.0894517689008718,0.0,0.0,0.324829358777078,0.0
target_return_quarterly,2019-10-01,0.0,0.06356314440336239,0.2217634411216732,0.35,0.0,0.0,0.014673414474964232,0.35,0.0
target_return_quarterly,2020-01-02,0.2316914106012825,0.10959829216014375,0.10779428017624919,0.35,0.0,0.0,0.0,0.20091601706232456,0.0
target_return_quarterly,2020-04-01,0.0,0.35,0.35,0.0016899058461657403,0.0,0.0,0.0,0.2983100941538343,0.0
target_return_quarterly,2020-07-01,0.21995015030855233,0.1928910869651892,0.35,0.0,0.10680325375560384,0.0,0.0,0.13035550897065462,0.0
target_return_quarterly,2020-10-01,0.2410605536257939,0.14057281361363147,0.35,0.0,0.1470064490990846,0.0,0.0,0.12136018366149015,0.0
target_return_quarterly,2021-01-04,0.24973613236607056,0.11216644857218969,0.35,0.0,0.16164895858265824,0.0,0.0,0.1264484604790817,0.0
target_return_quarterly,2021-04-01,0.18435603961016725,0.06359270652484933,0.35,0.0,0.22981890790333812,0.0,0.0,0.17223234596164533,0.0
target_return_quarterly,2021-07-01,0.26680687819147514,0.0679360167751077,0.35,0.0,0.17846107729368987,0.0,0.0,0.13679602773972716,0.0
target_return_quarterly,2021-10-01,0.24537767979540429,0.0729957142273057,0.35,0.0,0.20883651062512687,0.0,0.0,0.12279009535216319,0.0
target_return_quarterly,2022-01-03,0.35,0.03138616415541951,0.25568280237055097,0.0,0.23685950423897886,0.0,0.0,0.12607152923505074,0.0
target_return_quarterly,2022-04-01,0.33938325311418627,0.14594298478649373,0.04784931525281981,0.0,0.3311838560887261,0.0,0.0,0.13564059075777404,0.0
target_return_quarterly,2022-07-01,0.12852654697264157,0.35,0.0,0.0,0.30683730108494356,0.0,0.0,0.21463615194241487,0.0
target_return_quarterly,2022-10-03,0.0,0.35,0.0,0.0,0.0,0.0,0.30000000000000004,0.35,0.0
target_return_quarterly,2023-01-03,0.0,0.35,0.0,0.0,0.07060773178402872,0.2293922682159713,0.0,0.35,0.0
target_return_quarterly,2023-04-03,0.35,0.1621274274122132,0.0,0.0,0.2269501191852379,0.0,0.0,0.26092245340254916,0.0
target_return_quarterly,2023-07-03,0.35,0.14707309656296924,0.0,0.0,0.07453025488479212,0.07839664855223878,0.0,0.35,0.0
target_return_quarterly,2023-10-02,0.09682769254847166,0.0,0.0,0.0,0.0,0.3499999999999999,0.20317230745152848,0.35,0.0
target_return_quarterly,2024-01-02,0.03669627071731894,0.27590770944259074,0.0,0.0,0.0,0.0,0.3373960198400904,0.35,0.0
target_return_quarterly,2024-04-01,0.3499999999999999,0.35,0.0,0.0,0.016988891096764887,0.0,0.0,0.2830111089032352,0.0
target_return_quarterly,2024-07-01,0.3499999999999999,0.35,0.0,0.0,0.010612077692668658,0.0,0.0,0.2893879223073316,0.0
target_return_quarterly,2024-10-01,0.35,0.31271486327624326,0.0,0.0,0.19201178748934628,0.0,0.0,0.14527334923441054,0.0
target_return_quarterly,2025-01-02,0.35,0.34242379150639657,0.0,0.0,0.142587748915989,0.0,0.0,0.1649884595776145,0.0
target_return_quarterly,2025-04-01,0.35,0.28524703901842224,0.0,0.0,0.2556674648984592,0.0,0.0,0.10908549608311847,0.0
target_return_quarterly,2025-07-01,0.35,0.12942591312711088,0.06382575152216527,0.0,0.35,0.0,0.0,0.10674833535072376,0.0
target_return_quarterly,2025-10-01,0.35,0.05410077706113614,0.1553257110936201,0.0,0.3499999999999999,0.0,0.0,0.06447716937280469,0.0260963424724391
target_return_band_250bp,2011-01-03,0.32132148860226567,0.14557024329659843,0.33579534740602285,0.13128839869267192,0.021443711930249756,0.0,0.0445808100721913,0.0,0.0
target_return_band_250bp,2011-02-01,0.20002461344008293,0.16464440802553823,0.35,0.17899327362171719,0.04483542333232261,0.0,0.06150228158033916,0.0,0.0
target_return_band_250bp,2011-03-01,0.22201970451848652,0.149613176982076,0.35,0.18540509990321702,0.033448502647504326,0.0,0.05951351594871622,0.0,0.0
target_return_band_250bp,2011-04-01,0.24760455002051895,0.17539118403855658,0.28317073227882794,0.1795579204185987,0.06817915626444133,0.0,0.04609645697905651,0.0,0.0
target_return_band_250bp,2011-05-02,0.34711422768879874,0.14835871925081784,0.25078403528271914,0.13577803736668234,0.08037321857660314,0.0,0.03759176183437891,0.0,0.0
target_return_band_250bp,2011-06-01,0.35,0.11858606992717703,0.3067245275614277,0.13675435568435346,0.05207497752882808,0.0,0.03586006929821384,0.0,0.0
target_return_band_250bp,2011-07-01,0.317365481302354,0.12355595424601773,0.3217438334361484,0.1528603482920663,0.04282712333160464,0.0,0.041647259391809036,0.0,0.0
target_return_band_250bp,2011-08-01,0.35,0.09644494413018663,0.2683690027360178,0.12225065195120326,0.1266511509635002,0.0,0.027345296937347597,0.003294749953253385,0.005644203328491331
target_return_band_250bp,2011-09-01,0.35,0.07769127447652817,0.2921915857257558,0.0920783587051552,0.12873641946192885,0.0,0.006584414580962101,0.051243180542856634,0.0014747665068133606
target_return_band_250bp,2011-10-03,0.35,0.06031410455971734,0.25303482138931127,0.15493672190495283,0.1276624108843934,0.0,0.0030201085100531135,0.051031832751572116,0.0
target_return_band_250bp,2011-11-01,0.35,0.0,0.35,0.000802315801953654,0.20931068227420235,0.014201239777763516,0.0,0.07568576214608062,0.0
target_return_band_250bp,2011-12-01,0.35,0.007465814706430533,0.24891814854472297,0.10782053751795596,0.1976446369589353,0.0,0.0,0.08815086227195527,0.0
target_return_band_250bp,2012-01-03,0.35,0.05334965312683454,0.08593661664626165,0.13849447801345763,0.2838769915067482,0.0,0.0,0.08834226070669812,0.0
target_return_band_250bp,2012-02-01,0.35,0.0,0.19252961534038987,0.1340240798091361,0.2392514613354805,0.0,0.0,0.08419484351499394,0.0
target_return_band_250bp,2012-03-01,0.35,0.0,0.2850882224816943,0.07331745560755615,0.2236722540998556,0.03134636806645841,0.0,0.03657569974443571,0.0
target_return_band_250bp,2012-04-02,0.35,0.0046437271741192766,0.1543103763178827,0.1296726032040747,0.2622801676012115,0.0,0.0,0.09909312570271187,0.0
target_return_band_250bp,2012-05-01,0.35,0.0,0.1945911887525406,0.08984649903957723,0.26863976286855706,0.0,0.0,0.09692254933932534,0.0
target_return_band_250bp,2012-06-01,0.35,0.005637037141506251,0.18272285538706115,0.11485207797263991,0.23857858792764639,0.0,0.0,0.10820944157114633,0.0
target_return_band_250bp,2012-07-02,0.35,0.001641974315215428,0.19785284993799077,0.10607433448854135,0.23497687847559862,0.0,0.0,0.10945396278265404,0.0
target_return_band_250bp,2012-08-01,0.35,0.009391185180244482,0.21384413390265672,0.09938120690592829,0.21513436069029573,0.0,0.002659039934924166,0.10959007338595077,0.0
target_return_band_250bp,2012-09-04,0.35,0.018622361413333403,0.2224338194146051,0.09841240666853984,0.19430273048405344,0.0,0.01113126223793588,0.10509741978153232,0.0
target_return_band_250bp,2012-10-01,0.34500373583921534,0.03984455735086881,0.23759740544790411,0.09939598966148792,0.15947888485437176,0.0,0.019264497969487728,0.09941492887666435,0.0
target_return_band_250bp,2012-11-01,0.3467175387959679,0.031186817394218434,0.1948459534422945,0.17250678064644706,0.14543451807627664,0.0,0.026845569284479547,0.08246282236031599,0.0
target_return_band_250bp,2012-12-03,0.274447834980393,0.022324800564825782,0.2504235268089569,0.1515224369854701,0.1687182585655936,0.0,0.032868996471667765,0.09969414562309296,0.0
target_return_band_250bp,2013-01-02,0.3036082751498699,0.02761951864418997,0.2765524430505121,0.14254532655077157,0.1248952199135033,0.0,0.018092630585877303,0.10668658610527597,0.0
target_return_band_250bp,2013-02-01,0.30732075733884734,0.029769918442395963,0.2916279854520668,0.11421481941399023,0.11670513431738672,0.0,0.01923820292788288,0.12112318210743006,0.0
target_return_band_250bp,2013-03-01,0.2907613019538726,0.01543674604410355,0.2669318738824264,0.12741159717967057,0.15925110943152634,0.0,0.013628271811083182,0.1265790996973172,0.0
target_return_band_250bp,2013-04-01,0.29333685384086566,0.018497975721388612,0.3105812026911876,0.08879481264058828,0.14431952602836912,0.0,0.0,0.1444696290776008,0.0
target_return_band_250bp,2013-05-01,0.2823712069861243,0.0,0.3274618660864271,0.11967754099124851,0.1239403489334819,0.0,0.00029835293016849707,0.1462506840725498,0.0
target_return_band_250bp,2013-06-03,0.2530185706662144,0.0,0.30282642417892613,0.16602035784571567,0.10468439044644022,0.0,0.0,0.17345025686270363,0.0
target_return_band_250bp,2013-07-01,0.17220143633440033,0.0,0.35,0.14373548839300085,0.10918640720359188,0.0,0.0,0.22487666806900708,0.0
target_return_band_250bp,2013-08-01,0.2021726331135027,0.0,0.35,0.05383643131607275,0.16060284768236635,0.0,0.0,0.2333880878880583,0.0
target_return_band_250bp,2013-09-03,0.17189267901115274,0.0,0.35,0.02893854696994595,0.1741702262616427,0.0,0.0,0.2749985477572587,0.0
target_return_band_250bp,2013-10-01,0.11270555293146417,0.0,0.3499999999999999,0.04868016497997732,0.2010208806191271,0.0,0.0,0.28759340146943146,0.0
target_return_band_250bp,2013-11-01,0.1370359515691859,0.0,0.35,0.15699845099470283,0.08547885825924709,0.0,0.0,0.2704867391768643,0.0
target_return_band_250bp,2013-12-02,0.15798341662451856,0.0,0.35,0.17572943852181144,0.0600582722956585,0.0,0.0,0.25622887255801147,0.0
target_return_band_250bp,2014-01-02,0.13022532103713044,0.0,0.35,0.232927924816518,0.04573225446957915,0.0,0.0,0.2411144996767726,0.0
target_return_band_250bp,2014-02-03,0.11167359227157729,0.0,0.35,0.25328023363690305,0.05886979168976238,0.0,0.0,0.22617638240175716,0.0
target_return_band_250bp,2014-03-03,0.1483959827525278,0.0,0.35,0.26923018058159615,0.016443230893413693,0.0,0.0,0.21593060577246226,0.0
target_return_band_250bp,2014-04-01,0.1559086941151633,0.0,0.35,0.2752991902933159,0.0,0.0,0.0,0.21879211559152084,0.0
target_return_band_250bp,2014-05-01,0.10937870056030373,0.0,0.35,0.3198349870903358,0.0,0.0,0.0,0.2207863123493603,0.0
target_return_band_250bp,2014-06-02,0.13811443121860068,0.0,0.35,0.2855002877757727,0.0019098187448958262,0.0,0.0,0.2244754622607309,0.0
target_return_band_250bp,2014-07-01,0.18085549609232607,0.0,0.35,0.24153263679383313,0.0,0.0,0.0,0.2276118671138408,0.0
target_return_band_250bp,2014-08-01,0.13553811965242976,0.0,0.35,0.27640290887223185,0.0,0.0,0.0,0.23805897147533836,0.0
target_return_band_250bp,2014-09-02,0.28375265930296645,0.0,0.22999452126407377,0.26523346314890683,0.0,0.0,0.0,0.22101935628405306,0.0
target_return_band_250bp,2014-10-01,0.26361469564393,0.0,0.23479775761734173,0.24416422192210638,0.0,0.0,0.0,0.25742332481662206,0.0
target_return_band_250bp,2014-11-03,0.2106494900511137,0.0,0.35,0.15276402716597093,0.0,0.0,0.0,0.2865864827829154,0.0
target_return_band_250bp,2014-12-01,0.35,0.0,0.1753058872882125,0.2535445934018959,0.0,0.0,0.0,0.2211495193098917,0.0
target_return_band_250bp,2015-01-02,0.3037431484155815,0.0,0.1726433715872135,0.2564582826118751,0.0,0.0,0.0,0.2671551973853303,0.0
target_return_band_250bp,2015-02-02,0.20366401794403372,0.0,0.25983054111609954,0.26425805451741674,0.0,0.0,0.0,0.27224738642245006,0.0
target_return_band_250bp,2015-03-02,0.21219188001620648,0.0,0.2510574267829054,0.24166423861102118,0.0,0.0,0.0,0.295086454589867,0.0
target_return_band_250bp,2015-04-01,0.16767803033348,0.0,0.32376986410564174,0.2064271726467953,0.0,0.0,0.0,0.30212493291408293,0.0
target_return_band_250bp,2015-05-01,0.1796275772900618,0.0,0.25446609583080043,0.24558073383574933,0.0,0.0,0.0,0.32032559304338853,0.0
target_return_band_250bp,2015-06-01,0.2931461570195215,0.0,0.19242171100474958,0.20619959323262044,0.0,0.0,0.0,0.3082325387431084,0.0
target_return_band_250bp,2015-07-01,0.30375196824201256,0.0,0.1910336487344445,0.1552143830235427,0.0,0.0,0.0,0.3499999999999999,0.0
target_return_band_250bp,2015-08-03,0.21208843442904435,0.0,0.28146542135816915,0.12434431020373295,0.0,0.03210183400905402,0.0,0.3499999999999999,0.0
target_return_band_250bp,2015-09-01,0.0,0.0,0.35,0.17282860125280686,0.0,0.09326739648260549,0.03390400226458691,0.35,0.0
target_return_band_250bp,2015-10-01,0.0,0.0,0.35,0.13707072343059493,0.0,0.0,0.16292927656940506,0.34999999999999937,0.0
target_return_band_250bp,2015-11-02,0.2275960917708244,0.0,0.34999999999999976,0.004852464689173178,0.0,0.0,0.06755144354000303,0.3499999999999999,0.0
target_return_band_250bp,2015-12-01,0.1908941689032313,0.0,0.34999999999999987,0.03161337803854335,0.0,0.0,0.07749245305822551,0.3499999999999999,0.0
target_return_band_250bp,2016-01-04,0.17584656288181205,0.0,0.35,0.0004074946723682388,0.0,0.0,0.12374594244581974,0.3499999999999999,0.0
target_return_band_250bp,2016-02-01,0.0,0.0,0.35,0.059350287554651146,0.0,0.0,0.24064971244534894,0.35,0.0
target_return_band_250bp,2016-03-01,0.0,0.0,0.35,0.053489549303277255,0.0,0.0,0.24651045069672278,0.35,0.0
target_return_band_250bp,2016-04-01,0.0,0.0,0.35,0.18321949177182914,0.0,0.0,0.11678050822817096,0.35,0.0
target_return_band_250bp,2016-05-02,0.0,0.0,0.07670318014782562,0.35,0.0,0.0,0.22329681985217467,0.3499999999999999,0.0
target_return_band_250bp,2016-06-01,0.0,0.0,0.35,0.1490388951203163,0.0,0.0,0.15096110487968395,0.35,0.0
target_return_band_250bp,2016-07-01,0.03317717164173799,0.0,0.35,0.35,0.0,0.0,0.006026933791627071,0.2607958945666351,0.0
target_return_band_250bp,2016-08-01,0.043275267039610155,0.0,0.35,0.35,0.0,0.0,0.01873125591978317,0.23799347704060664,0.0
target_return_band_250bp,2016-09-01,0.09520383034417712,0.0,0.35,0.31753164393680805,0.0,0.0,0.017979219835664053,0.21928530588335077,0.0
target_return_band_250bp,2016-10-03,0.029081399071348917,0.0,0.3499999999999999,0.35,0.0,0.0,0.03847834240780015,0.23244025852085107,0.0
target_return_band_250bp,2016-11-01,0.0,0.0,0.1923020890267503,0.35,0.0,0.0,0.23084596235132468,0.226851948621925,0.0
target_return_band_250bp,2016-12-01,0.0,0.0,0.18236948175404694,0.35,0.0,0.0,0.23203928554989453,0.2355912326960587,0.0
target_return_band_250bp,2017-01-03,0.0,0.0,0.35,0.25054850722488964,0.0,0.0,0.20969829284418465,0.18975319993092574,0.0
target_return_band_250bp,2017-02-01,0.0,0.0,0.3170507457405725,0.21021766809351689,0.0,0.0,0.14672146919680282,0.32601011696910764,0.0
target_return_band_250bp,2017-03-01,0.0,0.0,0.3258499577759264,0.1815120443344632,0.0,0.0,0.14292408681319732,0.3497139110764129,0.0
target_return_band_250bp,2017-04-03,0.0,0.0,0.35,0.11523756911742766,0.0,0.0,0.18476243088257235,0.35,0.0
target_return_band_250bp,2017-05-01,0.0,0.0,0.34999999999999964,0.1409681452054493,0.0,0.0,0.15903185479455048,0.35,0.0
target_return_band_250bp,2017-06-01,0.0,0.0,0.0682196242383392,0.35,0.0,0.0,0.23178037576166088,0.35,0.0
target_return_band_250bp,2017-07-03,0.0,0.0,0.04493961932464792,0.35,0.0,0.0,0.2550603806753522,0.35,0.0
target_return_band_250bp,2017-08-01,0.0,0.0,0.10947439732103853,0.35,0.0,0.0,0.19052560267896151,0.35,0.0
target_return_band_250bp,2017-09-01,0.0,0.0,0.03058512731153676,0.3499999999999999,0.0,0.0,0.2694148726884634,0.35,0.0
target_return_band_250bp,2017-10-02,0.0,0.0,0.19403462336560479,0.3499999999999999,0.0,0.0,0.10596537663439522,0.35,0.0
target_return_band_250bp,2017-11-01,0.0,0.030538644433597915,0.08682932412095662,0.35,0.0,0.1415648655695465,0.04106716587589904,0.35,0.0
target_return_band_250bp,2017-12-01,0.0,0.032666981812113895,0.05970511068081879,0.35,0.0,0.14619158725103265,0.061436320256034564,0.35,0.0
target_return_band_250bp,2018-01-02,0.0,0.10205321162403376,0.06048669914818534,0.35,0.0,0.1374600892277808,0.0,0.35,0.0
target_return_band_250bp,2018-02-01,0.11805964387457661,0.08040068020390376,0.0,0.35,0.0,0.10153967592151977,0.0,0.35,0.0
target_return_band_250bp,2018-03-01,0.0,0.24722057023272337,0.0,0.12010412953992193,0.0,0.21776845312823911,0.0,0.3499999999999999,0.06490684709911573
target_return_band_250bp,2018-04-02,0.0,0.3038492797563024,0.0,0.14297305629976878,0.0,0.0260817544660513,0.0,0.35,0.17709590947787765
target_return_band_250bp,2018-05-01,0.0,0.201625719795276,0.0,0.0,0.0,0.34999999999999987,0.0,0.35,0.09837428020472351
target_return_band_250bp,2018-06-01,0.0,0.24899881321644018,0.0,0.05064060882801047,0.0,0.3281012992408264,0.022259278714723024,0.35,0.0
target_return_band_250bp,2018-07-02,0.0,0.09826153339987574,0.0,0.35,0.027019472290164517,0.0,0.17471899430995966,0.35,0.0
target_return_band_250bp,2018-08-01,0.0,0.2177694291547189,0.0,0.35,0.012118597721656956,0.007329342096438816,0.04809504109335486,0.3499999999999999,0.014687589933830791
target_return_band_250bp,2018-09-04,0.18230267120652457,0.01288803519145028,0.0,0.2970878525860822,0.1736530256825245,0.0,0.0,0.3340684153334184,0.0
target_return_band_250bp,2018-10-01,0.2524828303460983,0.031012947576276238,0.0,0.20414557241222714,0.17389175538549417,0.0,0.0,0.33846689427990406,0.0
target_return_band_250bp,2018-11-01,0.0,0.1706109290720889,0.0,0.09079707002166991,0.0,0.0,0.15385854087065542,0.35,0.23473346003558587
target_return_band_250bp,2018-12-03,0.04510462041756356,0.3271326332949182,0.0,0.1218801095795847,0.00849583623678099,0.0,0.08914918763091534,0.35,0.05823761284023734
target_return_band_250bp,2019-01-02,0.0,0.35,0.0,0.180689792818733,0.0,0.0,0.0,0.3499999999999999,0.11931020718126722
target_return_band_250bp,2019-02-01,0.18967531330554427,0.13772127895668243,0.0,0.35,0.0,0.0,0.0,0.3226034077377735,0.0
target_return_band_250bp,2019-03-01,0.20431749579901623,0.05227459741676445,0.0,0.3499999999999999,0.04172106790129323,0.0,0.0,0.35,0.0016868388829261527
target_return_band_250bp,2019-04-01,0.025482576982535008,0.0,0.0,0.35,0.22246815015337226,0.0,0.0,0.35,0.05204927286409277
target_return_band_250bp,2019-05-01,0.0034122471919399017,0.0,0.0,0.35,0.24990502937308723,0.0,0.0,0.35,0.046682723434973
target_return_band_250bp,2019-06-03,0.0,0.02980490140584127,0.0,0.35,0.16595704922514593,0.0,0.00683539738421406,0.35,0.09740265198479849
target_return_band_250bp,2019-07-01,0.2357188723220503,0.0,0.0,0.35,0.0894517689008718,0.0,0.0,0.324829358777078,0.0
target_return_band_250bp,2019-08-01,0.0,0.0,0.0,0.34999999999999987,0.20421332927348507,0.09578667072651509,0.0,0.35,0.0
target_return_band_250bp,2019-09-03,0.0,0.1123286091592201,0.18767139084077997,0.35,0.0,0.0,0.0,0.35,0.0
target_return_band_250bp,2019-10-01,0.0,0.06356314440336239,0.2217634411216732,0.35,0.0,0.0,0.014673414474964232,0.35,0.0
target_return_band_250bp,2019-11-01,0.11853715250072692,0.06613032017559284,0.18350614239085017,0.35,0.0,0.0,0.0,0.28182638493283024,0.0
target_return_band_250bp,2019-12-02,0.1347385545157297,0.048799476558822934,0.23165225710750925,0.35,0.0,0.0,0.0,0.23480971181793817,0.0
target_return_band_250bp,2020-01-02,0.2316914106012825,0.10959829216014375,0.10779428017624919,0.35,0.0,0.0,0.0,0.20091601706232456,0.0
target_return_band_250bp,2020-02-03,0.20085544083325638,0.07214921258730475,0.1992588362187629,0.3450711750052016,0.0,0.0,0.0,0.1826653353554744,0.0
target_return_band_250bp,2020-03-02,0.02894590488889914,0.07572367025946278,0.35,0.35,0.0,0.0,0.0,0.19533042485163798,0.0
target_return_band_250bp,2020-04-01,0.0,0.35,0.35,0.0016899058461657403,0.0,0.0,0.0,0.2983100941538343,0.0
target_return_band_250bp,2020-05-01,0.1275880748538366,0.23340719183185324,0.35,0.028314991846900603,0.10717563886917818,0.0,0.0,0.1535141025982314,0.0
target_return_band_250bp,2020-06-01,0.18190168228918868,0.20389117163755432,0.35,0.00826989035239829,0.11010522334273899,0.0,0.0,0.14583203237811973,0.0
target_return_band_250bp,2020-07-01,0.21995015030855233,0.1928910869651892,0.35,0.0,0.10680325375560384,0.0,0.0,0.13035550897065462,0.0
target_return_band_250bp,2020-08-03,0.30703913683798123,0.14802675781353333,0.35,0.0,0.08795131036743882,0.0,0.0,0.10698279498104676,0.0
target_return_band_250bp,2020-09-01,0.27706892210738676,0.12671625293894828,0.35,0.0,0.11949848917649379,0.0,0.0,0.12671633577717112,0.0
target_return_band_250bp,2020-10-01,0.2410605536257939,0.14057281361363147,0.35,0.0,0.1470064490990846,0.0,0.0,0.12136018366149015,0.0
target_return_band_250bp,2020-11-02,0.21270687152227633,0.16838556128720913,0.35,0.0,0.15019407829005563,0.0,0.0,0.11871348890045905,0.0
target_return_band_250bp,2020-12-01,0.19071722592310797,0.11038705071722092,0.35,0.0,0.20677109495850934,0.0,0.0,0.14212462840116186,0.0
target_return_band_250bp,2021-01-04,0.24973613236607056,0.11216644857218969,0.35,0.0,0.16164895858265824,0.0,0.0,0.1264484604790817,0.0
target_return_band_250bp,2021-02-01,0.17095088356465715,0.09651346946784836,0.3499999999999999,0.0,0.25076099697342213,0.0,0.0,0.1317746499940725,0.0
target_return_band_250bp,2021-03-01,0.16248649017467737,0.0684720642658538,0.35,0.0,0.2648068719781444,0.0,0.0,0.15423457358132442,0.0
target_return_band_250bp,2021-04-01,0.18435603961016725,0.06359270652484933,0.35,0.0,0.22981890790333812,0.0,0.0,0.17223234596164533,0.0
target_return_band_250bp,2021-05-03,0.25574086093950127,0.05499387098522925,0.35,0.0,0.19161161213277889,0.0,0.0,0.14765365594249072,0.0
target_return_band_250bp,2021-06-01,0.26128233790166316,0.08572087728665864,0.35,0.0,0.16849356578314328,0.0,0.0,0.13450321902853496,0.0
target_return_band_250bp,2021-07-01,0.26680687819147514,0.0679360167751077,0.35,0.0,0.17846107729368987,0.0,0.0,0.13679602773972716,0.0
target_return_band_250bp,2021-08-02,0.30299613954043453,0.05752468747986955,0.35,0.0,0.17436286937989698,0.0,0.0,0.11511630359979907,0.0
target_return_band_250bp,2021-09-01,0.28456208336893957,0.07059479220702725,0.35,0.0,0.17507924535792116,0.0,0.0,0.1197638790661121,0.0
target_return_band_250bp,2021-10-01,0.24537767979540429,0.0729957142273057,0.35,0.0,0.20883651062512687,0.0,0.0,0.12279009535216319,0.0
target_return_band_250bp,2021-11-01,0.3280086099729111,0.03834173432687198,0.30512528657661175,0.0,0.20823470168846564,0.0,0.0,0.12028966743513964,0.0
target_return_band_250bp,2021-12-01,0.317683996388442,0.03899163861706812,0.28848687006292967,0.0,0.23848248531952967,0.0,0.0,0.1163550096120305,0.0
target_return_band_250bp,2022-01-03,0.35,0.03138616415541951,0.25568280237055097,0.0,0.23685950423897886,0.0,0.0,0.12607152923505074,0.0
target_return_band_250bp,2022-02-01,0.24391383008243067,0.05549227233013274,0.243940635678162,0.0,0.3048761906099533,0.0,0.0,0.15177707129932125,0.0
target_return_band_250bp,2022-03-01,0.260467700850937,0.09406316481384172,0.1935878702994538,0.0,0.31993278193525976,0.0,0.0,0.13194848210050777,0.0
target_return_band_250bp,2022-04-01,0.33938325311418627,0.14594298478649373,0.04784931525281981,0.0,0.3311838560887261,0.0,0.0,0.13564059075777404,0.0
target_return_band_250bp,2022-05-02,0.30776147797246267,0.21014433842121685,0.0,0.0,0.35,0.0,0.0,0.13209418360632041,0.0
target_return_band_250bp,2022-06-01,0.3059425071390433,0.2108511628077768,0.0,0.0,0.3139443940144077,0.0,0.0,0.16926193603877218,0.0
target_return_band_250bp,2022-07-01,0.12852654697264157,0.35,0.0,0.0,0.30683730108494356,0.0,0.0,0.21463615194241487,0.0
target_return_band_250bp,2022-08-01,0.1675320306777102,0.23588946639492403,0.0,0.0,0.3499999999999999,0.0,0.0,0.24657850292736588,0.0
target_return_band_250bp,2022-09-01,0.0720785873237478,0.2279214126762522,0.0,0.0,0.35,0.0,0.0,0.3499999999999999,0.0
target_return_band_250bp,2022-10-03,0.0,0.35,0.0,0.0,0.0,0.0,0.30000000000000004,0.35,0.0
target_return_band_250bp,2022-11-01,0.0,0.35,0.0,0.0,0.0,0.0,0.30000000000000004,0.35,0.0
target_return_band_250bp,2022-12-01,0.26449096915363574,0.35,0.0,0.0,0.059653850715224124,0.0,0.0,0.32585518013114,0.0
target_return_band_250bp,2023-01-03,0.0,0.35,0.0,0.0,0.07060773178402872,0.2293922682159713,0.0,0.35,0.0
target_return_band_250bp,2023-02-01,0.27492620567882897,0.34999999999999987,0.0,0.0,0.025073794321171326,0.0,0.0,0.3499999999999999,0.0
target_return_band_250bp,2023-03-01,0.2950899164079145,0.3008249784672029,0.0,0.0,0.0,0.05408510512488251,0.0,0.35,0.0
target_return_band_250bp,2023-04-03,0.35,0.1621274274122132,0.0,0.0,0.2269501191852379,0.0,0.0,0.26092245340254916,0.0
target_return_band_250bp,2023-05-01,0.3499999999999999,0.18052966274707707,0.0,0.0,0.09810729008221039,0.08590448916040112,0.0,0.28545855801031167,0.0
target_return_band_250bp,2023-06-01,0.3499999999999999,0.20283672193545274,0.0,0.0,0.0,0.09716327806454733,0.0,0.35,0.0
target_return_band_250bp,2023-07-03,0.35,0.14707309656296924,0.0,0.0,0.07453025488479212,0.07839664855223878,0.0,0.35,0.0
target_return_band_250bp,2023-08-01,0.35,0.027000470517503074,0.0,0.0,0.11544232132054404,0.15755720816195296,0.0,0.35,0.0
target_return_band_250bp,2023-09-01,0.24713874677447542,0.0,0.0,0.0,0.0,0.35,0.052861253225524735,0.35,0.0
target_return_band_250bp,2023-10-02,0.09682769254847166,0.0,0.0,0.0,0.0,0.3499999999999999,0.20317230745152848,0.35,0.0
target_return_band_250bp,2023-11-01,0.0,0.12669981775148526,0.0,0.0,0.0,0.35,0.17330018224851407,0.35,0.0
target_return_band_250bp,2023-12-01,0.0,0.35,0.0,0.0,0.0,0.0,0.30000000000000004,0.35,0.0
target_return_band_250bp,2024-01-02,0.03669627071731894,0.27590770944259074,0.0,0.0,0.0,0.0,0.3373960198400904,0.35,0.0
target_return_band_250bp,2024-02-01,0.0,0.0,0.0,0.0,0.0,0.30000000000000004,0.35,0.35,0.0
target_return_band_250bp,2024-03-01,0.17540231573127318,0.35,0.0,0.0,0.0,0.12459768426872696,0.0,0.35,0.0
target_return_band_250bp,2024-04-01,0.3499999999999999,0.35,0.0,0.0,0.016988891096764887,0.0,0.0,0.2830111089032352,0.0
target_return_band_250bp,2024-05-01,0.0,0.35,0.0,0.0,0.0,0.30000000000000004,0.0,0.35,0.0
target_return_band_250bp,2024-06-03,0.0,0.35,0.0,0.0,0.0,0.30000000000000004,0.0,0.35,0.0
target_return_band_250bp,2024-07-01,0.3499999999999999,0.35,0.0,0.0,0.010612077692668658,0.0,0.0,0.2893879223073316,0.0
target_return_band_250bp,2024-08-01,0.35,0.35,0.0,0.0,0.05466288704532728,0.0,0.0,0.24533711295467303,0.0
target_return_band_250bp,2024-09-03,0.35,0.35,0.0,0.0,0.07619426640164603,0.0,0.0,0.223805733598354,0.0
target_return_band_250bp,2024-10-01,0.35,0.31271486327624326,0.0,0.0,0.19201178748934628,0.0,0.0,0.14527334923441054,0.0
target_return_band_250bp,2024-11-01,0.35,0.3298244934451647,0.0,0.0,0.18382738839298332,0.0,0.0,0.1363481181618521,0.0
target_return_band_250bp,2024-12-02,0.35,0.3033625813826008,0.0,0.0,0.18447914584651842,0.0,0.0,0.1621582727708807,0.0
target_return_band_250bp,2025-01-02,0.35,0.34242379150639657,0.0,0.0,0.142587748915989,0.0,0.0,0.1649884595776145,0.0
target_return_band_250bp,2025-02-03,0.35,0.24744427159926863,0.0,0.0,0.24654340344582798,0.0,0.0,0.1560123249549033,0.0
target_return_band_250bp,2025-03-03,0.34999999999999987,0.23786970966639137,0.0,0.0,0.24638003967944735,0.0,0.0,0.16575025065416144,0.0
target_return_band_250bp,2025-04-01,0.35,0.28524703901842224,0.0,0.0,0.2556674648984592,0.0,0.0,0.10908549608311847,0.0
target_return_band_250bp,2025-05-01,0.3499999999999999,0.23118776321496048,0.0,0.0,0.34458833909615527,0.0,0.0,0.07422389768888418,0.0
target_return_band_250bp,2025-06-02,0.35,0.17409250234387497,0.0209736302859377,0.0,0.35,0.0,0.0,0.10493386737018733,0.0
target_return_band_250bp,2025-07-01,0.35,0.12942591312711088,0.06382575152216527,0.0,0.35,0.0,0.0,0.10674833535072376,0.0
target_return_band_250bp,2025-08-01,0.35,0.12933511418464685,0.0674685667157579,0.0,0.3499999999999999,0.0,0.0,0.10319631909959531,0.0
target_return_band_250bp,2025-09-02,0.3499999999999999,0.12443980816113166,0.07891768274524175,0.0,0.35,0.0,0.0,0.09664250909362661,0.0
target_return_band_250bp,2025-10-01,0.35,0.05410077706113614,0.1553257110936201,0.0,0.3499999999999999,0.0,0.0,0.06447716937280469,0.0260963424724391
target_return_band_250bp,2025-11-03,0.3499999999999999,0.03647140217979124,0.17055136990168981,0.0,0.35,0.0,0.0,0.06394195495752021,0.02903527296099883
target_return_band_250bp,2025-12-01,0.35,0.04544312595506337,0.1582106226765135,0.0,0.35,0.0,0.0,0.07786316880508119,0.018483082563341958
target_return_band_500bp,2011-01-03,0.32132148860226567,0.14557024329659843,0.33579534740602285,0.13128839869267192,0.021443711930249756,0.0,0.0445808100721913,0.0,0.0
target_return_band_500bp,2011-02-01,0.20002461344008293,0.16464440802553823,0.35,0.17899327362171719,0.04483542333232261,0.0,0.06150228158033916,0.0,0.0
target_return_band_500bp,2011-03-01,0.22201970451848652,0.149613176982076,0.35,0.18540509990321702,0.033448502647504326,0.0,0.05951351594871622,0.0,0.0
target_return_band_500bp,2011-04-01,0.24760455002051895,0.17539118403855658,0.28317073227882794,0.1795579204185987,0.06817915626444133,0.0,0.04609645697905651,0.0,0.0
target_return_band_500bp,2011-05-02,0.34711422768879874,0.14835871925081784,0.25078403528271914,0.13577803736668234,0.08037321857660314,0.0,0.03759176183437891,0.0,0.0
target_return_band_500bp,2011-06-01,0.35,0.11858606992717703,0.3067245275614277,0.13675435568435346,0.05207497752882808,0.0,0.03586006929821384,0.0,0.0
target_return_band_500bp,2011-07-01,0.317365481302354,0.12355595424601773,0.3217438334361484,0.1528603482920663,0.04282712333160464,0.0,0.041647259391809036,0.0,0.0
target_return_band_500bp,2011-08-01,0.35,0.09644494413018663,0.2683690027360178,0.12225065195120326,0.1266511509635002,0.0,0.027345296937347597,0.003294749953253385,0.005644203328491331
target_return_band_500bp,2011-09-01,0.35,0.07769127447652817,0.2921915857257558,0.0920783587051552,0.12873641946192885,0.0,0.006584414580962101,0.051243180542856634,0.0014747665068133606
target_return_band_500bp,2011-10-03,0.35,0.06031410455971734,0.25303482138931127,0.15493672190495283,0.1276624108843934,0.0,0.0030201085100531135,0.051031832751572116,0.0
target_return_band_500bp,2011-11-01,0.35,0.0,0.35,0.000802315801953654,0.20931068227420235,0.014201239777763516,0.0,0.07568576214608062,0.0
target_return_band_500bp,2011-12-01,0.35,0.007465814706430533,0.24891814854472297,0.10782053751795596,0.1976446369589353,0.0,0.0,0.08815086227195527,0.0
target_return_band_500bp,2012-01-03,0.35,0.05334965312683454,0.08593661664626165,0.13849447801345763,0.2838769915067482,0.0,0.0,0.08834226070669812,0.0
target_return_band_500bp,2012-02-01,0.35,0.0,0.19252961534038987,0.1340240798091361,0.2392514613354805,0.0,0.0,0.08419484351499394,0.0
target_return_band_500bp,2012-03-01,0.35,0.0,0.2850882224816943,0.07331745560755615,0.2236722540998556,0.03134636806645841,0.0,0.03657569974443571,0.0
target_return_band_500bp,2012-04-02,0.35,0.0046437271741192766,0.1543103763178827,0.1296726032040747,0.2622801676012115,0.0,0.0,0.09909312570271187,0.0
target_return_band_500bp,2012-05-01,0.35,0.0,0.1945911887525406,0.08984649903957723,0.26863976286855706,0.0,0.0,0.09692254933932534,0.0
target_return_band_500bp,2012-06-01,0.35,0.005637037141506251,0.18272285538706115,0.11485207797263991,0.23857858792764639,0.0,0.0,0.10820944157114633,0.0
target_return_band_500bp,2012-07-02,0.35,0.001641974315215428,0.19785284993799077,0.10607433448854135,0.23497687847559862,0.0,0.0,0.10945396278265404,0.0
target_return_band_500bp,2012-08-01,0.35,0.009391185180244482,0.21384413390265672,0.09938120690592829,0.21513436069029573,0.0,0.002659039934924166,0.10959007338595077,0.0
target_return_band_500bp,2012-09-04,0.35,0.018622361413333403,0.2224338194146051,0.09841240666853984,0.19430273048405344,0.0,0.01113126223793588,0.10509741978153232,0.0
target_return_band_500bp,2012-10-01,0.34500373583921534,0.03984455735086881,0.23759740544790411,0.09939598966148792,0.15947888485437176,0.0,0.019264497969487728,0.09941492887666435,0.0
target_return_band_500bp,2012-11-01,0.3467175387959679,0.031186817394218434,0.1948459534422945,0.17250678064644706,0.14543451807627664,0.0,0.026845569284479547,0.08246282236031599,0.0
target_return_band_500bp,2012-12-03,0.274447834980393,0.022324800564825782,0.2504235268089569,0.1515224369854701,0.1687182585655936,0.0,0.032868996471667765,0.09969414562309296,0.0
target_return_band_500bp,2013-01-02,0.3036082751498699,0.02761951864418997,0.2765524430505121,0.14254532655077157,0.1248952199135033,0.0,0.018092630585877303,0.10668658610527597,0.0
target_return_band_500bp,2013-02-01,0.30732075733884734,0.029769918442395963,0.2916279854520668,0.11421481941399023,0.11670513431738672,0.0,0.01923820292788288,0.12112318210743006,0.0
target_return_band_500bp,2013-03-01,0.2907613019538726,0.01543674604410355,0.2669318738824264,0.12741159717967057,0.15925110943152634,0.0,0.013628271811083182,0.1265790996973172,0.0
target_return_band_500bp,2013-04-01,0.29333685384086566,0.018497975721388612,0.3105812026911876,0.08879481264058828,0.14431952602836912,0.0,0.0,0.1444696290776008,0.0
target_return_band_500bp,2013-05-01,0.2823712069861243,0.0,0.3274618660864271,0.11967754099124851,0.1239403489334819,0.0,0.00029835293016849707,0.1462506840725498,0.0
target_return_band_500bp,2013-06-03,0.2530185706662144,0.0,0.30282642417892613,0.16602035784571567,0.10468439044644022,0.0,0.0,0.17345025686270363,0.0
target_return_band_500bp,2013-07-01,0.17220143633440033,0.0,0.35,0.14373548839300085,0.10918640720359188,0.0,0.0,0.22487666806900708,0.0
target_return_band_500bp,2013-08-01,0.2021726331135027,0.0,0.35,0.05383643131607275,0.16060284768236635,0.0,0.0,0.2333880878880583,0.0
target_return_band_500bp,2013-09-03,0.17189267901115274,0.0,0.35,0.02893854696994595,0.1741702262616427,0.0,0.0,0.2749985477572587,0.0
target_return_band_500bp,2013-10-01,0.11270555293146417,0.0,0.3499999999999999,0.04868016497997732,0.2010208806191271,0.0,0.0,0.28759340146943146,0.0
target_return_band_500bp,2013-11-01,0.1370359515691859,0.0,0.35,0.15699845099470283,0.08547885825924709,0.0,0.0,0.2704867391768643,0.0
target_return_band_500bp,2013-12-02,0.15798341662451856,0.0,0.35,0.17572943852181144,0.0600582722956585,0.0,0.0,0.25622887255801147,0.0
target_return_band_500bp,2014-01-02,0.13022532103713044,0.0,0.35,0.232927924816518,0.04573225446957915,0.0,0.0,0.2411144996767726,0.0
target_return_band_500bp,2014-02-03,0.11167359227157729,0.0,0.35,0.25328023363690305,0.05886979168976238,0.0,0.0,0.22617638240175716,0.0
target_return_band_500bp,2014-03-03,0.1483959827525278,0.0,0.35,0.26923018058159615,0.016443230893413693,0.0,0.0,0.21593060577246226,0.0
target_return_band_500bp,2014-04-01,0.1559086941151633,0.0,0.35,0.2752991902933159,0.0,0.0,0.0,0.21879211559152084,0.0
target_return_band_500bp,2014-05-01,0.10937870056030373,0.0,0.35,0.3198349870903358,0.0,0.0,0.0,0.2207863123493603,0.0
target_return_band_500bp,2014-06-02,0.13811443121860068,0.0,0.35,0.2855002877757727,0.0019098187448958262,0.0,0.0,0.2244754622607309,0.0
target_return_band_500bp,2014-07-01,0.18085549609232607,0.0,0.35,0.24153263679383313,0.0,0.0,0.0,0.2276118671138408,0.0
target_return_band_500bp,2014-08-01,0.13553811965242976,0.0,0.35,0.27640290887223185,0.0,0.0,0.0,0.23805897147533836,0.0
target_return_band_500bp,2014-09-02,0.28375265930296645,0.0,0.22999452126407377,0.26523346314890683,0.0,0.0,0.0,0.22101935628405306,0.0
target_return_band_500bp,2014-10-01,0.26361469564393,0.0,0.23479775761734173,0.24416422192210638,0.0,0.0,0.0,0.25742332481662206,0.0
target_return_band_500bp,2014-11-03,0.2106494900511137,0.0,0.35,0.15276402716597093,0.0,0.0,0.0,0.2865864827829154,0.0
target_return_band_500bp,2014-12-01,0.35,0.0,0.1753058872882125,0.2535445934018959,0.0,0.0,0.0,0.2211495193098917,0.0
target_return_band_500bp,2015-01-02,0.3037431484155815,0.0,0.1726433715872135,0.2564582826118751,0.0,0.0,0.0,0.2671551973853303,0.0
target_return_band_500bp,2015-02-02,0.20366401794403372,0.0,0.25983054111609954,0.26425805451741674,0.0,0.0,0.0,0.27224738642245006,0.0
target_return_band_500bp,2015-03-02,0.21219188001620648,0.0,0.2510574267829054,0.24166423861102118,0.0,0.0,0.0,0.295086454589867,0.0
target_return_band_500bp,2015-04-01,0.16767803033348,0.0,0.32376986410564174,0.2064271726467953,0.0,0.0,0.0,0.30212493291408293,0.0
target_return_band_500bp,2015-05-01,0.1796275772900618,0.0,0.25446609583080043,0.24558073383574933,0.0,0.0,0.0,0.32032559304338853,0.0
target_return_band_500bp,2015-06-01,0.2931461570195215,0.0,0.19242171100474958,0.20619959323262044,0.0,0.0,0.0,0.3082325387431084,0.0
target_return_band_500bp,2015-07-01,0.30375196824201256,0.0,0.1910336487344445,0.1552143830235427,0.0,0.0,0.0,0.3499999999999999,0.0
target_return_band_500bp,2015-08-03,0.21208843442904435,0.0,0.28146542135816915,0.12434431020373295,0.0,0.03210183400905402,0.0,0.3499999999999999,0.0
target_return_band_500bp,2015-09-01,0.0,0.0,0.35,0.17282860125280686,0.0,0.09326739648260549,0.03390400226458691,0.35,0.0
target_return_band_500bp,2015-10-01,0.0,0.0,0.35,0.13707072343059493,0.0,0.0,0.16292927656940506,0.34999999999999937,0.0
target_return_band_500bp,2015-11-02,0.2275960917708244,0.0,0.34999999999999976,0.004852464689173178,0.0,0.0,0.06755144354000303,0.3499999999999999,0.0
target_return_band_500bp,2015-12-01,0.1908941689032313,0.0,0.34999999999999987,0.03161337803854335,0.0,0.0,0.07749245305822551,0.3499999999999999,0.0
target_return_band_500bp,2016-01-04,0.17584656288181205,0.0,0.35,0.0004074946723682388,0.0,0.0,0.12374594244581974,0.3499999999999999,0.0
target_return_band_500bp,2016-02-01,0.0,0.0,0.35,0.059350287554651146,0.0,0.0,0.24064971244534894,0.35,0.0
target_return_band_500bp,2016-03-01,0.0,0.0,0.35,0.053489549303277255,0.0,0.0,0.24651045069672278,0.35,0.0
target_return_band_500bp,2016-04-01,0.0,0.0,0.35,0.18321949177182914,0.0,0.0,0.11678050822817096,0.35,0.0
target_return_band_500bp,2016-05-02,0.0,0.0,0.07670318014782562,0.35,0.0,0.0,0.22329681985217467,0.3499999999999999,0.0
target_return_band_500bp,2016-06-01,0.0,0.0,0.35,0.1490388951203163,0.0,0.0,0.15096110487968395,0.35,0.0
target_return_band_500bp,2016-07-01,0.03317717164173799,0.0,0.35,0.35,0.0,0.0,0.006026933791627071,0.2607958945666351,0.0
target_return_band_500bp,2016-08-01,0.043275267039610155,0.0,0.35,0.35,0.0,0.0,0.01873125591978317,0.23799347704060664,0.0
target_return_band_500bp,2016-09-01,0.09520383034417712,0.0,0.35,0.31753164393680805,0.0,0.0,0.017979219835664053,0.21928530588335077,0.0
target_return_band_500bp,2016-10-03,0.029081399071348917,0.0,0.3499999999999999,0.35,0.0,0.0,0.03847834240780015,0.23244025852085107,0.0
target_return_band_500bp,2016-11-01,0.0,0.0,0.1923020890267503,0.35,0.0,0.0,0.23084596235132468,0.226851948621925,0.0
target_return_band_500bp,2016-12-01,0.0,0.0,0.18236948175404694,0.35,0.0,0.0,0.23203928554989453,0.2355912326960587,0.0
target_return_band_500bp,2017-01-03,0.0,0.0,0.35,0.25054850722488964,0.0,0.0,0.20969829284418465,0.18975319993092574,0.0
target_return_band_500bp,2017-02-01,0.0,0.0,0.3170507457405725,0.21021766809351689,0.0,0.0,0.14672146919680282,0.32601011696910764,0.0
target_return_band_500bp,2017-03-01,0.0,0.0,0.3258499577759264,0.1815120443344632,0.0,0.0,0.14292408681319732,0.3497139110764129,0.0
target_return_band_500bp,2017-04-03,0.0,0.0,0.35,0.11523756911742766,0.0,0.0,0.18476243088257235,0.35,0.0
target_return_band_500bp,2017-05-01,0.0,0.0,0.34999999999999964,0.1409681452054493,0.0,0.0,0.15903185479455048,0.35,0.0
target_return_band_500bp,2017-06-01,0.0,0.0,0.0682196242383392,0.35,0.0,0.0,0.23178037576166088,0.35,0.0
target_return_band_500bp,2017-07-03,0.0,0.0,0.04493961932464792,0.35,0.0,0.0,0.2550603806753522,0.35,0.0
target_return_band_500bp,2017-08-01,0.0,0.0,0.10947439732103853,0.35,0.0,0.0,0.19052560267896151,0.35,0.0
target_return_band_500bp,2017-09-01,0.0,0.0,0.03058512731153676,0.3499999999999999,0.0,0.0,0.2694148726884634,0.35,0.0
target_return_band_500bp,2017-10-02,0.0,0.0,0.19403462336560479,0.3499999999999999,0.0,0.0,0.10596537663439522,0.35,0.0
target_return_band_500bp,2017-11-01,0.0,0.030538644433597915,0.08682932412095662,0.35,0.0,0.1415648655695465,0.04106716587589904,0.35,0.0
target_return_band_500bp,2017-12-01,0.0,0.032666981812113895,0.05970511068081879,0.35,0.0,0.14619158725103265,0.061436320256034564,0.35,0.0
target_return_band_500bp,2018-01-02,0.0,0.10205321162403376,0.06048669914818534,0.35,0.0,0.1374600892277808,0.0,0.35,0.0
target_return_band_500bp,2018-02-01,0.11805964387457661,0.08040068020390376,0.0,0.35,0.0,0.10153967592151977,0.0,0.35,0.0
target_return_band_500bp,2018-03-01,0.0,0.24722057023272337,0.0,0.12010412953992193,0.0,0.21776845312823911,0.0,0.3499999999999999,0.06490684709911573
target_return_band_500bp,2018-04-02,0.0,0.3038492797563024,0.0,0.14297305629976878,0.0,0.0260817544660513,0.0,0.35,0.17709590947787765
target_return_band_500bp,2018-05-01,0.0,0.201625719795276,0.0,0.0,0.0,0.34999999999999987,0.0,0.35,0.09837428020472351
target_return_band_500bp,2018-06-01,0.0,0.24899881321644018,0.0,0.05064060882801047,0.0,0.3281012992408264,0.022259278714723024,0.35,0.0
target_return_band_500bp,2018-07-02,0.0,0.09826153339987574,0.0,0.35,0.027019472290164517,0.0,0.17471899430995966,0.35,0.0
target_return_band_500bp,2018-08-01,0.0,0.2177694291547189,0.0,0.35,0.012118597721656956,0.007329342096438816,0.04809504109335486,0.3499999999999999,0.014687589933830791
target_return_band_500bp,2018-09-04,0.18230267120652457,0.01288803519145028,0.0,0.2970878525860822,0.1736530256825245,0.0,0.0,0.3340684153334184,0.0
target_return_band_500bp,2018-10-01,0.2524828303460983,0.031012947576276238,0.0,0.20414557241222714,0.17389175538549417,0.0,0.0,0.33846689427990406,0.0
target_return_band_500bp,2018-11-01,0.0,0.1706109290720889,0.0,0.09079707002166991,0.0,0.0,0.15385854087065542,0.35,0.23473346003558587
target_return_band_500bp,2018-12-03,0.04510462041756356,0.3271326332949182,0.0,0.1218801095795847,0.00849583623678099,0.0,0.08914918763091534,0.35,0.05823761284023734
target_return_band_500bp,2019-01-02,0.0,0.35,0.0,0.180689792818733,0.0,0.0,0.0,0.3499999999999999,0.11931020718126722
target_return_band_500bp,2019-02-01,0.18967531330554427,0.13772127895668243,0.0,0.35,0.0,0.0,0.0,0.3226034077377735,0.0
target_return_band_500bp,2019-03-01,0.20431749579901623,0.05227459741676445,0.0,0.3499999999999999,0.04172106790129323,0.0,0.0,0.35,0.0016868388829261527
target_return_band_500bp,2019-04-01,0.025482576982535008,0.0,0.0,0.35,0.22246815015337226,0.0,0.0,0.35,0.05204927286409277
target_return_band_500bp,2019-05-01,0.0034122471919399017,0.0,0.0,0.35,0.24990502937308723,0.0,0.0,0.35,0.046682723434973
target_return_band_500bp,2019-06-03,0.0,0.02980490140584127,0.0,0.35,0.16595704922514593,0.0,0.00683539738421406,0.35,0.09740265198479849
target_return_band_500bp,2019-07-01,0.2357188723220503,0.0,0.0,0.35,0.0894517689008718,0.0,0.0,0.324829358777078,0.0
target_return_band_500bp,2019-08-01,0.0,0.0,0.0,0.34999999999999987,0.20421332927348507,0.09578667072651509,0.0,0.35,0.0
target_return_band_500bp,2019-09-03,0.0,0.1123286091592201,0.18767139084077997,0.35,0.0,0.0,0.0,0.35,0.0
target_return_band_500bp,2019-10-01,0.0,0.06356314440336239,0.2217634411216732,0.35,0.0,0.0,0.014673414474964232,0.35,0.0
target_return_band_500bp,2019-11-01,0.11853715250072692,0.06613032017559284,0.18350614239085017,0.35,0.0,0.0,0.0,0.28182638493283024,0.0
target_return_band_500bp,2019-12-02,0.1347385545157297,0.048799476558822934,0.23165225710750925,0.35,0.0,0.0,0.0,0.23480971181793817,0.0
target_return_band_500bp,2020-01-02,0.2316914106012825,0.10959829216014375,0.10779428017624919,0.35,0.0,0.0,0.0,0.20091601706232456,0.0
target_return_band_500bp,2020-02-03,0.20085544083325638,0.07214921258730475,0.1992588362187629,0.3450711750052016,0.0,0.0,0.0,0.1826653353554744,0.0
target_return_band_500bp,2020-03-02,0.02894590488889914,0.07572367025946278,0.35,0.35,0.0,0.0,0.0,0.19533042485163798,0.0
target_return_band_500bp,2020-04-01,0.0,0.35,0.35,0.0016899058461657403,0.0,0.0,0.0,0.2983100941538343,0.0
target_return_band_500bp,2020-05-01,0.1275880748538366,0.23340719183185324,0.35,0.028314991846900603,0.10717563886917818,0.0,0.0,0.1535141025982314,0.0
target_return_band_500bp,2020-06-01,0.18190168228918868,0.20389117163755432,0.35,0.00826989035239829,0.11010522334273899,0.0,0.0,0.14583203237811973,0.0
target_return_band_500bp,2020-07-01,0.21995015030855233,0.1928910869651892,0.35,0.0,0.10680325375560384,0.0,0.0,0.13035550897065462,0.0
target_return_band_500bp,2020-08-03,0.30703913683798123,0.14802675781353333,0.35,0.0,0.08795131036743882,0.0,0.0,0.10698279498104676,0.0
target_return_band_500bp,2020-09-01,0.27706892210738676,0.12671625293894828,0.35,0.0,0.11949848917649379,0.0,0.0,0.12671633577717112,0.0
target_return_band_500bp,2020-10-01,0.2410605536257939,0.14057281361363147,0.35,0.0,0.1470064490990846,0.0,0.0,0.12136018366149015,0.0
target_return_band_500bp,2020-11-02,0.21270687152227633,0.16838556128720913,0.35,0.0,0.15019407829005563,0.0,0.0,0.11871348890045905,0.0
target_return_band_500bp,2020-12-01,0.19071722592310797,0.11038705071722092,0.35,0.0,0.20677109495850934,0.0,0.0,0.14212462840116186,0.0
target_return_band_500bp,2021-01-04,0.24973613236607056,0.11216644857218969,0.35,0.0,0.16164895858265824,0.0,0.0,0.1264484604790817,0.0
target_return_band_500bp,2021-02-01,0.17095088356465715,0.09651346946784836,0.3499999999999999,0.0,0.25076099697342213,0.0,0.0,0.1317746499940725,0.0
target_return_band_500bp,2021-03-01,0.16248649017467737,0.0684720642658538,0.35,0.0,0.2648068719781444,0.0,0.0,0.15423457358132442,0.0
target_return_band_500bp,2021-04-01,0.18435603961016725,0.06359270652484933,0.35,0.0,0.22981890790333812,0.0,0.0,0.17223234596164533,0.0
target_return_band_500bp,2021-05-03,0.25574086093950127,0.05499387098522925,0.35,0.0,0.19161161213277889,0.0,0.0,0.14765365594249072,0.0
target_return_band_500bp,2021-06-01,0.26128233790166316,0.08572087728665864,0.35,0.0,0.16849356578314328,0.0,0.0,0.13450321902853496,0.0
target_return_band_500bp,2021-07-01,0.26680687819147514,0.0679360167751077,0.35,0.0,0.17846107729368987,0.0,0.0,0.13679602773972716,0.0
target_return_band_500bp,2021-08-02,0.30299613954043453,0.05752468747986955,0.35,0.0,0.17436286937989698,0.0,0.0,0.11511630359979907,0.0
target_return_band_500bp,2021-09-01,0.28456208336893957,0.07059479220702725,0.35,0.0,0.17507924535792116,0.0,0.0,0.1197638790661121,0.0
target_return_band_500bp,2021-10-01,0.24537767979540429,0.0729957142273057,0.35,0.0,0.20883651062512687,0.0,0.0,0.12279009535216319,0.0
target_return_band_500bp,2021-11-01,0.3280086099729111,0.03834173432687198,0.30512528657661175,0.0,0.20823470168846564,0.0,0.0,0.12028966743513964,0.0
target_return_band_500bp,2021-12-01,0.317683996388442,0.03899163861706812,0.28848687006292967,0.0,0.23848248531952967,0.0,0.0,0.1163550096120305,0.0
target_return_band_500bp,2022-01-03,0.35,0.03138616415541951,0.25568280237055097,0.0,0.23685950423897886,0.0,0.0,0.12607152923505074,0.0
target_return_band_500bp,2022-02-01,0.24391383008243067,0.05549227233013274,0.243940635678162,0.0,0.3048761906099533,0.0,0.0,0.15177707129932125,0.0
target_return_band_500bp,2022-03-01,0.260467700850937,0.09406316481384172,0.1935878702994538,0.0,0.31993278193525976,0.0,0.0,0.13194848210050777,0.0
target_return_band_500bp,2022-04-01,0.33938325311418627,0.14594298478649373,0.04784931525281981,0.0,0.3311838560887261,0.0,0.0,0.13564059075777404,0.0
target_return_band_500bp,2022-05-02,0.30776147797246267,0.21014433842121685,0.0,0.0,0.35,0.0,0.0,0.13209418360632041,0.0
target_return_band_500bp,2022-06-01,0.3059425071390433,0.2108511628077768,0.0,0.0,0.3139443940144077,0.0,0.0,0.16926193603877218,0.0
target_return_band_500bp,2022-07-01,0.12852654697264157,0.35,0.0,0.0,0.30683730108494356,0.0,0.0,0.21463615194241487,0.0
target_return_band_500bp,2022-08-01,0.1675320306777102,0.23588946639492403,0.0,0.0,0.3499999999999999,0.0,0.0,0.24657850292736588,0.0
target_return_band_500bp,2022-09-01,0.0720785873237478,0.2279214126762522,0.0,0.0,0.35,0.0,0.0,0.3499999999999999,0.0
target_return_band_500bp,2022-10-03,0.0,0.35,0.0,0.0,0.0,0.0,0.30000000000000004,0.35,0.0
target_return_band_500bp,2022-11-01,0.0,0.35,0.0,0.0,0.0,0.0,0.30000000000000004,0.35,0.0
target_return_band_500bp,2022-12-01,0.26449096915363574,0.35,0.0,0.0,0.059653850715224124,0.0,0.0,0.32585518013114,0.0
target_return_band_500bp,2023-01-03,0.0,0.35,0.0,0.0,0.07060773178402872,0.2293922682159713,0.0,0.35,0.0
target_return_band_500bp,2023-02-01,0.27492620567882897,0.34999999999999987,0.0,0.0,0.025073794321171326,0.0,0.0,0.3499999999999999,0.0
target_return_band_500bp,2023-03-01,0.2950899164079145,0.3008249784672029,0.0,0.0,0.0,0.05408510512488251,0.0,0.35,0.0
target_return_band_500bp,2023-04-03,0.35,0.1621274274122132,0.0,0.0,0.2269501191852379,0.0,0.0,0.26092245340254916,0.0
target_return_band_500bp,2023-05-01,0.3499999999999999,0.18052966274707707,0.0,0.0,0.09810729008221039,0.08590448916040112,0.0,0.28545855801031167,0.0
target_return_band_500bp,2023-06-01,0.3499999999999999,0.20283672193545274,0.0,0.0,0.0,0.09716327806454733,0.0,0.35,0.0
target_return_band_500bp,2023-07-03,0.35,0.14707309656296924,0.0,0.0,0.07453025488479212,0.07839664855223878,0.0,0.35,0.0
target_return_band_500bp,2023-08-01,0.35,0.027000470517503074,0.0,0.0,0.11544232132054404,0.15755720816195296,0.0,0.35,0.0
target_return_band_500bp,2023-09-01,0.24713874677447542,0.0,0.0,0.0,0.0,0.35,0.052861253225524735,0.35,0.0
target_return_band_500bp,2023-10-02,0.09682769254847166,0.0,0.0,0.0,0.0,0.3499999999999999,0.20317230745152848,0.35,0.0
target_return_band_500bp,2023-11-01,0.0,0.12669981775148526,0.0,0.0,0.0,0.35,0.17330018224851407,0.35,0.0
target_return_band_500bp,2023-12-01,0.0,0.35,0.0,0.0,0.0,0.0,0.30000000000000004,0.35,0.0
target_return_band_500bp,2024-01-02,0.03669627071731894,0.27590770944259074,0.0,0.0,0.0,0.0,0.3373960198400904,0.35,0.0
target_return_band_500bp,2024-02-01,0.0,0.0,0.0,0.0,0.0,0.30000000000000004,0.35,0.35,0.0
target_return_band_500bp,2024-03-01,0.17540231573127318,0.35,0.0,0.0,0.0,0.12459768426872696,0.0,0.35,0.0
target_return_band_500bp,2024-04-01,0.3499999999999999,0.35,0.0,0.0,0.016988891096764887,0.0,0.0,0.2830111089032352,0.0
target_return_band_500bp,2024-05-01,0.0,0.35,0.0,0.0,0.0,0.30000000000000004,0.0,0.35,0.0
target_return_band_500bp,2024-06-03,0.0,0.35,0.0,0.0,0.0,0.30000000000000004,0.0,0.35,0.0
target_return_band_500bp,2024-07-01,0.3499999999999999,0.35,0.0,0.0,0.010612077692668658,0.0,0.0,0.2893879223073316,0.0
target_return_band_500bp,2024-08-01,0.35,0.35,0.0,0.0,0.05466288704532728,0.0,0.0,0.24533711295467303,0.0
target_return_band_500bp,2024-09-03,0.35,0.35,0.0,0.0,0.07619426640164603,0.0,0.0,0.223805733598354,0.0
target_return_band_500bp,2024-10-01,0.35,0.31271486327624326,0.0,0.0,0.19201178748934628,0.0,0.0,0.14527334923441054,0.0
target_return_band_500bp,2024-11-01,0.35,0.3298244934451647,0.0,0.0,0.18382738839298332,0.0,0.0,0.1363481181618521,0.0
target_return_band_500bp,2024-12-02,0.35,0.3033625813826008,0.0,0.0,0.18447914584651842,0.0,0.0,0.1621582727708807,0.0
target_return_band_500bp,2025-01-02,0.35,0.34242379150639657,0.0,0.0,0.142587748915989,0.0,0.0,0.1649884595776145,0.0
target_return_band_500bp,2025-02-03,0.35,0.24744427159926863,0.0,0.0,0.24654340344582798,0.0,0.0,0.1560123249549033,0.0
target_return_band_500bp,2025-03-03,0.34999999999999987,0.23786970966639137,0.0,0.0,0.24638003967944735,0.0,0.0,0.16575025065416144,0.0
target_return_band_500bp,2025-04-01,0.35,0.28524703901842224,0.0,0.0,0.2556674648984592,0.0,0.0,0.10908549608311847,0.0
target_return_band_500bp,2025-05-01,0.3499999999999999,0.23118776321496048,0.0,0.0,0.34458833909615527,0.0,0.0,0.07422389768888418,0.0
target_return_band_500bp,2025-06-02,0.35,0.17409250234387497,0.0209736302859377,0.0,0.35,0.0,0.0,0.10493386737018733,0.0
target_return_band_500bp,2025-07-01,0.35,0.12942591312711088,0.06382575152216527,0.0,0.35,0.0,0.0,0.10674833535072376,0.0
target_return_band_500bp,2025-08-01,0.35,0.12933511418464685,0.0674685667157579,0.0,0.3499999999999999,0.0,0.0,0.10319631909959531,0.0
target_return_band_500bp,2025-09-02,0.3499999999999999,0.12443980816113166,0.07891768274524175,0.0,0.35,0.0,0.0,0.09664250909362661,0.0
target_return_band_500bp,2025-10-01,0.35,0.05410077706113614,0.1553257110936201,0.0,0.3499999999999999,0.0,0.0,0.06447716937280469,0.0260963424724391
target_return_band_500bp,2025-11-03,0.3499999999999999,0.03647140217979124,0.17055136990168981,0.0,0.35,0.0,0.0,0.06394195495752021,0.02903527296099883
target_return_band_500bp,2025-12-01,0.35,0.04544312595506337,0.1582106226765135,0.0,0.35,0.0,0.0,0.07786316880508119,0.018483082563341958
target_return_band_750bp,2011-01-03,0.32132148860226567,0.14557024329659843,0.33579534740602285,0.13128839869267192,0.021443711930249756,0.0,0.0445808100721913,0.0,0.0
target_return_band_750bp,2011-02-01,0.20002461344008293,0.16464440802553823,0.35,0.17899327362171719,0.04483542333232261,0.0,0.06150228158033916,0.0,0.0
target_return_band_750bp,2011-03-01,0.22201970451848652,0.149613176982076,0.35,0.18540509990321702,0.033448502647504326,0.0,0.05951351594871622,0.0,0.0
target_return_band_750bp,2011-04-01,0.24760455002051895,0.17539118403855658,0.28317073227882794,0.1795579204185987,0.06817915626444133,0.0,0.04609645697905651,0.0,0.0
target_return_band_750bp,2011-05-02,0.34711422768879874,0.14835871925081784,0.25078403528271914,0.13577803736668234,0.08037321857660314,0.0,0.03759176183437891,0.0,0.0
target_return_band_750bp,2011-06-01,0.35,0.11858606992717703,0.3067245275614277,0.13675435568435346,0.05207497752882808,0.0,0.03586006929821384,0.0,0.0
target_return_band_750bp,2011-07-01,0.317365481302354,0.12355595424601773,0.3217438334361484,0.1528603482920663,0.04282712333160464,0.0,0.041647259391809036,0.0,0.0
target_return_band_750bp,2011-08-01,0.35,0.09644494413018663,0.2683690027360178,0.12225065195120326,0.1266511509635002,0.0,0.027345296937347597,0.003294749953253385,0.005644203328491331
target_return_band_750bp,2011-09-01,0.35,0.07769127447652817,0.2921915857257558,0.0920783587051552,0.12873641946192885,0.0,0.006584414580962101,0.051243180542856634,0.0014747665068133606
target_return_band_750bp,2011-10-03,0.35,0.06031410455971734,0.25303482138931127,0.15493672190495283,0.1276624108843934,0.0,0.0030201085100531135,0.051031832751572116,0.0
target_return_band_750bp,2011-11-01,0.35,0.0,0.35,0.000802315801953654,0.20931068227420235,0.014201239777763516,0.0,0.07568576214608062,0.0
target_return_band_750bp,2011-12-01,0.35,0.007465814706430533,0.24891814854472297,0.10782053751795596,0.1976446369589353,0.0,0.0,0.08815086227195527,0.0
target_return_band_750bp,2012-01-03,0.35,0.05334965312683454,0.08593661664626165,0.13849447801345763,0.2838769915067482,0.0,0.0,0.08834226070669812,0.0
target_return_band_750bp,2012-02-01,0.35,0.0,0.19252961534038987,0.1340240798091361,0.2392514613354805,0.0,0.0,0.08419484351499394,0.0
target_return_band_750bp,2012-03-01,0.35,0.0,0.2850882224816943,0.07331745560755615,0.2236722540998556,0.03134636806645841,0.0,0.03657569974443571,0.0
target_return_band_750bp,2012-04-02,0.35,0.0046437271741192766,0.1543103763178827,0.1296726032040747,0.2622801676012115,0.0,0.0,0.09909312570271187,0.0
target_return_band_750bp,2012-05-01,0.35,0.0,0.1945911887525406,0.08984649903957723,0.26863976286855706,0.0,0.0,0.09692254933932534,0.0
target_return_band_750bp,2012-06-01,0.35,0.005637037141506251,0.18272285538706115,0.11485207797263991,0.23857858792764639,0.0,0.0,0.10820944157114633,0.0
target_return_band_750bp,2012-07-02,0.35,0.001641974315215428,0.19785284993799077,0.10607433448854135,0.23497687847559862,0.0,0.0,0.10945396278265404,0.0
target_return_band_750bp,2012-08-01,0.35,0.009391185180244482,0.21384413390265672,0.09938120690592829,0.21513436069029573,0.0,0.002659039934924166,0.10959007338595077,0.0
target_return_band_750bp,2012-09-04,0.35,0.018622361413333403,0.2224338194146051,0.09841240666853984,0.19430273048405344,0.0,0.01113126223793588,0.10509741978153232,0.0
target_return_band_750bp,2012-10-01,0.34500373583921534,0.03984455735086881,0.23759740544790411,0.09939598966148792,0.15947888485437176,0.0,0.019264497969487728,0.09941492887666435,0.0
target_return_band_750bp,2012-11-01,0.3467175387959679,0.031186817394218434,0.1948459534422945,0.17250678064644706,0.14543451807627664,0.0,0.026845569284479547,0.08246282236031599,0.0
target_return_band_750bp,2012-12-03,0.274447834980393,0.022324800564825782,0.2504235268089569,0.1515224369854701,0.1687182585655936,0.0,0.032868996471667765,0.09969414562309296,0.0
target_return_band_750bp,2013-01-02,0.3036082751498699,0.02761951864418997,0.2765524430505121,0.14254532655077157,0.1248952199135033,0.0,0.018092630585877303,0.10668658610527597,0.0
target_return_band_750bp,2013-02-01,0.30732075733884734,0.029769918442395963,0.2916279854520668,0.11421481941399023,0.11670513431738672,0.0,0.01923820292788288,0.12112318210743006,0.0
target_return_band_750bp,2013-03-01,0.2907613019538726,0.01543674604410355,0.2669318738824264,0.12741159717967057,0.15925110943152634,0.0,0.013628271811083182,0.1265790996973172,0.0
target_return_band_750bp,2013-04-01,0.29333685384086566,0.018497975721388612,0.3105812026911876,0.08879481264058828,0.14431952602836912,0.0,0.0,0.1444696290776008,0.0
target_return_band_750bp,2013-05-01,0.2823712069861243,0.0,0.3274618660864271,0.11967754099124851,0.1239403489334819,0.0,0.00029835293016849707,0.1462506840725498,0.0
target_return_band_750bp,2013-06-03,0.2530185706662144,0.0,0.30282642417892613,0.16602035784571567,0.10468439044644022,0.0,0.0,0.17345025686270363,0.0
target_return_band_750bp,2013-07-01,0.17220143633440033,0.0,0.35,0.14373548839300085,0.10918640720359188,0.0,0.0,0.22487666806900708,0.0
target_return_band_750bp,2013-08-01,0.2021726331135027,0.0,0.35,0.05383643131607275,0.16060284768236635,0.0,0.0,0.2333880878880583,0.0
target_return_band_750bp,2013-09-03,0.17189267901115274,0.0,0.35,0.02893854696994595,0.1741702262616427,0.0,0.0,0.2749985477572587,0.0
target_return_band_750bp,2013-10-01,0.11270555293146417,0.0,0.3499999999999999,0.04868016497997732,0.2010208806191271,0.0,0.0,0.28759340146943146,0.0
target_return_band_750bp,2013-11-01,0.1370359515691859,0.0,0.35,0.15699845099470283,0.08547885825924709,0.0,0.0,0.2704867391768643,0.0
target_return_band_750bp,2013-12-02,0.15798341662451856,0.0,0.35,0.17572943852181144,0.0600582722956585,0.0,0.0,0.25622887255801147,0.0
target_return_band_750bp,2014-01-02,0.13022532103713044,0.0,0.35,0.232927924816518,0.04573225446957915,0.0,0.0,0.2411144996767726,0.0
target_return_band_750bp,2014-02-03,0.11167359227157729,0.0,0.35,0.25328023363690305,0.05886979168976238,0.0,0.0,0.22617638240175716,0.0
target_return_band_750bp,2014-03-03,0.1483959827525278,0.0,0.35,0.26923018058159615,0.016443230893413693,0.0,0.0,0.21593060577246226,0.0
target_return_band_750bp,2014-04-01,0.1559086941151633,0.0,0.35,0.2752991902933159,0.0,0.0,0.0,0.21879211559152084,0.0
target_return_band_750bp,2014-05-01,0.10937870056030373,0.0,0.35,0.3198349870903358,0.0,0.0,0.0,0.2207863123493603,0.0
target_return_band_750bp,2014-06-02,0.13811443121860068,0.0,0.35,0.2855002877757727,0.0019098187448958262,0.0,0.0,0.2244754622607309,0.0
target_return_band_750bp,2014-07-01,0.18085549609232607,0.0,0.35,0.24153263679383313,0.0,0.0,0.0,0.2276118671138408,0.0
target_return_band_750bp,2014-08-01,0.13553811965242976,0.0,0.35,0.27640290887223185,0.0,0.0,0.0,0.23805897147533836,0.0
target_return_band_750bp,2014-09-02,0.28375265930296645,0.0,0.22999452126407377,0.26523346314890683,0.0,0.0,0.0,0.22101935628405306,0.0
target_return_band_750bp,2014-10-01,0.26361469564393,0.0,0.23479775761734173,0.24416422192210638,0.0,0.0,0.0,0.25742332481662206,0.0
target_return_band_750bp,2014-11-03,0.2106494900511137,0.0,0.35,0.15276402716597093,0.0,0.0,0.0,0.2865864827829154,0.0
target_return_band_750bp,2014-12-01,0.35,0.0,0.1753058872882125,0.2535445934018959,0.0,0.0,0.0,0.2211495193098917,0.0
target_return_band_750bp,2015-01-02,0.3037431484155815,0.0,0.1726433715872135,0.2564582826118751,0.0,0.0,0.0,0.2671551973853303,0.0
target_return_band_750bp,2015-02-02,0.20366401794403372,0.0,0.25983054111609954,0.26425805451741674,0.0,0.0,0.0,0.27224738642245006,0.0
target_return_band_750bp,2015-03-02,0.21219188001620648,0.0,0.2510574267829054,0.24166423861102118,0.0,0.0,0.0,0.295086454589867,0.0
target_return_band_750bp,2015-04-01,0.16767803033348,0.0,0.32376986410564174,0.2064271726467953,0.0,0.0,0.0,0.30212493291408293,0.0
target_return_band_750bp,2015-05-01,0.1796275772900618,0.0,0.25446609583080043,0.24558073383574933,0.0,0.0,0.0,0.32032559304338853,0.0
target_return_band_750bp,2015-06-01,0.2931461570195215,0.0,0.19242171100474958,0.20619959323262044,0.0,0.0,0.0,0.3082325387431084,0.0
target_return_band_750bp,2015-07-01,0.30375196824201256,0.0,0.1910336487344445,0.1552143830235427,0.0,0.0,0.0,0.3499999999999999,0.0
target_return_band_750bp,2015-08-03,0.21208843442904435,0.0,0.28146542135816915,0.12434431020373295,0.0,0.03210183400905402,0.0,0.3499999999999999,0.0
target_return_band_750bp,2015-09-01,0.0,0.0,0.35,0.17282860125280686,0.0,0.09326739648260549,0.03390400226458691,0.35,0.0
target_return_band_750bp,2015-10-01,0.0,0.0,0.35,0.13707072343059493,0.0,0.0,0.16292927656940506,0.34999999999999937,0.0
target_return_band_750bp,2015-11-02,0.2275960917708244,0.0,0.34999999999999976,0.004852464689173178,0.0,0.0,0.06755144354000303,0.3499999999999999,0.0
target_return_band_750bp,2015-12-01,0.1908941689032313,0.0,0.34999999999999987,0.03161337803854335,0.0,0.0,0.07749245305822551,0.3499999999999999,0.0
target_return_band_750bp,2016-01-04,0.17584656288181205,0.0,0.35,0.0004074946723682388,0.0,0.0,0.12374594244581974,0.3499999999999999,0.0
target_return_band_750bp,2016-02-01,0.0,0.0,0.35,0.059350287554651146,0.0,0.0,0.24064971244534894,0.35,0.0
target_return_band_750bp,2016-03-01,0.0,0.0,0.35,0.053489549303277255,0.0,0.0,0.24651045069672278,0.35,0.0
target_return_band_750bp,2016-04-01,0.0,0.0,0.35,0.18321949177182914,0.0,0.0,0.11678050822817096,0.35,0.0
target_return_band_750bp,2016-05-02,0.0,0.0,0.07670318014782562,0.35,0.0,0.0,0.22329681985217467,0.3499999999999999,0.0
target_return_band_750bp,2016-06-01,0.0,0.0,0.35,0.1490388951203163,0.0,0.0,0.15096110487968395,0.35,0.0
target_return_band_750bp,2016-07-01,0.03317717164173799,0.0,0.35,0.35,0.0,0.0,0.006026933791627071,0.2607958945666351,0.0
target_return_band_750bp,2016-08-01,0.043275267039610155,0.0,0.35,0.35,0.0,0.0,0.01873125591978317,0.23799347704060664,0.0
target_return_band_750bp,2016-09-01,0.09520383034417712,0.0,0.35,0.31753164393680805,0.0,0.0,0.017979219835664053,0.21928530588335077,0.0
target_return_band_750bp,2016-10-03,0.029081399071348917,0.0,0.3499999999999999,0.35,0.0,0.0,0.03847834240780015,0.23244025852085107,0.0
target_return_band_750bp,2016-11-01,0.0,0.0,0.1923020890267503,0.35,0.0,0.0,0.23084596235132468,0.226851948621925,0.0
target_return_band_750bp,2016-12-01,0.0,0.0,0.18236948175404694,0.35,0.0,0.0,0.23203928554989453,0.2355912326960587,0.0
target_return_band_750bp,2017-01-03,0.0,0.0,0.35,0.25054850722488964,0.0,0.0,0.20969829284418465,0.18975319993092574,0.0
target_return_band_750bp,2017-02-01,0.0,0.0,0.3170507457405725,0.21021766809351689,0.0,0.0,0.14672146919680282,0.32601011696910764,0.0
target_return_band_750bp,2017-03-01,0.0,0.0,0.3258499577759264,0.1815120443344632,0.0,0.0,0.14292408681319732,0.3497139110764129,0.0
target_return_band_750bp,2017-04-03,0.0,0.0,0.35,0.11523756911742766,0.0,0.0,0.18476243088257235,0.35,0.0
target_return_band_750bp,2017-05-01,0.0,0.0,0.34999999999999964,0.1409681452054493,0.0,0.0,0.15903185479455048,0.35,0.0
target_return_band_750bp,2017-06-01,0.0,0.0,0.0682196242383392,0.35,0.0,0.0,0.23178037576166088,0.35,0.0
target_return_band_750bp,2017-07-03,0.0,0.0,0.04493961932464792,0.35,0.0,0.0,0.2550603806753522,0.35,0.0
target_return_band_750bp,2017-08-01,0.0,0.0,0.10947439732103853,0.35,0.0,0.0,0.19052560267896151,0.35,0.0
target_return_band_750bp,2017-09-01,0.0,0.0,0.03058512731153676,0.3499999999999999,0.0,0.0,0.2694148726884634,0.35,0.0
target_return_band_750bp,2017-10-02,0.0,0.0,0.19403462336560479,0.3499999999999999,0.0,0.0,0.10596537663439522,0.35,0.0
target_return_band_750bp,2017-11-01,0.0,0.030538644433597915,0.08682932412095662,0.35,0.0,0.1415648655695465,0.04106716587589904,0.35,0.0
target_return_band_750bp,2017-12-01,0.0,0.032666981812113895,0.05970511068081879,0.35,0.0,0.14619158725103265,0.061436320256034564,0.35,0.0
target_return_band_750bp,2018-01-02,0.0,0.10205321162403376,0.06048669914818534,0.35,0.0,0.1374600892277808,0.0,0.35,0.0
target_return_band_750bp,2018-02-01,0.11805964387457661,0.08040068020390376,0.0,0.35,0.0,0.10153967592151977,0.0,0.35,0.0
target_return_band_750bp,2018-03-01,0.0,0.24722057023272337,0.0,0.12010412953992193,0.0,0.21776845312823911,0.0,0.3499999999999999,0.06490684709911573
target_return_band_750bp,2018-04-02,0.0,0.3038492797563024,0.0,0.14297305629976878,0.0,0.0260817544660513,0.0,0.35,0.17709590947787765
target_return_band_750bp,2018-05-01,0.0,0.201625719795276,0.0,0.0,0.0,0.34999999999999987,0.0,0.35,0.09837428020472351
target_return_band_750bp,2018-06-01,0.0,0.24899881321644018,0.0,0.05064060882801047,0.0,0.3281012992408264,0.022259278714723024,0.35,0.0
target_return_band_750bp,2018-07-02,0.0,0.09826153339987574,0.0,0.35,0.027019472290164517,0.0,0.17471899430995966,0.35,0.0
target_return_band_750bp,2018-08-01,0.0,0.2177694291547189,0.0,0.35,0.012118597721656956,0.007329342096438816,0.04809504109335486,0.3499999999999999,0.014687589933830791
target_return_band_750bp,2018-09-04,0.18230267120652457,0.01288803519145028,0.0,0.2970878525860822,0.1736530256825245,0.0,0.0,0.3340684153334184,0.0
target_return_band_750bp,2018-10-01,0.2524828303460983,0.031012947576276238,0.0,0.20414557241222714,0.17389175538549417,0.0,0.0,0.33846689427990406,0.0
target_return_band_750bp,2018-11-01,0.0,0.1706109290720889,0.0,0.09079707002166991,0.0,0.0,0.15385854087065542,0.35,0.23473346003558587
target_return_band_750bp,2018-12-03,0.04510462041756356,0.3271326332949182,0.0,0.1218801095795847,0.00849583623678099,0.0,0.08914918763091534,0.35,0.05823761284023734
target_return_band_750bp,2019-01-02,0.0,0.35,0.0,0.180689792818733,0.0,0.0,0.0,0.3499999999999999,0.11931020718126722
target_return_band_750bp,2019-02-01,0.18967531330554427,0.13772127895668243,0.0,0.35,0.0,0.0,0.0,0.3226034077377735,0.0
target_return_band_750bp,2019-03-01,0.20431749579901623,0.05227459741676445,0.0,0.3499999999999999,0.04172106790129323,0.0,0.0,0.35,0.0016868388829261527
target_return_band_750bp,2019-04-01,0.025482576982535008,0.0,0.0,0.35,0.22246815015337226,0.0,0.0,0.35,0.05204927286409277
target_return_band_750bp,2019-05-01,0.0034122471919399017,0.0,0.0,0.35,0.24990502937308723,0.0,0.0,0.35,0.046682723434973
target_return_band_750bp,2019-06-03,0.0,0.02980490140584127,0.0,0.35,0.16595704922514593,0.0,0.00683539738421406,0.35,0.09740265198479849
target_return_band_750bp,2019-07-01,0.2357188723220503,0.0,0.0,0.35,0.0894517689008718,0.0,0.0,0.324829358777078,0.0
target_return_band_750bp,2019-08-01,0.0,0.0,0.0,0.34999999999999987,0.20421332927348507,0.09578667072651509,0.0,0.35,0.0
target_return_band_750bp,2019-09-03,0.0,0.1123286091592201,0.18767139084077997,0.35,0.0,0.0,0.0,0.35,0.0
target_return_band_750bp,2019-10-01,0.0,0.06356314440336239,0.2217634411216732,0.35,0.0,0.0,0.014673414474964232,0.35,0.0
target_return_band_750bp,2019-11-01,0.11853715250072692,0.06613032017559284,0.18350614239085017,0.35,0.0,0.0,0.0,0.28182638493283024,0.0
target_return_band_750bp,2019-12-02,0.1347385545157297,0.048799476558822934,0.23165225710750925,0.35,0.0,0.0,0.0,0.23480971181793817,0.0
target_return_band_750bp,2020-01-02,0.2316914106012825,0.10959829216014375,0.10779428017624919,0.35,0.0,0.0,0.0,0.20091601706232456,0.0
target_return_band_750bp,2020-02-03,0.20085544083325638,0.07214921258730475,0.1992588362187629,0.3450711750052016,0.0,0.0,0.0,0.1826653353554744,0.0
target_return_band_750bp,2020-03-02,0.02894590488889914,0.07572367025946278,0.35,0.35,0.0,0.0,0.0,0.19533042485163798,0.0
target_return_band_750bp,2020-04-01,0.0,0.35,0.35,0.0016899058461657403,0.0,0.0,0.0,0.2983100941538343,0.0
target_return_band_750bp,2020-05-01,0.1275880748538366,0.23340719183185324,0.35,0.028314991846900603,0.10717563886917818,0.0,0.0,0.1535141025982314,0.0
target_return_band_750bp,2020-06-01,0.18190168228918868,0.20389117163755432,0.35,0.00826989035239829,0.11010522334273899,0.0,0.0,0.14583203237811973,0.0
target_return_band_750bp,2020-07-01,0.21995015030855233,0.1928910869651892,0.35,0.0,0.10680325375560384,0.0,0.0,0.13035550897065462,0.0
target_return_band_750bp,2020-08-03,0.30703913683798123,0.14802675781353333,0.35,0.0,0.08795131036743882,0.0,0.0,0.10698279498104676,0.0
target_return_band_750bp,2020-09-01,0.27706892210738676,0.12671625293894828,0.35,0.0,0.11949848917649379,0.0,0.0,0.12671633577717112,0.0
target_return_band_750bp,2020-10-01,0.2410605536257939,0.14057281361363147,0.35,0.0,0.1470064490990846,0.0,0.0,0.12136018366149015,0.0
target_return_band_750bp,2020-11-02,0.21270687152227633,0.16838556128720913,0.35,0.0,0.15019407829005563,0.0,0.0,0.11871348890045905,0.0
target_return_band_750bp,2020-12-01,0.19071722592310797,0.11038705071722092,0.35,0.0,0.20677109495850934,0.0,0.0,0.14212462840116186,0.0
target_return_band_750bp,2021-01-04,0.24973613236607056,0.11216644857218969,0.35,0.0,0.16164895858265824,0.0,0.0,0.1264484604790817,0.0
target_return_band_750bp,2021-02-01,0.17095088356465715,0.09651346946784836,0.3499999999999999,0.0,0.25076099697342213,0.0,0.0,0.1317746499940725,0.0
target_return_band_750bp,2021-03-01,0.16248649017467737,0.0684720642658538,0.35,0.0,0.2648068719781444,0.0,0.0,0.15423457358132442,0.0
target_return_band_750bp,2021-04-01,0.18435603961016725,0.06359270652484933,0.35,0.0,0.22981890790333812,0.0,0.0,0.17223234596164533,0.0
target_return_band_750bp,2021-05-03,0.25574086093950127,0.05499387098522925,0.35,0.0,0.19161161213277889,0.0,0.0,0.14765365594249072,0.0
target_return_band_750bp,2021-06-01,0.26128233790166316,0.08572087728665864,0.35,0.0,0.16849356578314328,0.0,0.0,0.13450321902853496,0.0
target_return_band_750bp,2021-07-01,0.26680687819147514,0.0679360167751077,0.35,0.0,0.17846107729368987,0.0,0.0,0.13679602773972716,0.0
target_return_band_750bp,2021-08-02,0.30299613954043453,0.05752468747986955,0.35,0.0,0.17436286937989698,0.0,0.0,0.11511630359979907,0.0
target_return_band_750bp,2021-09-01,0.28456208336893957,0.07059479220702725,0.35,0.0,0.17507924535792116,0.0,0.0,0.1197638790661121,0.0
target_return_band_750bp,2021-10-01,0.24537767979540429,0.0729957142273057,0.35,0.0,0.20883651062512687,0.0,0.0,0.12279009535216319,0.0
target_return_band_750bp,2021-11-01,0.3280086099729111,0.03834173432687198,0.30512528657661175,0.0,0.20823470168846564,0.0,0.0,0.12028966743513964,0.0
target_return_band_750bp,2021-12-01,0.317683996388442,0.03899163861706812,0.28848687006292967,0.0,0.23848248531952967,0.0,0.0,0.1163550096120305,0.0
target_return_band_750bp,2022-01-03,0.35,0.03138616415541951,0.25568280237055097,0.0,0.23685950423897886,0.0,0.0,0.12607152923505074,0.0
target_return_band_750bp,2022-02-01,0.24391383008243067,0.05549227233013274,0.243940635678162,0.0,0.3048761906099533,0.0,0.0,0.15177707129932125,0.0
target_return_band_750bp,2022-03-01,0.260467700850937,0.09406316481384172,0.1935878702994538,0.0,0.31993278193525976,0.0,0.0,0.13194848210050777,0.0
target_return_band_750bp,2022-04-01,0.33938325311418627,0.14594298478649373,0.04784931525281981,0.0,0.3311838560887261,0.0,0.0,0.13564059075777404,0.0
target_return_band_750bp,2022-05-02,0.30776147797246267,0.21014433842121685,0.0,0.0,0.35,0.0,0.0,0.13209418360632041,0.0
target_return_band_750bp,2022-06-01,0.3059425071390433,0.2108511628077768,0.0,0.0,0.3139443940144077,0.0,0.0,0.16926193603877218,0.0
target_return_band_750bp,2022-07-01,0.12852654697264157,0.35,0.0,0.0,0.30683730108494356,0.0,0.0,0.21463615194241487,0.0
target_return_band_750bp,2022-08-01,0.1675320306777102,0.23588946639492403,0.0,0.0,0.3499999999999999,0.0,0.0,0.24657850292736588,0.0
target_return_band_750bp,2022-09-01,0.0720785873237478,0.2279214126762522,0.0,0.0,0.35,0.0,0.0,0.3499999999999999,0.0
target_return_band_750bp,2022-10-03,0.0,0.35,0.0,0.0,0.0,0.0,0.30000000000000004,0.35,0.0
target_return_band_750bp,2022-11-01,0.0,0.35,0.0,0.0,0.0,0.0,0.30000000000000004,0.35,0.0
target_return_band_750bp,2022-12-01,0.26449096915363574,0.35,0.0,0.0,0.059653850715224124,0.0,0.0,0.32585518013114,0.0
target_return_band_750bp,2023-01-03,0.0,0.35,0.0,0.0,0.07060773178402872,0.2293922682159713,0.0,0.35,0.0
target_return_band_750bp,2023-02-01,0.27492620567882897,0.34999999999999987,0.0,0.0,0.025073794321171326,0.0,0.0,0.3499999999999999,0.0
target_return_band_750bp,2023-03-01,0.2950899164079145,0.3008249784672029,0.0,0.0,0.0,0.05408510512488251,0.0,0.35,0.0
target_return_band_750bp,2023-04-03,0.35,0.1621274274122132,0.0,0.0,0.2269501191852379,0.0,0.0,0.26092245340254916,0.0
target_return_band_750bp,2023-05-01,0.3499999999999999,0.18052966274707707,0.0,0.0,0.09810729008221039,0.08590448916040112,0.0,0.28545855801031167,0.0
target_return_band_750bp,2023-06-01,0.3499999999999999,0.20283672193545274,0.0,0.0,0.0,0.09716327806454733,0.0,0.35,0.0
target_return_band_750bp,2023-07-03,0.35,0.14707309656296924,0.0,0.0,0.07453025488479212,0.07839664855223878,0.0,0.35,0.0
target_return_band_750bp,2023-08-01,0.35,0.027000470517503074,0.0,0.0,0.11544232132054404,0.15755720816195296,0.0,0.35,0.0
target_return_band_750bp,2023-09-01,0.24713874677447542,0.0,0.0,0.0,0.0,0.35,0.052861253225524735,0.35,0.0
target_return_band_750bp,2023-10-02,0.09682769254847166,0.0,0.0,0.0,0.0,0.3499999999999999,0.20317230745152848,0.35,0.0
target_return_band_750bp,2023-11-01,0.0,0.12669981775148526,0.0,0.0,0.0,0.35,0.17330018224851407,0.35,0.0
target_return_band_750bp,2023-12-01,0.0,0.35,0.0,0.0,0.0,0.0,0.30000000000000004,0.35,0.0
target_return_band_750bp,2024-01-02,0.03669627071731894,0.27590770944259074,0.0,0.0,0.0,0.0,0.3373960198400904,0.35,0.0
target_return_band_750bp,2024-02-01,0.0,0.0,0.0,0.0,0.0,0.30000000000000004,0.35,0.35,0.0
target_return_band_750bp,2024-03-01,0.17540231573127318,0.35,0.0,0.0,0.0,0.12459768426872696,0.0,0.35,0.0
target_return_band_750bp,2024-04-01,0.3499999999999999,0.35,0.0,0.0,0.016988891096764887,0.0,0.0,0.2830111089032352,0.0
target_return_band_750bp,2024-05-01,0.0,0.35,0.0,0.0,0.0,0.30000000000000004,0.0,0.35,0.0
target_return_band_750bp,2024-06-03,0.0,0.35,0.0,0.0,0.0,0.30000000000000004,0.0,0.35,0.0
target_return_band_750bp,2024-07-01,0.3499999999999999,0.35,0.0,0.0,0.010612077692668658,0.0,0.0,0.2893879223073316,0.0
target_return_band_750bp,2024-08-01,0.35,0.35,0.0,0.0,0.05466288704532728,0.0,0.0,0.24533711295467303,0.0
target_return_band_750bp,2024-09-03,0.35,0.35,0.0,0.0,0.07619426640164603,0.0,0.0,0.223805733598354,0.0
target_return_band_750bp,2024-10-01,0.35,0.31271486327624326,0.0,0.0,0.19201178748934628,0.0,0.0,0.14527334923441054,0.0
target_return_band_750bp,2024-11-01,0.35,0.3298244934451647,0.0,0.0,0.18382738839298332,0.0,0.0,0.1363481181618521,0.0
target_return_band_750bp,2024-12-02,0.35,0.3033625813826008,0.0,0.0,0.18447914584651842,0.0,0.0,0.1621582727708807,0.0
target_return_band_750bp,2025-01-02,0.35,0.34242379150639657,0.0,0.0,0.142587748915989,0.0,0.0,0.1649884595776145,0.0
target_return_band_750bp,2025-02-03,0.35,0.24744427159926863,0.0,0.0,0.24654340344582798,0.0,0.0,0.1560123249549033,0.0
target_return_band_750bp,2025-03-03,0.34999999999999987,0.23786970966639137,0.0,0.0,0.24638003967944735,0.0,0.0,0.16575025065416144,0.0
target_return_band_750bp,2025-04-01,0.35,0.28524703901842224,0.0,0.0,0.2556674648984592,0.0,0.0,0.10908549608311847,0.0
target_return_band_750bp,2025-05-01,0.3499999999999999,0.23118776321496048,0.0,0.0,0.34458833909615527,0.0,0.0,0.07422389768888418,0.0
target_return_band_750bp,2025-06-02,0.35,0.17409250234387497,0.0209736302859377,0.0,0.35,0.0,0.0,0.10493386737018733,0.0
target_return_band_750bp,2025-07-01,0.35,0.12942591312711088,0.06382575152216527,0.0,0.35,0.0,0.0,0.10674833535072376,0.0
target_return_band_750bp,2025-08-01,0.35,0.12933511418464685,0.0674685667157579,0.0,0.3499999999999999,0.0,0.0,0.10319631909959531,0.0
target_return_band_750bp,2025-09-02,0.3499999999999999,0.12443980816113166,0.07891768274524175,0.0,0.35,0.0,0.0,0.09664250909362661,0.0
target_return_band_750bp,2025-10-01,0.35,0.05410077706113614,0.1553257110936201,0.0,0.3499999999999999,0.0,0.0,0.06447716937280469,0.0260963424724391
target_return_band_750bp,2025-11-03,0.3499999999999999,0.03647140217979124,0.17055136990168981,0.0,0.35,0.0,0.0,0.06394195495752021,0.02903527296099883
target_return_band_750bp,2025-12-01,0.35,0.04544312595506337,0.1582106226765135,0.0,0.35,0.0,0.0,0.07786316880508119,0.018483082563341958
maximum_sharpe_monthly,2011-01-03,0.15333226949274362,0.20623670531135435,0.35,0.17568334601823374,0.05841263641307445,0.0,0.056335042764593286,0.0,0.0
maximum_sharpe_monthly,2011-02-01,0.1799232182511732,0.1711329981631288,0.35,0.18527109424896832,0.0504426991911413,0.0,0.06322999014558807,0.0,0.0
maximum_sharpe_monthly,2011-03-01,0.14686806324990054,0.17303389930562532,0.3499999999999993,0.2114487546105881,0.05261423849670233,0.0,0.06603504433718418,0.0,0.0
maximum_sharpe_monthly,2011-04-01,0.046297337766503216,0.24017758120580815,0.35,0.22971463539047715,0.0740377965078707,0.0,0.05977264912934084,0.0,0.0
maximum_sharpe_monthly,2011-05-02,0.04632639600818755,0.2489065462187785,0.34999999999999953,0.19730936439091715,0.10056127961958683,0.0,0.056896413762528984,0.0,0.0
maximum_sharpe_monthly,2011-06-01,0.14534259043354614,0.19434168397884055,0.34999999999999887,0.19759445004647916,0.0640384683665203,0.0,0.048682807174612604,0.0,0.0
maximum_sharpe_monthly,2011-07-01,0.14190987292448723,0.17529097553745004,0.35,0.2060439016603322,0.07334892325182693,0.0,0.05340632662590405,0.0,0.0
maximum_sharpe_monthly,2011-08-01,0.07533222998068885,0.19526705281102927,0.3499999999999998,0.19788472608856084,0.13287373865557184,0.0,0.04864225246414846,0.0,0.0
maximum_sharpe_monthly,2011-09-01,0.1070641508749782,0.26076879518678975,0.34999999999999987,0.18913814887771946,0.048303053477565874,0.0,0.03864784312850579,0.0,0.006078008454440428
maximum_sharpe_monthly,2011-10-03,0.06934546613518303,0.17129400233904024,0.32665661235421234,0.35,0.04547453250482692,0.0,0.027124100016266247,0.0,0.010105286650471274
maximum_sharpe_monthly,2011-11-01,0.11783960652832315,0.14917472380441407,0.0974455629828205,0.35,0.21428121199916111,0.0,0.005636434977107271,0.04672525591167009,0.01889720379650434
maximum_sharpe_monthly,2011-12-01,0.03179186624676825,0.18394100737519642,0.0,0.327977069298729,0.35,0.0,0.021885787460216192,0.05789243988389771,0.02651182973519247
maximum_sharpe_monthly,2012-01-03,0.14356986804500127,0.11273171424770258,0.056510421766892714,0.21644637286130405,0.34999999999999987,0.0,0.0,0.11885648174333993,0.001885141335758852
maximum_sharpe_monthly,2012-02-01,0.03384487539616544,0.10208672002258613,0.15488572100379483,0.20697716245380682,0.35,0.0,0.006397306969435305,0.12162529603617532,0.024182918118036575
maximum_sharpe_monthly,2012-03-01,0.01832773623943134,0.07285834125732493,0.05883665638716378,0.3407791935472572,0.34241836501454276,0.0,0.0022469653602035203,0.16453274219407715,0.0
maximum_sharpe_monthly,2012-04-02,0.144189084565315,0.07018036058974907,0.028043413497066207,0.35,0.2744347777229068,0.0,0.03354261268081057,0.09960975094415275,0.0
maximum_sharpe_monthly,2012-05-01,0.03089670380849972,0.07672636821403035,0.08571013765712696,0.3243524800890891,0.33262180555399823,0.0,0.02793391672616528,0.12175858795109018,0.0
maximum_sharpe_monthly,2012-06-01,0.009020217932820315,0.04325193567401764,0.32076123456498656,0.1855429682296676,0.2731478656846573,0.0,0.07032633647298465,0.09794944144086319,0.0
maximum_sharpe_monthly,2012-07-02,0.04591583059658934,0.0525850974686062,0.34999999999999976,0.14640367178548294,0.23066307137879763,0.0,0.07521369802639316,0.09921863074413521,0.0
maximum_sharpe_monthly,2012-08-01,0.03223555817904802,0.0501966508397403,0.34999999999999976,0.11412762032012493,0.28421108049953525,0.0,0.0853201965850158,0.08390889357653838,0.0
maximum_sharpe_monthly,2012-09-04,0.02641881883986652,0.05499201723926256,0.35,0.12476224971733701,0.26563147271875664,0.0,0.06687622808780855,0.11131921339697255,0.0
maximum_sharpe_monthly,2012-10-01,0.029077516432443915,0.06483697531415207,0.3499999999999999,0.14635276613690662,0.23416641647560266,0.0,0.036064661075974794,0.1395016645649214,0.0
maximum_sharpe_monthly,2012-11-01,0.01952180514416178,0.0517746236910383,0.2951024973237882,0.2612765518138539,0.20846259654124785,0.0,0.049565298023373214,0.11429662746253495,0.0
maximum_sharpe_monthly,2012-12-03,0.01763362742637676,0.032941175517945245,0.34703977195175517,0.20659809930274217,0.21531362005050753,0.0,0.051208828349245894,0.12926487740142995,0.0
maximum_sharpe_monthly,2013-01-02,0.06411412885654742,0.040208739908817105,0.35,0.20756592331131582,0.1735375549572995,0.0,0.030452754846242953,0.13412089811977498,0.0
maximum_sharpe_monthly,2013-02-01,0.08692509725612205,0.04250313737018952,0.35,0.16861330991863904,0.16999303179669464,0.0,0.03184077068713423,0.15012465297121586,0.0
maximum_sharpe_monthly,2013-03-01,0.05260890440984382,0.022490568838098666,0.35,0.17120035892397997,0.21567127484564963,0.0,0.023697345788669298,0.16433154719375911,0.0
maximum_sharpe_monthly,2013-04-01,0.09863444999668904,0.024705097940048344,0.3499999999999989,0.13525538964711672,0.21154386089222438,0.0,0.0,0.17986120152392251,0.0
maximum_sharpe_monthly,2013-05-01,0.11149163796273609,0.0,0.34999999999999987,0.17828415703200942,0.1844307436074808,0.0,0.004530070006784762,0.17126339139099056,0.0
maximum_sharpe_monthly,2013-06-03,0.060648829493032054,0.0,0.35,0.23011073116118289,0.1421896542878688,0.0,0.0,0.21705078505792222,0.0
maximum_sharpe_monthly,2013-07-01,0.17354880212356485,0.0,0.35,0.14433597815461663,0.10762261341169031,0.0,0.0,0.22449260631016724,0.0
maximum_sharpe_monthly,2013-08-01,0.12059961589052953,4.6753137860201625e-12,0.34999999998777587,0.07779101463759815,0.19585521860001207,5.503654071381276e-12,5.314685459301485e-12,0.25575415086167724,6.913544925077602e-12
maximum_sharpe_monthly,2013-09-03,0.11864759878000683,0.0,0.35,0.04196057850038011,0.19691157471789875,0.0,0.0,0.2924802480054335,0.0
maximum_sharpe_monthly,2013-10-01,0.14671556053325804,0.0,0.35,0.04030799896055054,0.1861938008804781,0.0,0.0,0.2767826396262957,0.0
maximum_sharpe_monthly,2013-11-01,0.18440547374557165,0.0,0.35,0.13701169592676968,0.07254907162016608,0.0,0.0,0.25603375870721606,0.0
maximum_sharpe_monthly,2013-12-02,0.14526888932801688,0.0,0.35,0.18148181741049418,0.06327807054002252,0.0,0.0,0.25997122274280515,0.0
maximum_sharpe_monthly,2014-01-02,0.15192389328466147,0.0,0.35,0.2214041548721817,0.04131889306566845,0.0,0.0,0.23535305880301155,0.0
maximum_sharpe_monthly,2014-02-03,0.16584410710874076,5.866842734146343e-12,0.3499999999891027,0.22374601013716255,0.04697291027047179,7.286382075770339e-12,7.2315366687187004e-12,0.21343697246565096,8.486405375223447e-12
maximum_sharpe_monthly,2014-03-03,0.2033954104045181,0.0,0.35,0.23620632815782067,0.007362248095601389,0.0,0.0,0.20303601336345245,0.0
maximum_sharpe_monthly,2014-04-01,0.1978990544745983,3.8215283293798006e-12,0.3499999999918388,0.24362979807254662,7.534213772070371e-12,4.642712062168683e-12,4.603229400101613e-12,0.2084711474351043,5.310331587979854e-12
maximum_sharpe_monthly,2014-05-01,0.18332418445957394,0.0,0.35,0.26302790031037915,0.0,0.0,0.0,0.20364791528041734,0.0
maximum_sharpe_monthly,2014-06-02,0.17006877755386074,0.0,0.35,0.2633943060436078,0.0,0.0,0.0,0.21653691648252413,0.0
maximum_sharpe_monthly,2014-07-01,0.13487711036499078,0.0,0.35,0.2748109135278972,0.0,0.0,0.0,0.2403119761171829,0.0
maximum_sharpe_monthly,2014-08-01,0.1507822342774781,1.7188828756609792e-12,0.34999999999688086,0.2653499969049101,2.1465486899356796e-11,2.0360054516898457e-12,1.7940838701810402e-12,0.2338677687914511,2.265387950470786e-12
maximum_sharpe_monthly,2014-09-02,0.03916122760584172,0.0,0.3073081312281086,0.3499999999996497,0.0,0.0,0.0,0.30353064116525513,0.0
maximum_sharpe_monthly,2014-10-01,0.019811492000420563,0.0,0.3107128277730884,0.31970301349657854,0.0,0.0,0.0,0.34977266672993435,0.0
maximum_sharpe_monthly,2014-11-03,0.16339184746954233,0.0,0.349999999999896,0.18255518355126557,0.0,0.0,0.0,0.3040529689786058,0.0
maximum_sharpe_monthly,2014-12-01,0.09682071919005938,0.0,0.2126626304724298,0.35,0.0,0.0,0.0,0.34051665033752676,0.0
maximum_sharpe_monthly,2015-01-02,0.09684488644169818,0.0,0.20787754899951633,0.3452775645587699,0.0,0.0,0.0,0.3499999999999967,0.0
maximum_sharpe_monthly,2015-02-02,0.015264919420928226,0.0,0.3133958904555864,0.33186708457546577,0.0,0.0,0.0,0.3394721055480385,0.0
maximum_sharpe_monthly,2015-03-02,0.07398688520423073,0.0,0.30047864515749245,0.27553446963831524,0.0,0.0,0.0,0.35,0.0
maximum_sharpe_monthly,2015-04-01,0.04784697820853601,0.0,0.34999999999996934,0.2552466546759012,0.0,0.0,0.0,0.34690636711555173,0.0
maximum_sharpe_monthly,2015-05-01,0.10658353234363205,0.0,0.2843106066350803,0.2591058610214073,0.0,0.0,0.0,0.35,0.0
maximum_sharpe_monthly,2015-06-01,0.19096284300562297,0.0,0.19177890794375257,0.2672582490505793,0.0,0.0,0.0,0.34999999999999776,0.0
maximum_sharpe_monthly,2015-07-01,0.2981253108866787,0.0,0.1817311521839286,0.17014353692947734,0.0,0.0,0.0,0.35,0.0
maximum_sharpe_monthly,2015-08-03,0.33290422907061684,0.0,0.31709577092629565,1.8695251459253806e-12,0.0,0.0,0.0,0.35,0.0
maximum_sharpe_monthly,2015-09-01,0.3000000000000757,0.0,0.34999999999999537,0.0,0.0,0.0,0.0,0.34999999999999876,0.0
maximum_sharpe_monthly,2015-10-01,0.316618010094359,0.0,0.35,0.0052565896482919365,0.0,0.0,0.0,0.32812540025731274,0.0
maximum_sharpe_monthly,2015-11-02,0.3097311321288113,0.0,0.3499999999942735,1.1236295074616026e-11,0.0,3.169635828624692e-12,4.748377746060454e-12,0.34026886785728677,0.0
maximum_sharpe_monthly,2015-12-01,0.2999999999979258,0.0,0.34999999999982245,1.1325610588253099e-12,0.0,0.0,0.0,0.3499999999999787,0.0
maximum_sharpe_monthly,2016-01-04,0.2999999999902719,0.0,0.34999999999615883,9.605496953390968e-12,0.0,1.5911560263814906e-12,2.1160816154885964e-12,0.34999999999993786,0.0
maximum_sharpe_monthly,2016-02-01,0.3499999999999974,0.0,0.34999999999999815,0.031774456288936014,0.0,0.0,0.0,0.2682255437110562,0.0
maximum_sharpe_monthly,2016-03-01,0.3499999999999931,0.0,0.34999999999999165,0.04151876500078018,0.0,0.0,0.0,0.25848123499920983,0.0
maximum_sharpe_monthly,2016-04-01,0.2562756395302079,0.0,0.34999999999988646,0.1164241936254838,0.0,0.0,0.0,0.2773001668442208,0.0
maximum_sharpe_monthly,2016-05-02,0.20840318117778545,0.0,0.35,0.13743704957742195,0.0,0.0,0.0,0.30415976924477733,0.0
maximum_sharpe_monthly,2016-06-01,0.233717068787717,0.0,0.34999999999997466,0.16289138321377467,0.0,0.0,0.0,0.2533915479984816,0.0
maximum_sharpe_monthly,2016-07-01,0.09322861048569017,0.0,0.3499999999999957,0.31875012866335345,0.0,0.0,0.0,0.23802126085095304,0.0
maximum_sharpe_monthly,2016-08-01,0.10540022136398118,0.0,0.3499999999999999,0.3178567746551684,0.0,0.0,0.003982895496260557,0.2227601084845889,0.0
maximum_sharpe_monthly,2016-09-01,0.06381724832600895,0.0,0.35,0.34069834578978825,0.0,0.0,0.020003745738176208,0.22548066014602805,0.0
maximum_sharpe_monthly,2016-10-03,0.07858526628949727,0.0,0.35,0.35,0.0,0.0,0.004734730580414931,0.21668000313008837,0.0
maximum_sharpe_monthly,2016-11-01,0.07894755730078992,0.0,0.35,0.35,0.0,0.0,0.0,0.22105244269921495,0.0
maximum_sharpe_monthly,2016-12-01,0.0114214536556712,0.0,0.349999999999999,0.34675963275536575,0.0,0.0,0.043122403085922065,0.24869651050303707,0.0
maximum_sharpe_monthly,2017-01-03,0.1551404737275938,0.0,0.3499999999999997,0.2373056986363387,0.0,0.0,0.06986222102601752,0.18769160661004552,0.0
maximum_sharpe_monthly,2017-02-01,0.12259138713144746,0.0,0.35,0.24582332018507502,0.0,0.0,0.019863416218088542,0.2617218764653871,0.0
maximum_sharpe_monthly,2017-03-01,0.13207889402234138,0.0,0.3499999999999977,0.239033859258804,0.0,0.0,0.010687293908078675,0.2681999528107735,0.0
maximum_sharpe_monthly,2017-04-03,0.21440746570023075,0.0,0.349999999999991,0.191630576143315,0.0,0.0,0.0,0.2439619581564551,0.0
maximum_sharpe_monthly,2017-05-01,0.2646144757963198,0.0,0.3499999999998952,0.14483736695039098,0.0,0.0,0.0,0.24054815725320614,0.0
maximum_sharpe_monthly,2017-06-01,0.19523618168367748,0.0,0.3499999999991266,0.19206576526544886,0.0,0.0,0.0,0.26269805305025024,0.0
maximum_sharpe_monthly,2017-07-03,0.07460137438323475,0.0,0.35,0.29584435602521153,0.0,0.0,0.0,0.2795542695915573,0.0
maximum_sharpe_monthly,2017-08-01,0.08527129015752068,0.0,0.35,0.2803948091933295,0.0,0.0,0.0,0.2843339006497994,0.0
maximum_sharpe_monthly,2017-09-01,0.17304040019094924,1.0073490435899557e-12,0.3499999999967842,0.22080934616552306,1.5016023092919578e-12,1.7822776132540852e-12,2.4143770750023608e-12,0.25615025363814625,1.891713755043309e-12
maximum_sharpe_monthly,2017-10-02,0.051154688050136066,0.0,0.29589096404305615,0.3499999999999989,0.0,0.0,0.0,0.3029543479068058,0.0
maximum_sharpe_monthly,2017-11-01,0.12606614499306118,0.009493540998798731,0.21002326049552603,0.34999999999849085,0.0,0.0,0.0,0.3044170535110406,0.0
maximum_sharpe_monthly,2017-12-01,0.17754844288249852,0.009204480838122055,0.16616886169039058,0.34999999999617903,2.6330631316110907e-12,1.886993841821653e-12,1.972838115338023e-12,0.29707821458427647,2.04053836375367e-12
maximum_sharpe_monthly,2018-01-02,0.29124164025117083,0.033438188391456,0.0711884373337681,0.34999999999990167,0.0,0.0,0.0,0.25413173402342415,0.0
maximum_sharpe_monthly,2018-02-01,0.2818666022540693,0.04748642125532725,0.0,0.3206469764906119,0.0,0.0,0.0,0.35,0.0
maximum_sharpe_monthly,2018-03-01,0.24097807853033673,0.097623279122365,0.0,0.3113986423473098,0.0,0.0,0.0,0.35,0.0
maximum_sharpe_monthly,2018-04-02,0.16913442329328224,0.13086557670671772,0.0,0.35,0.0,0.0,0.0,0.3499999999999995,0.0
maximum_sharpe_monthly,2018-05-01,0.1853633794077943,0.11463662059222102,0.0,0.34999999999993575,0.0,0.0,0.0,0.3499999999999796,0.0
maximum_sharpe_monthly,2018-06-01,0.2121779073065101,0.07990643458131531,0.0,0.35,0.05287755246372299,0.0,0.0,0.30503810564981126,0.0
maximum_sharpe_monthly,2018-07-02,0.13895520827649735,0.037422987192209614,0.03665107384892834,0.34999999999997056,0.12833408107207148,0.0,0.0,0.3086366496102725,0.0
maximum_sharpe_monthly,2018-08-01,0.28973452705539415,0.08493805598003744,0.0,0.35,0.0,0.0,0.0,0.27532741696457846,0.0
maximum_sharpe_monthly,2018-09-04,0.1390743283606838,0.012918442869401676,0.0,0.3073662623235001,0.19064096644633466,0.0,0.0,0.34999999999994347,0.0
maximum_sharpe_monthly,2018-10-01,0.22309904527318444,0.031830187179589645,0.0,0.21902331504274322,0.1760474525047778,0.0,0.0,0.35,0.0
maximum_sharpe_monthly,2018-11-01,0.27392802392174526,0.07734348618580911,0.0,0.23533362436399824,0.06339486552896727,0.0,0.0,0.35,0.0
maximum_sharpe_monthly,2018-12-03,0.3323970969104973,0.16390005032200358,0.0,0.0031792797240113983,0.15052357304348785,0.0,0.0,0.35,0.0
maximum_sharpe_monthly,2019-01-02,0.057267679830553496,0.21802644987331274,0.0,0.3499999999999996,0.06149919493414867,0.0,0.0,0.3132066753619854,0.0
maximum_sharpe_monthly,2019-02-01,0.22921291201697191,0.12360823375301493,0.0,0.35,0.0,0.0,0.0,0.29717885423001306,0.0
maximum_sharpe_monthly,2019-03-01,0.27487639930287966,0.04300835745623796,0.0,0.3499999999999988,0.009170266703069842,0.0,0.0,0.3229449765378115,0.0
maximum_sharpe_monthly,2019-04-01,0.24973572453239448,0.0052340519754254826,0.030641945442516905,0.35,0.052350330404483295,0.0,0.0,0.3120379476451909,0.0
maximum_sharpe_monthly,2019-05-01,0.1756945898796692,0.0,0.0,0.34999999999999143,0.12430541012033647,0.0,0.0,0.35,0.0
maximum_sharpe_monthly,2019-06-03,0.12096748283960312,0.007226000413032964,0.09122260443638672,0.35,0.14034294344967543,0.0,0.0,0.29024096886130446,0.0
maximum_sharpe_monthly,2019-07-01,0.2993231737079795,0.0,0.0,0.35,0.0589180786153152,0.0,0.0,0.29175874767670745,0.0
maximum_sharpe_monthly,2019-08-01,0.3004085871807201,0.0,0.0,0.34999999999988934,0.05023852470799257,0.0,0.0,0.29935288811086663,0.0
maximum_sharpe_monthly,2019-09-03,0.129247419749976,0.036834647487041725,0.22144497236139812,0.34999999999935866,0.0,0.0,0.0,0.2624729604008734,0.0
maximum_sharpe_monthly,2019-10-01,0.22547423516146023,0.011641974367880382,0.15046840843084552,0.35,0.0,0.0,0.0,0.2624153820399017,0.0
maximum_sharpe_monthly,2019-11-01,0.13412120481590054,0.06462404703890111,0.17552678870208682,0.35,0.0,0.0,0.0,0.2757279594431134,0.0
maximum_sharpe_monthly,2019-12-02,0.1864923093242983,0.044769973539831094,0.20153198076907153,0.35,0.0,0.0,0.0,0.2172057363668011,0.0
maximum_sharpe_monthly,2020-01-02,0.16665949203453878,0.12140345536793148,0.13895493454707966,0.35,0.0,0.0,0.0,0.22298211805045057,0.0
maximum_sharpe_monthly,2020-02-03,0.07529471363925898,0.0867106192216701,0.26859530076061305,0.35,0.0,0.0,0.0,0.21939936637845667,0.0
maximum_sharpe_monthly,2020-03-02,0.09815794901266438,0.037659346536093284,0.3499999999999997,0.34999999999999976,0.0,0.0,0.0,0.16418270445124117,0.0
maximum_sharpe_monthly,2020-04-01,0.299805071928518,0.15612407295459405,0.35,0.028604520370866044,0.057611193730716846,0.0,0.0,0.10785514101530379,0.0
maximum_sharpe_monthly,2020-05-01,0.24965845901441064,0.1675341634787479,0.35,0.008242657513849337,0.09525755146773235,0.0,0.0,0.1293071685252639,0.0
maximum_sharpe_monthly,2020-06-01,0.22940098478190782,0.17870303174398644,0.3499999999999987,0.001852634884658899,0.10404210630508683,0.0,0.0,0.13600124228435992,0.0
maximum_sharpe_monthly,2020-07-01,0.20052481879943332,0.20413346396780285,0.35,0.0,0.11106777113491129,0.0,0.0,0.13427394609785262,0.0
maximum_sharpe_monthly,2020-08-03,0.15671650855561756,0.23714920011391885,0.3499999999999993,0.0,0.1212490959941155,0.0,0.0,0.13488519533634796,0.0
maximum_sharpe_monthly,2020-09-01,0.13244692801526656,0.19445455682577928,0.35,0.0,0.16260493863685668,0.0,0.0,0.16049357652210494,0.0
maximum_sharpe_monthly,2020-10-01,0.17331233807364066,0.17105919726985747,0.35,0.0,0.17097190146438934,0.0,0.0,0.13465656319211267,0.0
maximum_sharpe_monthly,2020-11-02,0.16139113550987946,0.1932306469233884,0.35,0.0,0.16772539310602577,0.0,0.0,0.12765282446070728,0.0
maximum_sharpe_monthly,2020-12-01,0.1754652524941841,0.11505105169742484,0.35,0.0,0.2140067142228555,0.0,0.0,0.14547698158553635,0.0
maximum_sharpe_monthly,2021-01-04,0.15947379012657117,0.14555380105072635,0.3499999999999994,0.0,0.19882051797923306,0.0,0.0,0.14615189084346886,0.0
maximum_sharpe_monthly,2021-02-01,0.16789314570214942,0.09735754605431957,0.3499999999999996,0.0,0.25242834914484313,0.0,0.0,0.13232095909868907,0.0
maximum_sharpe_monthly,2021-03-01,0.1706882785778562,0.06673189343232501,0.35,0.0,0.2604321525918976,0.0,0.0,0.15214767539792234,0.0
maximum_sharpe_monthly,2021-04-01,0.127943706613764,0.0732101711338639,0.34999999999999937,0.0,0.260765839431548,0.0,0.0,0.18808028282082323,0.0
maximum_sharpe_monthly,2021-05-03,0.14155382752713383,0.07833653806888159,0.35,0.0,0.2500826460416076,0.0,0.0,0.1800269883623778,0.0
maximum_sharpe_monthly,2021-06-01,0.08425613925662617,0.1401938862357269,0.34999999999999964,0.0,0.2460308874927653,0.0,0.0,0.17951908701488087,0.0
maximum_sharpe_monthly,2021-07-01,0.12101116886164195,0.10432013727395593,0.3499999999999998,0.0,0.24970165622422716,0.0,0.0,0.17496703764017488,0.0
maximum_sharpe_monthly,2021-08-02,0.10922247765948147,0.10521473971366953,0.34999999999999915,0.0,0.27814748843936427,0.0,0.0,0.15741529418748443,0.0
maximum_sharpe_monthly,2021-09-01,0.09365161489520431,0.12358425088965813,0.35,0.0,0.27103191816805106,0.0,0.0,0.16173221604708612,0.0
maximum_sharpe_monthly,2021-10-01,0.07338103030492144,0.11686719733362337,0.35,0.0,0.3019697427995855,0.0,0.0,0.1577820295618697,0.0
maximum_sharpe_monthly,2021-11-01,0.05127482837430903,0.07990268946512602,0.3499999999999999,0.0,0.33027434834083536,0.0,0.0,0.18854813381972957,0.0
maximum_sharpe_monthly,2021-12-01,0.0453836045243024,0.07648040069877057,0.34999999999999976,0.0,0.3499999999999998,0.0,0.0,0.1781359947769275,0.0
maximum_sharpe_monthly,2022-01-03,0.022138116926511076,0.06958442568976121,0.33911056887611996,0.0,0.34999999999999976,0.0,0.0,0.21916688850760618,0.0
maximum_sharpe_monthly,2022-02-01,0.050237981015002216,0.08695730027197855,0.3033203949577753,0.0,0.35,0.0,0.0,0.20948432375524426,0.0
maximum_sharpe_monthly,2022-03-01,0.07635440743401158,0.14477897130354414,0.2468715164932224,0.0,0.35,0.0,0.0,0.18199510476922154,0.0
maximum_sharpe_monthly,2022-04-01,0.14254310194768055,0.25126720462872215,0.04944382188590021,0.0,0.34999999999999926,0.0,0.0,0.20674587153769644,0.0
maximum_sharpe_monthly,2022-05-02,0.13822704567306976,0.32387911751437287,0.0,0.0,0.34999999999999887,0.0,0.0,0.18789383681255578,0.0
maximum_sharpe_monthly,2022-06-01,0.06789516361523086,0.3291829644863297,0.0,0.0,0.34999999999999987,0.0,0.0,0.2529218718984401,0.0
maximum_sharpe_monthly,2022-07-01,0.10954588950884925,0.3499999999999992,0.0,0.0,0.31901951918271787,0.0,0.0,0.22143459130843235,0.0
maximum_sharpe_monthly,2022-08-01,0.25364329421170234,0.190290088103792,0.0,0.0,0.35,0.0,0.0,0.20606661768450937,0.0
maximum_sharpe_monthly,2022-09-01,0.16178905246954062,0.1500157765407998,0.0,0.0,0.35,0.0,0.0,0.3381951709896587,0.0
maximum_sharpe_monthly,2022-10-03,0.32331749805072585,0.3266825019494179,0.0,0.0,0.0,0.0,0.0,0.35,0.0
maximum_sharpe_monthly,2022-11-01,0.3272341859245721,0.17056752713089784,0.0,0.0,0.15219828694456358,0.0,0.0,0.35,0.0
maximum_sharpe_monthly,2022-12-01,0.2774988603062362,0.35,0.0,0.0,0.055495032730608185,0.0,0.0,0.31700610696317183,0.0
maximum_sharpe_monthly,2023-01-03,0.35,0.35,0.0,0.0,0.030880368778851072,0.0,0.0,0.2691196312211349,0.0
maximum_sharpe_monthly,2023-02-01,0.35,0.35,0.0,0.0,0.010232618313450093,0.0,0.0,0.2897673816865465,0.0
maximum_sharpe_monthly,2023-03-01,0.35,0.2999999999999986,0.0,0.0,0.0,0.0,0.0,0.34999999999999964,0.0
maximum_sharpe_monthly,2023-04-03,0.35,0.2660847302479477,0.0,0.0,0.0,0.03391526975205217,0.0,0.34999999999999987,0.0
maximum_sharpe_monthly,2023-05-01,0.34999999999999787,0.16969071335992805,0.0,0.0,0.0,0.13030928664007357,0.0,0.35,0.0
maximum_sharpe_monthly,2023-06-01,0.35,0.20974431208845118,0.0,0.0,0.0,0.09025568791152794,0.0,0.35,0.0
maximum_sharpe_monthly,2023-07-03,0.35,0.1312412030845312,0.0,0.0,0.0,0.16875879690793016,0.0,0.35,0.0
maximum_sharpe_monthly,2023-08-01,0.3499999999999994,0.0,0.0,0.0,0.0,0.2999999999999991,0.0,0.35,0.0
maximum_sharpe_monthly,2023-09-01,0.349999999999991,0.0,0.0,0.0,0.0,0.30000000000000215,0.0,0.34999999999999976,0.0
maximum_sharpe_monthly,2023-10-02,0.35,0.0,0.0,0.0,0.0,0.30000000000000115,0.0,0.35,0.0
maximum_sharpe_monthly,2023-11-01,0.35,0.1396571902199842,0.0,0.0,0.0,0.16034280976104787,0.0,0.35,0.0
maximum_sharpe_monthly,2023-12-01,0.35,0.3000000000000453,0.0,0.0,0.0,0.0,0.0,0.35,0.0
maximum_sharpe_monthly,2024-01-02,0.3499999999999326,0.2405229263531849,0.0,0.0,0.0,0.0,0.05947707364684093,0.34999999999999937,0.0
maximum_sharpe_monthly,2024-02-01,0.34999999999997444,0.29999999999997934,0.0,0.0,0.0,0.0,0.0,0.34999999999999903,0.0
maximum_sharpe_monthly,2024-03-01,0.35,0.3000000000000185,0.0,0.0,0.0,0.0,0.0,0.35,0.0
maximum_sharpe_monthly,2024-04-01,0.3499999999948977,0.34999999999985887,0.0,0.0,0.0,2.240055363422755e-12,0.0,0.30000000000249183,0.0
maximum_sharpe_monthly,2024-05-01,0.3499999999987581,0.3499999999999185,0.0,0.0,0.0,1.2017817296872124e-12,0.0,0.299999999999949,0.0
maximum_sharpe_monthly,2024-06-03,0.3278585932600698,0.35,0.0,0.0,0.0,0.0,0.0,0.3221414067400255,0.0
maximum_sharpe_monthly,2024-07-01,0.35,0.35,0.0,0.0,0.0,0.0,0.0,0.300000000000051,0.0
maximum_sharpe_monthly,2024-08-01,0.35,0.35,0.0,0.0,0.0,0.0,0.0,0.3000000000000643,0.0
maximum_sharpe_monthly,2024-09-03,0.3499999999991809,0.34999999999994497,0.0,0.0,0.0,0.0,0.0,0.30000000000008076,0.0
maximum_sharpe_monthly,2024-10-01,0.35,0.35,0.0,0.0,0.0,0.0,0.0,0.3000000000000042,0.0
maximum_sharpe_monthly,2024-11-01,0.3499999999999833,0.349999999999994,0.0,0.0,0.0,0.0,0.0,0.2999999999999948,0.0
maximum_sharpe_monthly,2024-12-02,0.3499999999999923,0.3499999999999967,0.0,0.0,0.0,0.0,0.0,0.3000000000000024,0.0
maximum_sharpe_monthly,2025-01-02,0.35,0.35,0.0,0.0,0.0,0.0,0.0,0.3000000000000024,0.0
maximum_sharpe_monthly,2025-02-03,0.3499999999999891,0.34999999999999626,0.0,0.0,0.0,0.0,0.0,0.29999999999999877,0.0
maximum_sharpe_monthly,2025-03-03,0.3499999999989889,0.3499999999999427,0.0,0.0,0.0,0.0,0.0,0.3000000000002598,0.0
maximum_sharpe_monthly,2025-04-01,0.34999999999999837,0.3499999999999996,0.0,0.0,0.0,0.0,0.0,0.3000000000000019,0.0
maximum_sharpe_monthly,2025-05-01,0.35,0.35,0.015584562931053736,0.0,0.0,0.0,0.0,0.284415437068153,0.0
maximum_sharpe_monthly,2025-06-02,0.35,0.35,0.0,0.0,0.0,0.0,0.0,0.29999999999999877,0.0
maximum_sharpe_monthly,2025-07-01,0.3499999999999982,0.34999999999999976,0.0,0.0,0.0,0.0,0.0,0.29999999999999993,0.0
maximum_sharpe_monthly,2025-08-01,0.3499999999999932,0.3499999999999984,0.0,0.0,0.0,0.0,0.0,0.30000000000000004,0.0
maximum_sharpe_monthly,2025-09-02,0.3499999999999964,0.349999999999999,0.0,0.0,0.0,0.0,0.0,0.3000000000000011,0.0
maximum_sharpe_monthly,2025-10-01,0.34999999999999853,0.34999999999999953,0.0,0.0,0.0,0.0,0.0,0.3000000000000012,0.0
maximum_sharpe_monthly,2025-11-03,0.35,0.35,0.0,0.0,0.0,0.0,0.0,0.30000000000000077,0.0
maximum_sharpe_monthly,2025-12-01,0.35,0.35,0.0,0.0,0.0012954214729407147,0.0,0.0,0.2987045785270597,0.0
maximum_sharpe_quarterly,2011-01-03,0.15333226949274362,0.20623670531135435,0.35,0.17568334601823374,0.05841263641307445,0.0,0.056335042764593286,0.0,0.0
maximum_sharpe_quarterly,2011-04-01,0.046297337766503216,0.24017758120580815,0.35,0.22971463539047715,0.0740377965078707,0.0,0.05977264912934084,0.0,0.0
maximum_sharpe_quarterly,2011-07-01,0.14190987292448723,0.17529097553745004,0.35,0.2060439016603322,0.07334892325182693,0.0,0.05340632662590405,0.0,0.0
maximum_sharpe_quarterly,2011-10-03,0.06934546613518303,0.17129400233904024,0.32665661235421234,0.35,0.04547453250482692,0.0,0.027124100016266247,0.0,0.010105286650471274
maximum_sharpe_quarterly,2012-01-03,0.14356986804500127,0.11273171424770258,0.056510421766892714,0.21644637286130405,0.34999999999999987,0.0,0.0,0.11885648174333993,0.001885141335758852
maximum_sharpe_quarterly,2012-04-02,0.144189084565315,0.07018036058974907,0.028043413497066207,0.35,0.2744347777229068,0.0,0.03354261268081057,0.09960975094415275,0.0
maximum_sharpe_quarterly,2012-07-02,0.04591583059658934,0.0525850974686062,0.34999999999999976,0.14640367178548294,0.23066307137879763,0.0,0.07521369802639316,0.09921863074413521,0.0
maximum_sharpe_quarterly,2012-10-01,0.029077516432443915,0.06483697531415207,0.3499999999999999,0.14635276613690662,0.23416641647560266,0.0,0.036064661075974794,0.1395016645649214,0.0
maximum_sharpe_quarterly,2013-01-02,0.06411412885654742,0.040208739908817105,0.35,0.20756592331131582,0.1735375549572995,0.0,0.030452754846242953,0.13412089811977498,0.0
maximum_sharpe_quarterly,2013-04-01,0.09863444999668904,0.024705097940048344,0.3499999999999989,0.13525538964711672,0.21154386089222438,0.0,0.0,0.17986120152392251,0.0
maximum_sharpe_quarterly,2013-07-01,0.17354880212356485,0.0,0.35,0.14433597815461663,0.10762261341169031,0.0,0.0,0.22449260631016724,0.0
maximum_sharpe_quarterly,2013-10-01,0.14671556053325804,0.0,0.35,0.04030799896055054,0.1861938008804781,0.0,0.0,0.2767826396262957,0.0
maximum_sharpe_quarterly,2014-01-02,0.15192389328466147,0.0,0.35,0.2214041548721817,0.04131889306566845,0.0,0.0,0.23535305880301155,0.0
maximum_sharpe_quarterly,2014-04-01,0.1978990544745983,3.8215283293798006e-12,0.3499999999918388,0.24362979807254662,7.534213772070371e-12,4.642712062168683e-12,4.603229400101613e-12,0.2084711474351043,5.310331587979854e-12
maximum_sharpe_quarterly,2014-07-01,0.13487711036499078,0.0,0.35,0.2748109135278972,0.0,0.0,0.0,0.2403119761171829,0.0
maximum_sharpe_quarterly,2014-10-01,0.019811492000420563,0.0,0.3107128277730884,0.31970301349657854,0.0,0.0,0.0,0.34977266672993435,0.0
maximum_sharpe_quarterly,2015-01-02,0.09684488644169818,0.0,0.20787754899951633,0.3452775645587699,0.0,0.0,0.0,0.3499999999999967,0.0
maximum_sharpe_quarterly,2015-04-01,0.04784697820853601,0.0,0.34999999999996934,0.2552466546759012,0.0,0.0,0.0,0.34690636711555173,0.0
maximum_sharpe_quarterly,2015-07-01,0.2981253108866787,0.0,0.1817311521839286,0.17014353692947734,0.0,0.0,0.0,0.35,0.0
maximum_sharpe_quarterly,2015-10-01,0.316618010094359,0.0,0.35,0.0052565896482919365,0.0,0.0,0.0,0.32812540025731274,0.0
maximum_sharpe_quarterly,2016-01-04,0.2999999999902719,0.0,0.34999999999615883,9.605496953390968e-12,0.0,1.5911560263814906e-12,2.1160816154885964e-12,0.34999999999993786,0.0
maximum_sharpe_quarterly,2016-04-01,0.2562756395302079,0.0,0.34999999999988646,0.1164241936254838,0.0,0.0,0.0,0.2773001668442208,0.0
maximum_sharpe_quarterly,2016-07-01,0.09322861048569017,0.0,0.3499999999999957,0.31875012866335345,0.0,0.0,0.0,0.23802126085095304,0.0
maximum_sharpe_quarterly,2016-10-03,0.07858526628949727,0.0,0.35,0.35,0.0,0.0,0.004734730580414931,0.21668000313008837,0.0
maximum_sharpe_quarterly,2017-01-03,0.1551404737275938,0.0,0.3499999999999997,0.2373056986363387,0.0,0.0,0.06986222102601752,0.18769160661004552,0.0
maximum_sharpe_quarterly,2017-04-03,0.21440746570023075,0.0,0.349999999999991,0.191630576143315,0.0,0.0,0.0,0.2439619581564551,0.0
maximum_sharpe_quarterly,2017-07-03,0.07460137438323475,0.0,0.35,0.29584435602521153,0.0,0.0,0.0,0.2795542695915573,0.0
maximum_sharpe_quarterly,2017-10-02,0.051154688050136066,0.0,0.29589096404305615,0.3499999999999989,0.0,0.0,0.0,0.3029543479068058,0.0
maximum_sharpe_quarterly,2018-01-02,0.29124164025117083,0.033438188391456,0.0711884373337681,0.34999999999990167,0.0,0.0,0.0,0.25413173402342415,0.0
maximum_sharpe_quarterly,2018-04-02,0.16913442329328224,0.13086557670671772,0.0,0.35,0.0,0.0,0.0,0.3499999999999995,0.0
maximum_sharpe_quarterly,2018-07-02,0.13895520827649735,0.037422987192209614,0.03665107384892834,0.34999999999997056,0.12833408107207148,0.0,0.0,0.3086366496102725,0.0
maximum_sharpe_quarterly,2018-10-01,0.22309904527318444,0.031830187179589645,0.0,0.21902331504274322,0.1760474525047778,0.0,0.0,0.35,0.0
maximum_sharpe_quarterly,2019-01-02,0.057267679830553496,0.21802644987331274,0.0,0.3499999999999996,0.06149919493414867,0.0,0.0,0.3132066753619854,0.0
maximum_sharpe_quarterly,2019-04-01,0.24973572453239448,0.0052340519754254826,0.030641945442516905,0.35,0.052350330404483295,0.0,0.0,0.3120379476451909,0.0
maximum_sharpe_quarterly,2019-07-01,0.2993231737079795,0.0,0.0,0.35,0.0589180786153152,0.0,0.0,0.29175874767670745,0.0
maximum_sharpe_quarterly,2019-10-01,0.22547423516146023,0.011641974367880382,0.15046840843084552,0.35,0.0,0.0,0.0,0.2624153820399017,0.0
maximum_sharpe_quarterly,2020-01-02,0.16665949203453878,0.12140345536793148,0.13895493454707966,0.35,0.0,0.0,0.0,0.22298211805045057,0.0
maximum_sharpe_quarterly,2020-04-01,0.299805071928518,0.15612407295459405,0.35,0.028604520370866044,0.057611193730716846,0.0,0.0,0.10785514101530379,0.0
maximum_sharpe_quarterly,2020-07-01,0.20052481879943332,0.20413346396780285,0.35,0.0,0.11106777113491129,0.0,0.0,0.13427394609785262,0.0
maximum_sharpe_quarterly,2020-10-01,0.17331233807364066,0.17105919726985747,0.35,0.0,0.17097190146438934,0.0,0.0,0.13465656319211267,0.0
maximum_sharpe_quarterly,2021-01-04,0.15947379012657117,0.14555380105072635,0.3499999999999994,0.0,0.19882051797923306,0.0,0.0,0.14615189084346886,0.0
maximum_sharpe_quarterly,2021-04-01,0.127943706613764,0.0732101711338639,0.34999999999999937,0.0,0.260765839431548,0.0,0.0,0.18808028282082323,0.0
maximum_sharpe_quarterly,2021-07-01,0.12101116886164195,0.10432013727395593,0.3499999999999998,0.0,0.24970165622422716,0.0,0.0,0.17496703764017488,0.0
maximum_sharpe_quarterly,2021-10-01,0.07338103030492144,0.11686719733362337,0.35,0.0,0.3019697427995855,0.0,0.0,0.1577820295618697,0.0
maximum_sharpe_quarterly,2022-01-03,0.022138116926511076,0.06958442568976121,0.33911056887611996,0.0,0.34999999999999976,0.0,0.0,0.21916688850760618,0.0
maximum_sharpe_quarterly,2022-04-01,0.14254310194768055,0.25126720462872215,0.04944382188590021,0.0,0.34999999999999926,0.0,0.0,0.20674587153769644,0.0
maximum_sharpe_quarterly,2022-07-01,0.10954588950884925,0.3499999999999992,0.0,0.0,0.31901951918271787,0.0,0.0,0.22143459130843235,0.0
maximum_sharpe_quarterly,2022-10-03,0.32331749805072585,0.3266825019494179,0.0,0.0,0.0,0.0,0.0,0.35,0.0
maximum_sharpe_quarterly,2023-01-03,0.35,0.35,0.0,0.0,0.030880368778851072,0.0,0.0,0.2691196312211349,0.0
maximum_sharpe_quarterly,2023-04-03,0.35,0.2660847302479477,0.0,0.0,0.0,0.03391526975205217,0.0,0.34999999999999987,0.0
maximum_sharpe_quarterly,2023-07-03,0.35,0.1312412030845312,0.0,0.0,0.0,0.16875879690793016,0.0,0.35,0.0
maximum_sharpe_quarterly,2023-10-02,0.35,0.0,0.0,0.0,0.0,0.30000000000000115,0.0,0.35,0.0
maximum_sharpe_quarterly,2024-01-02,0.3499999999999326,0.2405229263531849,0.0,0.0,0.0,0.0,0.05947707364684093,0.34999999999999937,0.0
maximum_sharpe_quarterly,2024-04-01,0.3499999999948977,0.34999999999985887,0.0,0.0,0.0,2.240055363422755e-12,0.0,0.30000000000249183,0.0
maximum_sharpe_quarterly,2024-07-01,0.35,0.35,0.0,0.0,0.0,0.0,0.0,0.300000000000051,0.0
maximum_sharpe_quarterly,2024-10-01,0.35,0.35,0.0,0.0,0.0,0.0,0.0,0.3000000000000042,0.0
maximum_sharpe_quarterly,2025-01-02,0.35,0.35,0.0,0.0,0.0,0.0,0.0,0.3000000000000024,0.0
maximum_sharpe_quarterly,2025-04-01,0.34999999999999837,0.3499999999999996,0.0,0.0,0.0,0.0,0.0,0.3000000000000019,0.0
maximum_sharpe_quarterly,2025-07-01,0.3499999999999982,0.34999999999999976,0.0,0.0,0.0,0.0,0.0,0.29999999999999993,0.0
maximum_sharpe_quarterly,2025-10-01,0.34999999999999853,0.34999999999999953,0.0,0.0,0.0,0.0,0.0,0.3000000000000012,0.0
maximum_sharpe_band_250bp,2011-01-03,0.15333226949274362,0.20623670531135435,0.35,0.17568334601823374,0.05841263641307445,0.0,0.056335042764593286,0.0,0.0
maximum_sharpe_band_250bp,2011-02-01,0.1799232182511732,0.1711329981631288,0.35,0.18527109424896832,0.0504426991911413,0.0,0.06322999014558807,0.0,0.0
maximum_sharpe_band_250bp,2011-03-01,0.14686806324990054,0.17303389930562532,0.3499999999999993,0.2114487546105881,0.05261423849670233,0.0,0.06603504433718418,0.0,0.0
maximum_sharpe_band_250bp,2011-04-01,0.046297337766503216,0.24017758120580815,0.35,0.22971463539047715,0.0740377965078707,0.0,0.05977264912934084,0.0,0.0
maximum_sharpe_band_250bp,2011-05-02,0.04632639600818755,0.2489065462187785,0.34999999999999953,0.19730936439091715,0.10056127961958683,0.0,0.056896413762528984,0.0,0.0
maximum_sharpe_band_250bp,2011-06-01,0.14534259043354614,0.19434168397884055,0.34999999999999887,0.19759445004647916,0.0640384683665203,0.0,0.048682807174612604,0.0,0.0
maximum_sharpe_band_250bp,2011-07-01,0.14190987292448723,0.17529097553745004,0.35,0.2060439016603322,0.07334892325182693,0.0,0.05340632662590405,0.0,0.0
maximum_sharpe_band_250bp,2011-08-01,0.07533222998068885,0.19526705281102927,0.3499999999999998,0.19788472608856084,0.13287373865557184,0.0,0.04864225246414846,0.0,0.0
maximum_sharpe_band_250bp,2011-09-01,0.1070641508749782,0.26076879518678975,0.34999999999999987,0.18913814887771946,0.048303053477565874,0.0,0.03864784312850579,0.0,0.006078008454440428
maximum_sharpe_band_250bp,2011-10-03,0.06934546613518303,0.17129400233904024,0.32665661235421234,0.35,0.04547453250482692,0.0,0.027124100016266247,0.0,0.010105286650471274
maximum_sharpe_band_250bp,2011-11-01,0.11783960652832315,0.14917472380441407,0.0974455629828205,0.35,0.21428121199916111,0.0,0.005636434977107271,0.04672525591167009,0.01889720379650434
maximum_sharpe_band_250bp,2011-12-01,0.03179186624676825,0.18394100737519642,0.0,0.327977069298729,0.35,0.0,0.021885787460216192,0.05789243988389771,0.02651182973519247
maximum_sharpe_band_250bp,2012-01-03,0.14356986804500127,0.11273171424770258,0.056510421766892714,0.21644637286130405,0.34999999999999987,0.0,0.0,0.11885648174333993,0.001885141335758852
maximum_sharpe_band_250bp,2012-02-01,0.03384487539616544,0.10208672002258613,0.15488572100379483,0.20697716245380682,0.35,0.0,0.006397306969435305,0.12162529603617532,0.024182918118036575
maximum_sharpe_band_250bp,2012-03-01,0.01832773623943134,0.07285834125732493,0.05883665638716378,0.3407791935472572,0.34241836501454276,0.0,0.0022469653602035203,0.16453274219407715,0.0
maximum_sharpe_band_250bp,2012-04-02,0.144189084565315,0.07018036058974907,0.028043413497066207,0.35,0.2744347777229068,0.0,0.03354261268081057,0.09960975094415275,0.0
maximum_sharpe_band_250bp,2012-05-01,0.03089670380849972,0.07672636821403035,0.08571013765712696,0.3243524800890891,0.33262180555399823,0.0,0.02793391672616528,0.12175858795109018,0.0
maximum_sharpe_band_250bp,2012-06-01,0.009020217932820315,0.04325193567401764,0.32076123456498656,0.1855429682296676,0.2731478656846573,0.0,0.07032633647298465,0.09794944144086319,0.0
maximum_sharpe_band_250bp,2012-07-02,0.04591583059658934,0.0525850974686062,0.34999999999999976,0.14640367178548294,0.23066307137879763,0.0,0.07521369802639316,0.09921863074413521,0.0
maximum_sharpe_band_250bp,2012-08-01,0.03223555817904802,0.0501966508397403,0.34999999999999976,0.11412762032012493,0.28421108049953525,0.0,0.0853201965850158,0.08390889357653838,0.0
maximum_sharpe_band_250bp,2012-09-04,0.02641881883986652,0.05499201723926256,0.35,0.12476224971733701,0.26563147271875664,0.0,0.06687622808780855,0.11131921339697255,0.0
maximum_sharpe_band_250bp,2012-10-01,0.029077516432443915,0.06483697531415207,0.3499999999999999,0.14635276613690662,0.23416641647560266,0.0,0.036064661075974794,0.1395016645649214,0.0
maximum_sharpe_band_250bp,2012-11-01,0.01952180514416178,0.0517746236910383,0.2951024973237882,0.2612765518138539,0.20846259654124785,0.0,0.049565298023373214,0.11429662746253495,0.0
maximum_sharpe_band_250bp,2012-12-03,0.01763362742637676,0.032941175517945245,0.34703977195175517,0.20659809930274217,0.21531362005050753,0.0,0.051208828349245894,0.12926487740142995,0.0
maximum_sharpe_band_250bp,2013-01-02,0.06411412885654742,0.040208739908817105,0.35,0.20756592331131582,0.1735375549572995,0.0,0.030452754846242953,0.13412089811977498,0.0
maximum_sharpe_band_250bp,2013-02-01,0.08692509725612205,0.04250313737018952,0.35,0.16861330991863904,0.16999303179669464,0.0,0.03184077068713423,0.15012465297121586,0.0
maximum_sharpe_band_250bp,2013-03-01,0.05260890440984382,0.022490568838098666,0.35,0.17120035892397997,0.21567127484564963,0.0,0.023697345788669298,0.16433154719375911,0.0
maximum_sharpe_band_250bp,2013-04-01,0.09863444999668904,0.024705097940048344,0.3499999999999989,0.13525538964711672,0.21154386089222438,0.0,0.0,0.17986120152392251,0.0
maximum_sharpe_band_250bp,2013-05-01,0.11149163796273609,0.0,0.34999999999999987,0.17828415703200942,0.1844307436074808,0.0,0.004530070006784762,0.17126339139099056,0.0
maximum_sharpe_band_250bp,2013-06-03,0.060648829493032054,0.0,0.35,0.23011073116118289,0.1421896542878688,0.0,0.0,0.21705078505792222,0.0
maximum_sharpe_band_250bp,2013-07-01,0.17354880212356485,0.0,0.35,0.14433597815461663,0.10762261341169031,0.0,0.0,0.22449260631016724,0.0
maximum_sharpe_band_250bp,2013-08-01,0.12059961589052953,4.6753137860201625e-12,0.34999999998777587,0.07779101463759815,0.19585521860001207,5.503654071381276e-12,5.314685459301485e-12,0.25575415086167724,6.913544925077602e-12
maximum_sharpe_band_250bp,2013-09-03,0.11864759878000683,0.0,0.35,0.04196057850038011,0.19691157471789875,0.0,0.0,0.2924802480054335,0.0
maximum_sharpe_band_250bp,2013-10-01,0.14671556053325804,0.0,0.35,0.04030799896055054,0.1861938008804781,0.0,0.0,0.2767826396262957,0.0
maximum_sharpe_band_250bp,2013-11-01,0.18440547374557165,0.0,0.35,0.13701169592676968,0.07254907162016608,0.0,0.0,0.25603375870721606,0.0
maximum_sharpe_band_250bp,2013-12-02,0.14526888932801688,0.0,0.35,0.18148181741049418,0.06327807054002252,0.0,0.0,0.25997122274280515,0.0
maximum_sharpe_band_250bp,2014-01-02,0.15192389328466147,0.0,0.35,0.2214041548721817,0.04131889306566845,0.0,0.0,0.23535305880301155,0.0
maximum_sharpe_band_250bp,2014-02-03,0.16584410710874076,5.866842734146343e-12,0.3499999999891027,0.22374601013716255,0.04697291027047179,7.286382075770339e-12,7.2315366687187004e-12,0.21343697246565096,8.486405375223447e-12
maximum_sharpe_band_250bp,2014-03-03,0.2033954104045181,0.0,0.35,0.23620632815782067,0.007362248095601389,0.0,0.0,0.20303601336345245,0.0
maximum_sharpe_band_250bp,2014-04-01,0.1978990544745983,3.8215283293798006e-12,0.3499999999918388,0.24362979807254662,7.534213772070371e-12,4.642712062168683e-12,4.603229400101613e-12,0.2084711474351043,5.310331587979854e-12
maximum_sharpe_band_250bp,2014-05-01,0.18332418445957394,0.0,0.35,0.26302790031037915,0.0,0.0,0.0,0.20364791528041734,0.0
maximum_sharpe_band_250bp,2014-06-02,0.17006877755386074,0.0,0.35,0.2633943060436078,0.0,0.0,0.0,0.21653691648252413,0.0
maximum_sharpe_band_250bp,2014-07-01,0.13487711036499078,0.0,0.35,0.2748109135278972,0.0,0.0,0.0,0.2403119761171829,0.0
maximum_sharpe_band_250bp,2014-08-01,0.1507822342774781,1.7188828756609792e-12,0.34999999999688086,0.2653499969049101,2.1465486899356796e-11,2.0360054516898457e-12,1.7940838701810402e-12,0.2338677687914511,2.265387950470786e-12
maximum_sharpe_band_250bp,2014-09-02,0.03916122760584172,0.0,0.3073081312281086,0.3499999999996497,0.0,0.0,0.0,0.30353064116525513,0.0
maximum_sharpe_band_250bp,2014-10-01,0.019811492000420563,0.0,0.3107128277730884,0.31970301349657854,0.0,0.0,0.0,0.34977266672993435,0.0
maximum_sharpe_band_250bp,2014-11-03,0.16339184746954233,0.0,0.349999999999896,0.18255518355126557,0.0,0.0,0.0,0.3040529689786058,0.0
maximum_sharpe_band_250bp,2014-12-01,0.09682071919005938,0.0,0.2126626304724298,0.35,0.0,0.0,0.0,0.34051665033752676,0.0
maximum_sharpe_band_250bp,2015-01-02,0.09684488644169818,0.0,0.20787754899951633,0.3452775645587699,0.0,0.0,0.0,0.3499999999999967,0.0
maximum_sharpe_band_250bp,2015-02-02,0.015264919420928226,0.0,0.3133958904555864,0.33186708457546577,0.0,0.0,0.0,0.3394721055480385,0.0
maximum_sharpe_band_250bp,2015-03-02,0.07398688520423073,0.0,0.30047864515749245,0.27553446963831524,0.0,0.0,0.0,0.35,0.0
maximum_sharpe_band_250bp,2015-04-01,0.04784697820853601,0.0,0.34999999999996934,0.2552466546759012,0.0,0.0,0.0,0.34690636711555173,0.0
maximum_sharpe_band_250bp,2015-05-01,0.10658353234363205,0.0,0.2843106066350803,0.2591058610214073,0.0,0.0,0.0,0.35,0.0
maximum_sharpe_band_250bp,2015-06-01,0.19096284300562297,0.0,0.19177890794375257,0.2672582490505793,0.0,0.0,0.0,0.34999999999999776,0.0
maximum_sharpe_band_250bp,2015-07-01,0.2981253108866787,0.0,0.1817311521839286,0.17014353692947734,0.0,0.0,0.0,0.35,0.0
maximum_sharpe_band_250bp,2015-08-03,0.33290422907061684,0.0,0.31709577092629565,1.8695251459253806e-12,0.0,0.0,0.0,0.35,0.0
maximum_sharpe_band_250bp,2015-09-01,0.3000000000000757,0.0,0.34999999999999537,0.0,0.0,0.0,0.0,0.34999999999999876,0.0
maximum_sharpe_band_250bp,2015-10-01,0.316618010094359,0.0,0.35,0.0052565896482919365,0.0,0.0,0.0,0.32812540025731274,0.0
maximum_sharpe_band_250bp,2015-11-02,0.3097311321288113,0.0,0.3499999999942735,1.1236295074616026e-11,0.0,3.169635828624692e-12,4.748377746060454e-12,0.34026886785728677,0.0
maximum_sharpe_band_250bp,2015-12-01,0.2999999999979258,0.0,0.34999999999982245,1.1325610588253099e-12,0.0,0.0,0.0,0.3499999999999787,0.0
maximum_sharpe_band_250bp,2016-01-04,0.2999999999902719,0.0,0.34999999999615883,9.605496953390968e-12,0.0,1.5911560263814906e-12,2.1160816154885964e-12,0.34999999999993786,0.0
maximum_sharpe_band_250bp,2016-02-01,0.3499999999999974,0.0,0.34999999999999815,0.031774456288936014,0.0,0.0,0.0,0.2682255437110562,0.0
maximum_sharpe_band_250bp,2016-03-01,0.3499999999999931,0.0,0.34999999999999165,0.04151876500078018,0.0,0.0,0.0,0.25848123499920983,0.0
maximum_sharpe_band_250bp,2016-04-01,0.2562756395302079,0.0,0.34999999999988646,0.1164241936254838,0.0,0.0,0.0,0.2773001668442208,0.0
maximum_sharpe_band_250bp,2016-05-02,0.20840318117778545,0.0,0.35,0.13743704957742195,0.0,0.0,0.0,0.30415976924477733,0.0
maximum_sharpe_band_250bp,2016-06-01,0.233717068787717,0.0,0.34999999999997466,0.16289138321377467,0.0,0.0,0.0,0.2533915479984816,0.0
maximum_sharpe_band_250bp,2016-07-01,0.09322861048569017,0.0,0.3499999999999957,0.31875012866335345,0.0,0.0,0.0,0.23802126085095304,0.0
maximum_sharpe_band_250bp,2016-08-01,0.10540022136398118,0.0,0.3499999999999999,0.3178567746551684,0.0,0.0,0.003982895496260557,0.2227601084845889,0.0
maximum_sharpe_band_250bp,2016-09-01,0.06381724832600895,0.0,0.35,0.34069834578978825,0.0,0.0,0.020003745738176208,0.22548066014602805,0.0
maximum_sharpe_band_250bp,2016-10-03,0.07858526628949727,0.0,0.35,0.35,0.0,0.0,0.004734730580414931,0.21668000313008837,0.0
maximum_sharpe_band_250bp,2016-11-01,0.07894755730078992,0.0,0.35,0.35,0.0,0.0,0.0,0.22105244269921495,0.0
maximum_sharpe_band_250bp,2016-12-01,0.0114214536556712,0.0,0.349999999999999,0.34675963275536575,0.0,0.0,0.043122403085922065,0.24869651050303707,0.0
maximum_sharpe_band_250bp,2017-01-03,0.1551404737275938,0.0,0.3499999999999997,0.2373056986363387,0.0,0.0,0.06986222102601752,0.18769160661004552,0.0
maximum_sharpe_band_250bp,2017-02-01,0.12259138713144746,0.0,0.35,0.24582332018507502,0.0,0.0,0.019863416218088542,0.2617218764653871,0.0
maximum_sharpe_band_250bp,2017-03-01,0.13207889402234138,0.0,0.3499999999999977,0.239033859258804,0.0,0.0,0.010687293908078675,0.2681999528107735,0.0
maximum_sharpe_band_250bp,2017-04-03,0.21440746570023075,0.0,0.349999999999991,0.191630576143315,0.0,0.0,0.0,0.2439619581564551,0.0
maximum_sharpe_band_250bp,2017-05-01,0.2646144757963198,0.0,0.3499999999998952,0.14483736695039098,0.0,0.0,0.0,0.24054815725320614,0.0
maximum_sharpe_band_250bp,2017-06-01,0.19523618168367748,0.0,0.3499999999991266,0.19206576526544886,0.0,0.0,0.0,0.26269805305025024,0.0
maximum_sharpe_band_250bp,2017-07-03,0.07460137438323475,0.0,0.35,0.29584435602521153,0.0,0.0,0.0,0.2795542695915573,0.0
maximum_sharpe_band_250bp,2017-08-01,0.08527129015752068,0.0,0.35,0.2803948091933295,0.0,0.0,0.0,0.2843339006497994,0.0
maximum_sharpe_band_250bp,2017-09-01,0.17304040019094924,1.0073490435899557e-12,0.3499999999967842,0.22080934616552306,1.5016023092919578e-12,1.7822776132540852e-12,2.4143770750023608e-12,0.25615025363814625,1.891713755043309e-12
maximum_sharpe_band_250bp,2017-10-02,0.051154688050136066,0.0,0.29589096404305615,0.3499999999999989,0.0,0.0,0.0,0.3029543479068058,0.0
maximum_sharpe_band_250bp,2017-11-01,0.12606614499306118,0.009493540998798731,0.21002326049552603,0.34999999999849085,0.0,0.0,0.0,0.3044170535110406,0.0
maximum_sharpe_band_250bp,2017-12-01,0.17754844288249852,0.009204480838122055,0.16616886169039058,0.34999999999617903,2.6330631316110907e-12,1.886993841821653e-12,1.972838115338023e-12,0.29707821458427647,2.04053836375367e-12
maximum_sharpe_band_250bp,2018-01-02,0.29124164025117083,0.033438188391456,0.0711884373337681,0.34999999999990167,0.0,0.0,0.0,0.25413173402342415,0.0
maximum_sharpe_band_250bp,2018-02-01,0.2818666022540693,0.04748642125532725,0.0,0.3206469764906119,0.0,0.0,0.0,0.35,0.0
maximum_sharpe_band_250bp,2018-03-01,0.24097807853033673,0.097623279122365,0.0,0.3113986423473098,0.0,0.0,0.0,0.35,0.0
maximum_sharpe_band_250bp,2018-04-02,0.16913442329328224,0.13086557670671772,0.0,0.35,0.0,0.0,0.0,0.3499999999999995,0.0
maximum_sharpe_band_250bp,2018-05-01,0.1853633794077943,0.11463662059222102,0.0,0.34999999999993575,0.0,0.0,0.0,0.3499999999999796,0.0
maximum_sharpe_band_250bp,2018-06-01,0.2121779073065101,0.07990643458131531,0.0,0.35,0.05287755246372299,0.0,0.0,0.30503810564981126,0.0
maximum_sharpe_band_250bp,2018-07-02,0.13895520827649735,0.037422987192209614,0.03665107384892834,0.34999999999997056,0.12833408107207148,0.0,0.0,0.3086366496102725,0.0
maximum_sharpe_band_250bp,2018-08-01,0.28973452705539415,0.08493805598003744,0.0,0.35,0.0,0.0,0.0,0.27532741696457846,0.0
maximum_sharpe_band_250bp,2018-09-04,0.1390743283606838,0.012918442869401676,0.0,0.3073662623235001,0.19064096644633466,0.0,0.0,0.34999999999994347,0.0
maximum_sharpe_band_250bp,2018-10-01,0.22309904527318444,0.031830187179589645,0.0,0.21902331504274322,0.1760474525047778,0.0,0.0,0.35,0.0
maximum_sharpe_band_250bp,2018-11-01,0.27392802392174526,0.07734348618580911,0.0,0.23533362436399824,0.06339486552896727,0.0,0.0,0.35,0.0
maximum_sharpe_band_250bp,2018-12-03,0.3323970969104973,0.16390005032200358,0.0,0.0031792797240113983,0.15052357304348785,0.0,0.0,0.35,0.0
maximum_sharpe_band_250bp,2019-01-02,0.057267679830553496,0.21802644987331274,0.0,0.3499999999999996,0.06149919493414867,0.0,0.0,0.3132066753619854,0.0
maximum_sharpe_band_250bp,2019-02-01,0.22921291201697191,0.12360823375301493,0.0,0.35,0.0,0.0,0.0,0.29717885423001306,0.0
maximum_sharpe_band_250bp,2019-03-01,0.27487639930287966,0.04300835745623796,0.0,0.3499999999999988,0.009170266703069842,0.0,0.0,0.3229449765378115,0.0
maximum_sharpe_band_250bp,2019-04-01,0.24973572453239448,0.0052340519754254826,0.030641945442516905,0.35,0.052350330404483295,0.0,0.0,0.3120379476451909,0.0
maximum_sharpe_band_250bp,2019-05-01,0.1756945898796692,0.0,0.0,0.34999999999999143,0.12430541012033647,0.0,0.0,0.35,0.0
maximum_sharpe_band_250bp,2019-06-03,0.12096748283960312,0.007226000413032964,0.09122260443638672,0.35,0.14034294344967543,0.0,0.0,0.29024096886130446,0.0
maximum_sharpe_band_250bp,2019-07-01,0.2993231737079795,0.0,0.0,0.35,0.0589180786153152,0.0,0.0,0.29175874767670745,0.0
maximum_sharpe_band_250bp,2019-08-01,0.3004085871807201,0.0,0.0,0.34999999999988934,0.05023852470799257,0.0,0.0,0.29935288811086663,0.0
maximum_sharpe_band_250bp,2019-09-03,0.129247419749976,0.036834647487041725,0.22144497236139812,0.34999999999935866,0.0,0.0,0.0,0.2624729604008734,0.0
maximum_sharpe_band_250bp,2019-10-01,0.22547423516146023,0.011641974367880382,0.15046840843084552,0.35,0.0,0.0,0.0,0.2624153820399017,0.0
maximum_sharpe_band_250bp,2019-11-01,0.13412120481590054,0.06462404703890111,0.17552678870208682,0.35,0.0,0.0,0.0,0.2757279594431134,0.0
maximum_sharpe_band_250bp,2019-12-02,0.1864923093242983,0.044769973539831094,0.20153198076907153,0.35,0.0,0.0,0.0,0.2172057363668011,0.0
maximum_sharpe_band_250bp,2020-01-02,0.16665949203453878,0.12140345536793148,0.13895493454707966,0.35,0.0,0.0,0.0,0.22298211805045057,0.0
maximum_sharpe_band_250bp,2020-02-03,0.07529471363925898,0.0867106192216701,0.26859530076061305,0.35,0.0,0.0,0.0,0.21939936637845667,0.0
maximum_sharpe_band_250bp,2020-03-02,0.09815794901266438,0.037659346536093284,0.3499999999999997,0.34999999999999976,0.0,0.0,0.0,0.16418270445124117,0.0
maximum_sharpe_band_250bp,2020-04-01,0.299805071928518,0.15612407295459405,0.35,0.028604520370866044,0.057611193730716846,0.0,0.0,0.10785514101530379,0.0
maximum_sharpe_band_250bp,2020-05-01,0.24965845901441064,0.1675341634787479,0.35,0.008242657513849337,0.09525755146773235,0.0,0.0,0.1293071685252639,0.0
maximum_sharpe_band_250bp,2020-06-01,0.22940098478190782,0.17870303174398644,0.3499999999999987,0.001852634884658899,0.10404210630508683,0.0,0.0,0.13600124228435992,0.0
maximum_sharpe_band_250bp,2020-07-01,0.20052481879943332,0.20413346396780285,0.35,0.0,0.11106777113491129,0.0,0.0,0.13427394609785262,0.0
maximum_sharpe_band_250bp,2020-08-03,0.15671650855561756,0.23714920011391885,0.3499999999999993,0.0,0.1212490959941155,0.0,0.0,0.13488519533634796,0.0
maximum_sharpe_band_250bp,2020-09-01,0.13244692801526656,0.19445455682577928,0.35,0.0,0.16260493863685668,0.0,0.0,0.16049357652210494,0.0
maximum_sharpe_band_250bp,2020-10-01,0.17331233807364066,0.17105919726985747,0.35,0.0,0.17097190146438934,0.0,0.0,0.13465656319211267,0.0
maximum_sharpe_band_250bp,2020-11-02,0.16139113550987946,0.1932306469233884,0.35,0.0,0.16772539310602577,0.0,0.0,0.12765282446070728,0.0
maximum_sharpe_band_250bp,2020-12-01,0.1754652524941841,0.11505105169742484,0.35,0.0,0.2140067142228555,0.0,0.0,0.14547698158553635,0.0
maximum_sharpe_band_250bp,2021-01-04,0.15947379012657117,0.14555380105072635,0.3499999999999994,0.0,0.19882051797923306,0.0,0.0,0.14615189084346886,0.0
maximum_sharpe_band_250bp,2021-02-01,0.16789314570214942,0.09735754605431957,0.3499999999999996,0.0,0.25242834914484313,0.0,0.0,0.13232095909868907,0.0
maximum_sharpe_band_250bp,2021-03-01,0.1706882785778562,0.06673189343232501,0.35,0.0,0.2604321525918976,0.0,0.0,0.15214767539792234,0.0
maximum_sharpe_band_250bp,2021-04-01,0.127943706613764,0.0732101711338639,0.34999999999999937,0.0,0.260765839431548,0.0,0.0,0.18808028282082323,0.0
maximum_sharpe_band_250bp,2021-05-03,0.14155382752713383,0.07833653806888159,0.35,0.0,0.2500826460416076,0.0,0.0,0.1800269883623778,0.0
maximum_sharpe_band_250bp,2021-06-01,0.08425613925662617,0.1401938862357269,0.34999999999999964,0.0,0.2460308874927653,0.0,0.0,0.17951908701488087,0.0
maximum_sharpe_band_250bp,2021-07-01,0.12101116886164195,0.10432013727395593,0.3499999999999998,0.0,0.24970165622422716,0.0,0.0,0.17496703764017488,0.0
maximum_sharpe_band_250bp,2021-08-02,0.10922247765948147,0.10521473971366953,0.34999999999999915,0.0,0.27814748843936427,0.0,0.0,0.15741529418748443,0.0
maximum_sharpe_band_250bp,2021-09-01,0.09365161489520431,0.12358425088965813,0.35,0.0,0.27103191816805106,0.0,0.0,0.16173221604708612,0.0
maximum_sharpe_band_250bp,2021-10-01,0.07338103030492144,0.11686719733362337,0.35,0.0,0.3019697427995855,0.0,0.0,0.1577820295618697,0.0
maximum_sharpe_band_250bp,2021-11-01,0.05127482837430903,0.07990268946512602,0.3499999999999999,0.0,0.33027434834083536,0.0,0.0,0.18854813381972957,0.0
maximum_sharpe_band_250bp,2021-12-01,0.0453836045243024,0.07648040069877057,0.34999999999999976,0.0,0.3499999999999998,0.0,0.0,0.1781359947769275,0.0
maximum_sharpe_band_250bp,2022-01-03,0.022138116926511076,0.06958442568976121,0.33911056887611996,0.0,0.34999999999999976,0.0,0.0,0.21916688850760618,0.0
maximum_sharpe_band_250bp,2022-02-01,0.050237981015002216,0.08695730027197855,0.3033203949577753,0.0,0.35,0.0,0.0,0.20948432375524426,0.0
maximum_sharpe_band_250bp,2022-03-01,0.07635440743401158,0.14477897130354414,0.2468715164932224,0.0,0.35,0.0,0.0,0.18199510476922154,0.0
maximum_sharpe_band_250bp,2022-04-01,0.14254310194768055,0.25126720462872215,0.04944382188590021,0.0,0.34999999999999926,0.0,0.0,0.20674587153769644,0.0
maximum_sharpe_band_250bp,2022-05-02,0.13822704567306976,0.32387911751437287,0.0,0.0,0.34999999999999887,0.0,0.0,0.18789383681255578,0.0
maximum_sharpe_band_250bp,2022-06-01,0.06789516361523086,0.3291829644863297,0.0,0.0,0.34999999999999987,0.0,0.0,0.2529218718984401,0.0
maximum_sharpe_band_250bp,2022-07-01,0.10954588950884925,0.3499999999999992,0.0,0.0,0.31901951918271787,0.0,0.0,0.22143459130843235,0.0
maximum_sharpe_band_250bp,2022-08-01,0.25364329421170234,0.190290088103792,0.0,0.0,0.35,0.0,0.0,0.20606661768450937,0.0
maximum_sharpe_band_250bp,2022-09-01,0.16178905246954062,0.1500157765407998,0.0,0.0,0.35,0.0,0.0,0.3381951709896587,0.0
maximum_sharpe_band_250bp,2022-10-03,0.32331749805072585,0.3266825019494179,0.0,0.0,0.0,0.0,0.0,0.35,0.0
maximum_sharpe_band_250bp,2022-11-01,0.3272341859245721,0.17056752713089784,0.0,0.0,0.15219828694456358,0.0,0.0,0.35,0.0
maximum_sharpe_band_250bp,2022-12-01,0.2774988603062362,0.35,0.0,0.0,0.055495032730608185,0.0,0.0,0.31700610696317183,0.0
maximum_sharpe_band_250bp,2023-01-03,0.35,0.35,0.0,0.0,0.030880368778851072,0.0,0.0,0.2691196312211349,0.0
maximum_sharpe_band_250bp,2023-02-01,0.35,0.35,0.0,0.0,0.010232618313450093,0.0,0.0,0.2897673816865465,0.0
maximum_sharpe_band_250bp,2023-03-01,0.35,0.2999999999999986,0.0,0.0,0.0,0.0,0.0,0.34999999999999964,0.0
maximum_sharpe_band_250bp,2023-04-03,0.35,0.2660847302479477,0.0,0.0,0.0,0.03391526975205217,0.0,0.34999999999999987,0.0
maximum_sharpe_band_250bp,2023-05-01,0.34999999999999787,0.16969071335992805,0.0,0.0,0.0,0.13030928664007357,0.0,0.35,0.0
maximum_sharpe_band_250bp,2023-06-01,0.35,0.20974431208845118,0.0,0.0,0.0,0.09025568791152794,0.0,0.35,0.0
maximum_sharpe_band_250bp,2023-07-03,0.35,0.1312412030845312,0.0,0.0,0.0,0.16875879690793016,0.0,0.35,0.0
maximum_sharpe_band_250bp,2023-08-01,0.3499999999999994,0.0,0.0,0.0,0.0,0.2999999999999991,0.0,0.35,0.0
maximum_sharpe_band_250bp,2023-09-01,0.349999999999991,0.0,0.0,0.0,0.0,0.30000000000000215,0.0,0.34999999999999976,0.0
maximum_sharpe_band_250bp,2023-10-02,0.35,0.0,0.0,0.0,0.0,0.30000000000000115,0.0,0.35,0.0
maximum_sharpe_band_250bp,2023-11-01,0.35,0.1396571902199842,0.0,0.0,0.0,0.16034280976104787,0.0,0.35,0.0
maximum_sharpe_band_250bp,2023-12-01,0.35,0.3000000000000453,0.0,0.0,0.0,0.0,0.0,0.35,0.0
maximum_sharpe_band_250bp,2024-01-02,0.3499999999999326,0.2405229263531849,0.0,0.0,0.0,0.0,0.05947707364684093,0.34999999999999937,0.0
maximum_sharpe_band_250bp,2024-02-01,0.34999999999997444,0.29999999999997934,0.0,0.0,0.0,0.0,0.0,0.34999999999999903,0.0
maximum_sharpe_band_250bp,2024-03-01,0.35,0.3000000000000185,0.0,0.0,0.0,0.0,0.0,0.35,0.0
maximum_sharpe_band_250bp,2024-04-01,0.3499999999948977,0.34999999999985887,0.0,0.0,0.0,2.240055363422755e-12,0.0,0.30000000000249183,0.0
maximum_sharpe_band_250bp,2024-05-01,0.3499999999987581,0.3499999999999185,0.0,0.0,0.0,1.2017817296872124e-12,0.0,0.299999999999949,0.0
maximum_sharpe_band_250bp,2024-06-03,0.3278585932600698,0.35,0.0,0.0,0.0,0.0,0.0,0.3221414067400255,0.0
maximum_sharpe_band_250bp,2024-07-01,0.35,0.35,0.0,0.0,0.0,0.0,0.0,0.300000000000051,0.0
maximum_sharpe_band_250bp,2024-08-01,0.35,0.35,0.0,0.0,0.0,0.0,0.0,0.3000000000000643,0.0
maximum_sharpe_band_250bp,2024-09-03,0.3499999999991809,0.34999999999994497,0.0,0.0,0.0,0.0,0.0,0.30000000000008076,0.0
maximum_sharpe_band_250bp,2024-10-01,0.35,0.35,0.0,0.0,0.0,0.0,0.0,0.3000000000000042,0.0
maximum_sharpe_band_250bp,2024-11-01,0.3499999999999833,0.349999999999994,0.0,0.0,0.0,0.0,0.0,0.2999999999999948,0.0
maximum_sharpe_band_250bp,2024-12-02,0.3499999999999923,0.3499999999999967,0.0,0.0,0.0,0.0,0.0,0.3000000000000024,0.0
maximum_sharpe_band_250bp,2025-01-02,0.35,0.35,0.0,0.0,0.0,0.0,0.0,0.3000000000000024,0.0
maximum_sharpe_band_250bp,2025-02-03,0.3499999999999891,0.34999999999999626,0.0,0.0,0.0,0.0,0.0,0.29999999999999877,0.0
maximum_sharpe_band_250bp,2025-03-03,0.3499999999989889,0.3499999999999427,0.0,0.0,0.0,0.0,0.0,0.3000000000002598,0.0
maximum_sharpe_band_250bp,2025-04-01,0.34999999999999837,0.3499999999999996,0.0,0.0,0.0,0.0,0.0,0.3000000000000019,0.0
maximum_sharpe_band_250bp,2025-05-01,0.35,0.35,0.015584562931053736,0.0,0.0,0.0,0.0,0.284415437068153,0.0
maximum_sharpe_band_250bp,2025-06-02,0.35,0.35,0.0,0.0,0.0,0.0,0.0,0.29999999999999877,0.0
maximum_sharpe_band_250bp,2025-07-01,0.3499999999999982,0.34999999999999976,0.0,0.0,0.0,0.0,0.0,0.29999999999999993,0.0
maximum_sharpe_band_250bp,2025-08-01,0.3499999999999932,0.3499999999999984,0.0,0.0,0.0,0.0,0.0,0.30000000000000004,0.0
maximum_sharpe_band_250bp,2025-09-02,0.3499999999999964,0.349999999999999,0.0,0.0,0.0,0.0,0.0,0.3000000000000011,0.0
maximum_sharpe_band_250bp,2025-10-01,0.34999999999999853,0.34999999999999953,0.0,0.0,0.0,0.0,0.0,0.3000000000000012,0.0
maximum_sharpe_band_250bp,2025-11-03,0.35,0.35,0.0,0.0,0.0,0.0,0.0,0.30000000000000077,0.0
maximum_sharpe_band_250bp,2025-12-01,0.35,0.35,0.0,0.0,0.0012954214729407147,0.0,0.0,0.2987045785270597,0.0
maximum_sharpe_band_500bp,2011-01-03,0.15333226949274362,0.20623670531135435,0.35,0.17568334601823374,0.05841263641307445,0.0,0.056335042764593286,0.0,0.0
maximum_sharpe_band_500bp,2011-02-01,0.1799232182511732,0.1711329981631288,0.35,0.18527109424896832,0.0504426991911413,0.0,0.06322999014558807,0.0,0.0
maximum_sharpe_band_500bp,2011-03-01,0.14686806324990054,0.17303389930562532,0.3499999999999993,0.2114487546105881,0.05261423849670233,0.0,0.06603504433718418,0.0,0.0
maximum_sharpe_band_500bp,2011-04-01,0.046297337766503216,0.24017758120580815,0.35,0.22971463539047715,0.0740377965078707,0.0,0.05977264912934084,0.0,0.0
maximum_sharpe_band_500bp,2011-05-02,0.04632639600818755,0.2489065462187785,0.34999999999999953,0.19730936439091715,0.10056127961958683,0.0,0.056896413762528984,0.0,0.0
maximum_sharpe_band_500bp,2011-06-01,0.14534259043354614,0.19434168397884055,0.34999999999999887,0.19759445004647916,0.0640384683665203,0.0,0.048682807174612604,0.0,0.0
maximum_sharpe_band_500bp,2011-07-01,0.14190987292448723,0.17529097553745004,0.35,0.2060439016603322,0.07334892325182693,0.0,0.05340632662590405,0.0,0.0
maximum_sharpe_band_500bp,2011-08-01,0.07533222998068885,0.19526705281102927,0.3499999999999998,0.19788472608856084,0.13287373865557184,0.0,0.04864225246414846,0.0,0.0
maximum_sharpe_band_500bp,2011-09-01,0.1070641508749782,0.26076879518678975,0.34999999999999987,0.18913814887771946,0.048303053477565874,0.0,0.03864784312850579,0.0,0.006078008454440428
maximum_sharpe_band_500bp,2011-10-03,0.06934546613518303,0.17129400233904024,0.32665661235421234,0.35,0.04547453250482692,0.0,0.027124100016266247,0.0,0.010105286650471274
maximum_sharpe_band_500bp,2011-11-01,0.11783960652832315,0.14917472380441407,0.0974455629828205,0.35,0.21428121199916111,0.0,0.005636434977107271,0.04672525591167009,0.01889720379650434
maximum_sharpe_band_500bp,2011-12-01,0.03179186624676825,0.18394100737519642,0.0,0.327977069298729,0.35,0.0,0.021885787460216192,0.05789243988389771,0.02651182973519247
maximum_sharpe_band_500bp,2012-01-03,0.14356986804500127,0.11273171424770258,0.056510421766892714,0.21644637286130405,0.34999999999999987,0.0,0.0,0.11885648174333993,0.001885141335758852
maximum_sharpe_band_500bp,2012-02-01,0.03384487539616544,0.10208672002258613,0.15488572100379483,0.20697716245380682,0.35,0.0,0.006397306969435305,0.12162529603617532,0.024182918118036575
maximum_sharpe_band_500bp,2012-03-01,0.01832773623943134,0.07285834125732493,0.05883665638716378,0.3407791935472572,0.34241836501454276,0.0,0.0022469653602035203,0.16453274219407715,0.0
maximum_sharpe_band_500bp,2012-04-02,0.144189084565315,0.07018036058974907,0.028043413497066207,0.35,0.2744347777229068,0.0,0.03354261268081057,0.09960975094415275,0.0
maximum_sharpe_band_500bp,2012-05-01,0.03089670380849972,0.07672636821403035,0.08571013765712696,0.3243524800890891,0.33262180555399823,0.0,0.02793391672616528,0.12175858795109018,0.0
maximum_sharpe_band_500bp,2012-06-01,0.009020217932820315,0.04325193567401764,0.32076123456498656,0.1855429682296676,0.2731478656846573,0.0,0.07032633647298465,0.09794944144086319,0.0
maximum_sharpe_band_500bp,2012-07-02,0.04591583059658934,0.0525850974686062,0.34999999999999976,0.14640367178548294,0.23066307137879763,0.0,0.07521369802639316,0.09921863074413521,0.0
maximum_sharpe_band_500bp,2012-08-01,0.03223555817904802,0.0501966508397403,0.34999999999999976,0.11412762032012493,0.28421108049953525,0.0,0.0853201965850158,0.08390889357653838,0.0
maximum_sharpe_band_500bp,2012-09-04,0.02641881883986652,0.05499201723926256,0.35,0.12476224971733701,0.26563147271875664,0.0,0.06687622808780855,0.11131921339697255,0.0
maximum_sharpe_band_500bp,2012-10-01,0.029077516432443915,0.06483697531415207,0.3499999999999999,0.14635276613690662,0.23416641647560266,0.0,0.036064661075974794,0.1395016645649214,0.0
maximum_sharpe_band_500bp,2012-11-01,0.01952180514416178,0.0517746236910383,0.2951024973237882,0.2612765518138539,0.20846259654124785,0.0,0.049565298023373214,0.11429662746253495,0.0
maximum_sharpe_band_500bp,2012-12-03,0.01763362742637676,0.032941175517945245,0.34703977195175517,0.20659809930274217,0.21531362005050753,0.0,0.051208828349245894,0.12926487740142995,0.0
maximum_sharpe_band_500bp,2013-01-02,0.06411412885654742,0.040208739908817105,0.35,0.20756592331131582,0.1735375549572995,0.0,0.030452754846242953,0.13412089811977498,0.0
maximum_sharpe_band_500bp,2013-02-01,0.08692509725612205,0.04250313737018952,0.35,0.16861330991863904,0.16999303179669464,0.0,0.03184077068713423,0.15012465297121586,0.0
maximum_sharpe_band_500bp,2013-03-01,0.05260890440984382,0.022490568838098666,0.35,0.17120035892397997,0.21567127484564963,0.0,0.023697345788669298,0.16433154719375911,0.0
maximum_sharpe_band_500bp,2013-04-01,0.09863444999668904,0.024705097940048344,0.3499999999999989,0.13525538964711672,0.21154386089222438,0.0,0.0,0.17986120152392251,0.0
maximum_sharpe_band_500bp,2013-05-01,0.11149163796273609,0.0,0.34999999999999987,0.17828415703200942,0.1844307436074808,0.0,0.004530070006784762,0.17126339139099056,0.0
maximum_sharpe_band_500bp,2013-06-03,0.060648829493032054,0.0,0.35,0.23011073116118289,0.1421896542878688,0.0,0.0,0.21705078505792222,0.0
maximum_sharpe_band_500bp,2013-07-01,0.17354880212356485,0.0,0.35,0.14433597815461663,0.10762261341169031,0.0,0.0,0.22449260631016724,0.0
maximum_sharpe_band_500bp,2013-08-01,0.12059961589052953,4.6753137860201625e-12,0.34999999998777587,0.07779101463759815,0.19585521860001207,5.503654071381276e-12,5.314685459301485e-12,0.25575415086167724,6.913544925077602e-12
maximum_sharpe_band_500bp,2013-09-03,0.11864759878000683,0.0,0.35,0.04196057850038011,0.19691157471789875,0.0,0.0,0.2924802480054335,0.0
maximum_sharpe_band_500bp,2013-10-01,0.14671556053325804,0.0,0.35,0.04030799896055054,0.1861938008804781,0.0,0.0,0.2767826396262957,0.0
maximum_sharpe_band_500bp,2013-11-01,0.18440547374557165,0.0,0.35,0.13701169592676968,0.07254907162016608,0.0,0.0,0.25603375870721606,0.0
maximum_sharpe_band_500bp,2013-12-02,0.14526888932801688,0.0,0.35,0.18148181741049418,0.06327807054002252,0.0,0.0,0.25997122274280515,0.0
maximum_sharpe_band_500bp,2014-01-02,0.15192389328466147,0.0,0.35,0.2214041548721817,0.04131889306566845,0.0,0.0,0.23535305880301155,0.0
maximum_sharpe_band_500bp,2014-02-03,0.16584410710874076,5.866842734146343e-12,0.3499999999891027,0.22374601013716255,0.04697291027047179,7.286382075770339e-12,7.2315366687187004e-12,0.21343697246565096,8.486405375223447e-12
maximum_sharpe_band_500bp,2014-03-03,0.2033954104045181,0.0,0.35,0.23620632815782067,0.007362248095601389,0.0,0.0,0.20303601336345245,0.0
maximum_sharpe_band_500bp,2014-04-01,0.1978990544745983,3.8215283293798006e-12,0.3499999999918388,0.24362979807254662,7.534213772070371e-12,4.642712062168683e-12,4.603229400101613e-12,0.2084711474351043,5.310331587979854e-12
maximum_sharpe_band_500bp,2014-05-01,0.18332418445957394,0.0,0.35,0.26302790031037915,0.0,0.0,0.0,0.20364791528041734,0.0
maximum_sharpe_band_500bp,2014-06-02,0.17006877755386074,0.0,0.35,0.2633943060436078,0.0,0.0,0.0,0.21653691648252413,0.0
maximum_sharpe_band_500bp,2014-07-01,0.13487711036499078,0.0,0.35,0.2748109135278972,0.0,0.0,0.0,0.2403119761171829,0.0
maximum_sharpe_band_500bp,2014-08-01,0.1507822342774781,1.7188828756609792e-12,0.34999999999688086,0.2653499969049101,2.1465486899356796e-11,2.0360054516898457e-12,1.7940838701810402e-12,0.2338677687914511,2.265387950470786e-12
maximum_sharpe_band_500bp,2014-09-02,0.03916122760584172,0.0,0.3073081312281086,0.3499999999996497,0.0,0.0,0.0,0.30353064116525513,0.0
maximum_sharpe_band_500bp,2014-10-01,0.019811492000420563,0.0,0.3107128277730884,0.31970301349657854,0.0,0.0,0.0,0.34977266672993435,0.0
maximum_sharpe_band_500bp,2014-11-03,0.16339184746954233,0.0,0.349999999999896,0.18255518355126557,0.0,0.0,0.0,0.3040529689786058,0.0
maximum_sharpe_band_500bp,2014-12-01,0.09682071919005938,0.0,0.2126626304724298,0.35,0.0,0.0,0.0,0.34051665033752676,0.0
maximum_sharpe_band_500bp,2015-01-02,0.09684488644169818,0.0,0.20787754899951633,0.3452775645587699,0.0,0.0,0.0,0.3499999999999967,0.0
maximum_sharpe_band_500bp,2015-02-02,0.015264919420928226,0.0,0.3133958904555864,0.33186708457546577,0.0,0.0,0.0,0.3394721055480385,0.0
maximum_sharpe_band_500bp,2015-03-02,0.07398688520423073,0.0,0.30047864515749245,0.27553446963831524,0.0,0.0,0.0,0.35,0.0
maximum_sharpe_band_500bp,2015-04-01,0.04784697820853601,0.0,0.34999999999996934,0.2552466546759012,0.0,0.0,0.0,0.34690636711555173,0.0
maximum_sharpe_band_500bp,2015-05-01,0.10658353234363205,0.0,0.2843106066350803,0.2591058610214073,0.0,0.0,0.0,0.35,0.0
maximum_sharpe_band_500bp,2015-06-01,0.19096284300562297,0.0,0.19177890794375257,0.2672582490505793,0.0,0.0,0.0,0.34999999999999776,0.0
maximum_sharpe_band_500bp,2015-07-01,0.2981253108866787,0.0,0.1817311521839286,0.17014353692947734,0.0,0.0,0.0,0.35,0.0
maximum_sharpe_band_500bp,2015-08-03,0.33290422907061684,0.0,0.31709577092629565,1.8695251459253806e-12,0.0,0.0,0.0,0.35,0.0
maximum_sharpe_band_500bp,2015-09-01,0.3000000000000757,0.0,0.34999999999999537,0.0,0.0,0.0,0.0,0.34999999999999876,0.0
maximum_sharpe_band_500bp,2015-10-01,0.316618010094359,0.0,0.35,0.0052565896482919365,0.0,0.0,0.0,0.32812540025731274,0.0
maximum_sharpe_band_500bp,2015-11-02,0.3097311321288113,0.0,0.3499999999942735,1.1236295074616026e-11,0.0,3.169635828624692e-12,4.748377746060454e-12,0.34026886785728677,0.0
maximum_sharpe_band_500bp,2015-12-01,0.2999999999979258,0.0,0.34999999999982245,1.1325610588253099e-12,0.0,0.0,0.0,0.3499999999999787,0.0
maximum_sharpe_band_500bp,2016-01-04,0.2999999999902719,0.0,0.34999999999615883,9.605496953390968e-12,0.0,1.5911560263814906e-12,2.1160816154885964e-12,0.34999999999993786,0.0
maximum_sharpe_band_500bp,2016-02-01,0.3499999999999974,0.0,0.34999999999999815,0.031774456288936014,0.0,0.0,0.0,0.2682255437110562,0.0
maximum_sharpe_band_500bp,2016-03-01,0.3499999999999931,0.0,0.34999999999999165,0.04151876500078018,0.0,0.0,0.0,0.25848123499920983,0.0
maximum_sharpe_band_500bp,2016-04-01,0.2562756395302079,0.0,0.34999999999988646,0.1164241936254838,0.0,0.0,0.0,0.2773001668442208,0.0
maximum_sharpe_band_500bp,2016-05-02,0.20840318117778545,0.0,0.35,0.13743704957742195,0.0,0.0,0.0,0.30415976924477733,0.0
maximum_sharpe_band_500bp,2016-06-01,0.233717068787717,0.0,0.34999999999997466,0.16289138321377467,0.0,0.0,0.0,0.2533915479984816,0.0
maximum_sharpe_band_500bp,2016-07-01,0.09322861048569017,0.0,0.3499999999999957,0.31875012866335345,0.0,0.0,0.0,0.23802126085095304,0.0
maximum_sharpe_band_500bp,2016-08-01,0.10540022136398118,0.0,0.3499999999999999,0.3178567746551684,0.0,0.0,0.003982895496260557,0.2227601084845889,0.0
maximum_sharpe_band_500bp,2016-09-01,0.06381724832600895,0.0,0.35,0.34069834578978825,0.0,0.0,0.020003745738176208,0.22548066014602805,0.0
maximum_sharpe_band_500bp,2016-10-03,0.07858526628949727,0.0,0.35,0.35,0.0,0.0,0.004734730580414931,0.21668000313008837,0.0
maximum_sharpe_band_500bp,2016-11-01,0.07894755730078992,0.0,0.35,0.35,0.0,0.0,0.0,0.22105244269921495,0.0
maximum_sharpe_band_500bp,2016-12-01,0.0114214536556712,0.0,0.349999999999999,0.34675963275536575,0.0,0.0,0.043122403085922065,0.24869651050303707,0.0
maximum_sharpe_band_500bp,2017-01-03,0.1551404737275938,0.0,0.3499999999999997,0.2373056986363387,0.0,0.0,0.06986222102601752,0.18769160661004552,0.0
maximum_sharpe_band_500bp,2017-02-01,0.12259138713144746,0.0,0.35,0.24582332018507502,0.0,0.0,0.019863416218088542,0.2617218764653871,0.0
maximum_sharpe_band_500bp,2017-03-01,0.13207889402234138,0.0,0.3499999999999977,0.239033859258804,0.0,0.0,0.010687293908078675,0.2681999528107735,0.0
maximum_sharpe_band_500bp,2017-04-03,0.21440746570023075,0.0,0.349999999999991,0.191630576143315,0.0,0.0,0.0,0.2439619581564551,0.0
maximum_sharpe_band_500bp,2017-05-01,0.2646144757963198,0.0,0.3499999999998952,0.14483736695039098,0.0,0.0,0.0,0.24054815725320614,0.0
maximum_sharpe_band_500bp,2017-06-01,0.19523618168367748,0.0,0.3499999999991266,0.19206576526544886,0.0,0.0,0.0,0.26269805305025024,0.0
maximum_sharpe_band_500bp,2017-07-03,0.07460137438323475,0.0,0.35,0.29584435602521153,0.0,0.0,0.0,0.2795542695915573,0.0
maximum_sharpe_band_500bp,2017-08-01,0.08527129015752068,0.0,0.35,0.2803948091933295,0.0,0.0,0.0,0.2843339006497994,0.0
maximum_sharpe_band_500bp,2017-09-01,0.17304040019094924,1.0073490435899557e-12,0.3499999999967842,0.22080934616552306,1.5016023092919578e-12,1.7822776132540852e-12,2.4143770750023608e-12,0.25615025363814625,1.891713755043309e-12
maximum_sharpe_band_500bp,2017-10-02,0.051154688050136066,0.0,0.29589096404305615,0.3499999999999989,0.0,0.0,0.0,0.3029543479068058,0.0
maximum_sharpe_band_500bp,2017-11-01,0.12606614499306118,0.009493540998798731,0.21002326049552603,0.34999999999849085,0.0,0.0,0.0,0.3044170535110406,0.0
maximum_sharpe_band_500bp,2017-12-01,0.17754844288249852,0.009204480838122055,0.16616886169039058,0.34999999999617903,2.6330631316110907e-12,1.886993841821653e-12,1.972838115338023e-12,0.29707821458427647,2.04053836375367e-12
maximum_sharpe_band_500bp,2018-01-02,0.29124164025117083,0.033438188391456,0.0711884373337681,0.34999999999990167,0.0,0.0,0.0,0.25413173402342415,0.0
maximum_sharpe_band_500bp,2018-02-01,0.2818666022540693,0.04748642125532725,0.0,0.3206469764906119,0.0,0.0,0.0,0.35,0.0
maximum_sharpe_band_500bp,2018-03-01,0.24097807853033673,0.097623279122365,0.0,0.3113986423473098,0.0,0.0,0.0,0.35,0.0
maximum_sharpe_band_500bp,2018-04-02,0.16913442329328224,0.13086557670671772,0.0,0.35,0.0,0.0,0.0,0.3499999999999995,0.0
maximum_sharpe_band_500bp,2018-05-01,0.1853633794077943,0.11463662059222102,0.0,0.34999999999993575,0.0,0.0,0.0,0.3499999999999796,0.0
maximum_sharpe_band_500bp,2018-06-01,0.2121779073065101,0.07990643458131531,0.0,0.35,0.05287755246372299,0.0,0.0,0.30503810564981126,0.0
maximum_sharpe_band_500bp,2018-07-02,0.13895520827649735,0.037422987192209614,0.03665107384892834,0.34999999999997056,0.12833408107207148,0.0,0.0,0.3086366496102725,0.0
maximum_sharpe_band_500bp,2018-08-01,0.28973452705539415,0.08493805598003744,0.0,0.35,0.0,0.0,0.0,0.27532741696457846,0.0
maximum_sharpe_band_500bp,2018-09-04,0.1390743283606838,0.012918442869401676,0.0,0.3073662623235001,0.19064096644633466,0.0,0.0,0.34999999999994347,0.0
maximum_sharpe_band_500bp,2018-10-01,0.22309904527318444,0.031830187179589645,0.0,0.21902331504274322,0.1760474525047778,0.0,0.0,0.35,0.0
maximum_sharpe_band_500bp,2018-11-01,0.27392802392174526,0.07734348618580911,0.0,0.23533362436399824,0.06339486552896727,0.0,0.0,0.35,0.0
maximum_sharpe_band_500bp,2018-12-03,0.3323970969104973,0.16390005032200358,0.0,0.0031792797240113983,0.15052357304348785,0.0,0.0,0.35,0.0
maximum_sharpe_band_500bp,2019-01-02,0.057267679830553496,0.21802644987331274,0.0,0.3499999999999996,0.06149919493414867,0.0,0.0,0.3132066753619854,0.0
maximum_sharpe_band_500bp,2019-02-01,0.22921291201697191,0.12360823375301493,0.0,0.35,0.0,0.0,0.0,0.29717885423001306,0.0
maximum_sharpe_band_500bp,2019-03-01,0.27487639930287966,0.04300835745623796,0.0,0.3499999999999988,0.009170266703069842,0.0,0.0,0.3229449765378115,0.0
maximum_sharpe_band_500bp,2019-04-01,0.24973572453239448,0.0052340519754254826,0.030641945442516905,0.35,0.052350330404483295,0.0,0.0,0.3120379476451909,0.0
maximum_sharpe_band_500bp,2019-05-01,0.1756945898796692,0.0,0.0,0.34999999999999143,0.12430541012033647,0.0,0.0,0.35,0.0
maximum_sharpe_band_500bp,2019-06-03,0.12096748283960312,0.007226000413032964,0.09122260443638672,0.35,0.14034294344967543,0.0,0.0,0.29024096886130446,0.0
maximum_sharpe_band_500bp,2019-07-01,0.2993231737079795,0.0,0.0,0.35,0.0589180786153152,0.0,0.0,0.29175874767670745,0.0
maximum_sharpe_band_500bp,2019-08-01,0.3004085871807201,0.0,0.0,0.34999999999988934,0.05023852470799257,0.0,0.0,0.29935288811086663,0.0
maximum_sharpe_band_500bp,2019-09-03,0.129247419749976,0.036834647487041725,0.22144497236139812,0.34999999999935866,0.0,0.0,0.0,0.2624729604008734,0.0
maximum_sharpe_band_500bp,2019-10-01,0.22547423516146023,0.011641974367880382,0.15046840843084552,0.35,0.0,0.0,0.0,0.2624153820399017,0.0
maximum_sharpe_band_500bp,2019-11-01,0.13412120481590054,0.06462404703890111,0.17552678870208682,0.35,0.0,0.0,0.0,0.2757279594431134,0.0
maximum_sharpe_band_500bp,2019-12-02,0.1864923093242983,0.044769973539831094,0.20153198076907153,0.35,0.0,0.0,0.0,0.2172057363668011,0.0
maximum_sharpe_band_500bp,2020-01-02,0.16665949203453878,0.12140345536793148,0.13895493454707966,0.35,0.0,0.0,0.0,0.22298211805045057,0.0
maximum_sharpe_band_500bp,2020-02-03,0.07529471363925898,0.0867106192216701,0.26859530076061305,0.35,0.0,0.0,0.0,0.21939936637845667,0.0
maximum_sharpe_band_500bp,2020-03-02,0.09815794901266438,0.037659346536093284,0.3499999999999997,0.34999999999999976,0.0,0.0,0.0,0.16418270445124117,0.0
maximum_sharpe_band_500bp,2020-04-01,0.299805071928518,0.15612407295459405,0.35,0.028604520370866044,0.057611193730716846,0.0,0.0,0.10785514101530379,0.0
maximum_sharpe_band_500bp,2020-05-01,0.24965845901441064,0.1675341634787479,0.35,0.008242657513849337,0.09525755146773235,0.0,0.0,0.1293071685252639,0.0
maximum_sharpe_band_500bp,2020-06-01,0.22940098478190782,0.17870303174398644,0.3499999999999987,0.001852634884658899,0.10404210630508683,0.0,0.0,0.13600124228435992,0.0
maximum_sharpe_band_500bp,2020-07-01,0.20052481879943332,0.20413346396780285,0.35,0.0,0.11106777113491129,0.0,0.0,0.13427394609785262,0.0
maximum_sharpe_band_500bp,2020-08-03,0.15671650855561756,0.23714920011391885,0.3499999999999993,0.0,0.1212490959941155,0.0,0.0,0.13488519533634796,0.0
maximum_sharpe_band_500bp,2020-09-01,0.13244692801526656,0.19445455682577928,0.35,0.0,0.16260493863685668,0.0,0.0,0.16049357652210494,0.0
maximum_sharpe_band_500bp,2020-10-01,0.17331233807364066,0.17105919726985747,0.35,0.0,0.17097190146438934,0.0,0.0,0.13465656319211267,0.0
maximum_sharpe_band_500bp,2020-11-02,0.16139113550987946,0.1932306469233884,0.35,0.0,0.16772539310602577,0.0,0.0,0.12765282446070728,0.0
maximum_sharpe_band_500bp,2020-12-01,0.1754652524941841,0.11505105169742484,0.35,0.0,0.2140067142228555,0.0,0.0,0.14547698158553635,0.0
maximum_sharpe_band_500bp,2021-01-04,0.15947379012657117,0.14555380105072635,0.3499999999999994,0.0,0.19882051797923306,0.0,0.0,0.14615189084346886,0.0
maximum_sharpe_band_500bp,2021-02-01,0.16789314570214942,0.09735754605431957,0.3499999999999996,0.0,0.25242834914484313,0.0,0.0,0.13232095909868907,0.0
maximum_sharpe_band_500bp,2021-03-01,0.1706882785778562,0.06673189343232501,0.35,0.0,0.2604321525918976,0.0,0.0,0.15214767539792234,0.0
maximum_sharpe_band_500bp,2021-04-01,0.127943706613764,0.0732101711338639,0.34999999999999937,0.0,0.260765839431548,0.0,0.0,0.18808028282082323,0.0
maximum_sharpe_band_500bp,2021-05-03,0.14155382752713383,0.07833653806888159,0.35,0.0,0.2500826460416076,0.0,0.0,0.1800269883623778,0.0
maximum_sharpe_band_500bp,2021-06-01,0.08425613925662617,0.1401938862357269,0.34999999999999964,0.0,0.2460308874927653,0.0,0.0,0.17951908701488087,0.0
maximum_sharpe_band_500bp,2021-07-01,0.12101116886164195,0.10432013727395593,0.3499999999999998,0.0,0.24970165622422716,0.0,0.0,0.17496703764017488,0.0
maximum_sharpe_band_500bp,2021-08-02,0.10922247765948147,0.10521473971366953,0.34999999999999915,0.0,0.27814748843936427,0.0,0.0,0.15741529418748443,0.0
maximum_sharpe_band_500bp,2021-09-01,0.09365161489520431,0.12358425088965813,0.35,0.0,0.27103191816805106,0.0,0.0,0.16173221604708612,0.0
maximum_sharpe_band_500bp,2021-10-01,0.07338103030492144,0.11686719733362337,0.35,0.0,0.3019697427995855,0.0,0.0,0.1577820295618697,0.0
maximum_sharpe_band_500bp,2021-11-01,0.05127482837430903,0.07990268946512602,0.3499999999999999,0.0,0.33027434834083536,0.0,0.0,0.18854813381972957,0.0
maximum_sharpe_band_500bp,2021-12-01,0.0453836045243024,0.07648040069877057,0.34999999999999976,0.0,0.3499999999999998,0.0,0.0,0.1781359947769275,0.0
maximum_sharpe_band_500bp,2022-01-03,0.022138116926511076,0.06958442568976121,0.33911056887611996,0.0,0.34999999999999976,0.0,0.0,0.21916688850760618,0.0
maximum_sharpe_band_500bp,2022-02-01,0.050237981015002216,0.08695730027197855,0.3033203949577753,0.0,0.35,0.0,0.0,0.20948432375524426,0.0
maximum_sharpe_band_500bp,2022-03-01,0.07635440743401158,0.14477897130354414,0.2468715164932224,0.0,0.35,0.0,0.0,0.18199510476922154,0.0
maximum_sharpe_band_500bp,2022-04-01,0.14254310194768055,0.25126720462872215,0.04944382188590021,0.0,0.34999999999999926,0.0,0.0,0.20674587153769644,0.0
maximum_sharpe_band_500bp,2022-05-02,0.13822704567306976,0.32387911751437287,0.0,0.0,0.34999999999999887,0.0,0.0,0.18789383681255578,0.0
maximum_sharpe_band_500bp,2022-06-01,0.06789516361523086,0.3291829644863297,0.0,0.0,0.34999999999999987,0.0,0.0,0.2529218718984401,0.0
maximum_sharpe_band_500bp,2022-07-01,0.10954588950884925,0.3499999999999992,0.0,0.0,0.31901951918271787,0.0,0.0,0.22143459130843235,0.0
maximum_sharpe_band_500bp,2022-08-01,0.25364329421170234,0.190290088103792,0.0,0.0,0.35,0.0,0.0,0.20606661768450937,0.0
maximum_sharpe_band_500bp,2022-09-01,0.16178905246954062,0.1500157765407998,0.0,0.0,0.35,0.0,0.0,0.3381951709896587,0.0
maximum_sharpe_band_500bp,2022-10-03,0.32331749805072585,0.3266825019494179,0.0,0.0,0.0,0.0,0.0,0.35,0.0
maximum_sharpe_band_500bp,2022-11-01,0.3272341859245721,0.17056752713089784,0.0,0.0,0.15219828694456358,0.0,0.0,0.35,0.0
maximum_sharpe_band_500bp,2022-12-01,0.2774988603062362,0.35,0.0,0.0,0.055495032730608185,0.0,0.0,0.31700610696317183,0.0
maximum_sharpe_band_500bp,2023-01-03,0.35,0.35,0.0,0.0,0.030880368778851072,0.0,0.0,0.2691196312211349,0.0
maximum_sharpe_band_500bp,2023-02-01,0.35,0.35,0.0,0.0,0.010232618313450093,0.0,0.0,0.2897673816865465,0.0
maximum_sharpe_band_500bp,2023-03-01,0.35,0.2999999999999986,0.0,0.0,0.0,0.0,0.0,0.34999999999999964,0.0
maximum_sharpe_band_500bp,2023-04-03,0.35,0.2660847302479477,0.0,0.0,0.0,0.03391526975205217,0.0,0.34999999999999987,0.0
maximum_sharpe_band_500bp,2023-05-01,0.34999999999999787,0.16969071335992805,0.0,0.0,0.0,0.13030928664007357,0.0,0.35,0.0
maximum_sharpe_band_500bp,2023-06-01,0.35,0.20974431208845118,0.0,0.0,0.0,0.09025568791152794,0.0,0.35,0.0
maximum_sharpe_band_500bp,2023-07-03,0.35,0.1312412030845312,0.0,0.0,0.0,0.16875879690793016,0.0,0.35,0.0
maximum_sharpe_band_500bp,2023-08-01,0.3499999999999994,0.0,0.0,0.0,0.0,0.2999999999999991,0.0,0.35,0.0
maximum_sharpe_band_500bp,2023-09-01,0.349999999999991,0.0,0.0,0.0,0.0,0.30000000000000215,0.0,0.34999999999999976,0.0
maximum_sharpe_band_500bp,2023-10-02,0.35,0.0,0.0,0.0,0.0,0.30000000000000115,0.0,0.35,0.0
maximum_sharpe_band_500bp,2023-11-01,0.35,0.1396571902199842,0.0,0.0,0.0,0.16034280976104787,0.0,0.35,0.0
maximum_sharpe_band_500bp,2023-12-01,0.35,0.3000000000000453,0.0,0.0,0.0,0.0,0.0,0.35,0.0
maximum_sharpe_band_500bp,2024-01-02,0.3499999999999326,0.2405229263531849,0.0,0.0,0.0,0.0,0.05947707364684093,0.34999999999999937,0.0
maximum_sharpe_band_500bp,2024-02-01,0.34999999999997444,0.29999999999997934,0.0,0.0,0.0,0.0,0.0,0.34999999999999903,0.0
maximum_sharpe_band_500bp,2024-03-01,0.35,0.3000000000000185,0.0,0.0,0.0,0.0,0.0,0.35,0.0
maximum_sharpe_band_500bp,2024-04-01,0.3499999999948977,0.34999999999985887,0.0,0.0,0.0,2.240055363422755e-12,0.0,0.30000000000249183,0.0
maximum_sharpe_band_500bp,2024-05-01,0.3499999999987581,0.3499999999999185,0.0,0.0,0.0,1.2017817296872124e-12,0.0,0.299999999999949,0.0
maximum_sharpe_band_500bp,2024-06-03,0.3278585932600698,0.35,0.0,0.0,0.0,0.0,0.0,0.3221414067400255,0.0
maximum_sharpe_band_500bp,2024-07-01,0.35,0.35,0.0,0.0,0.0,0.0,0.0,0.300000000000051,0.0
maximum_sharpe_band_500bp,2024-08-01,0.35,0.35,0.0,0.0,0.0,0.0,0.0,0.3000000000000643,0.0
maximum_sharpe_band_500bp,2024-09-03,0.3499999999991809,0.34999999999994497,0.0,0.0,0.0,0.0,0.0,0.30000000000008076,0.0
maximum_sharpe_band_500bp,2024-10-01,0.35,0.35,0.0,0.0,0.0,0.0,0.0,0.3000000000000042,0.0
maximum_sharpe_band_500bp,2024-11-01,0.3499999999999833,0.349999999999994,0.0,0.0,0.0,0.0,0.0,0.2999999999999948,0.0
maximum_sharpe_band_500bp,2024-12-02,0.3499999999999923,0.3499999999999967,0.0,0.0,0.0,0.0,0.0,0.3000000000000024,0.0
maximum_sharpe_band_500bp,2025-01-02,0.35,0.35,0.0,0.0,0.0,0.0,0.0,0.3000000000000024,0.0
maximum_sharpe_band_500bp,2025-02-03,0.3499999999999891,0.34999999999999626,0.0,0.0,0.0,0.0,0.0,0.29999999999999877,0.0
maximum_sharpe_band_500bp,2025-03-03,0.3499999999989889,0.3499999999999427,0.0,0.0,0.0,0.0,0.0,0.3000000000002598,0.0
maximum_sharpe_band_500bp,2025-04-01,0.34999999999999837,0.3499999999999996,0.0,0.0,0.0,0.0,0.0,0.3000000000000019,0.0
maximum_sharpe_band_500bp,2025-05-01,0.35,0.35,0.015584562931053736,0.0,0.0,0.0,0.0,0.284415437068153,0.0
maximum_sharpe_band_500bp,2025-06-02,0.35,0.35,0.0,0.0,0.0,0.0,0.0,0.29999999999999877,0.0
maximum_sharpe_band_500bp,2025-07-01,0.3499999999999982,0.34999999999999976,0.0,0.0,0.0,0.0,0.0,0.29999999999999993,0.0
maximum_sharpe_band_500bp,2025-08-01,0.3499999999999932,0.3499999999999984,0.0,0.0,0.0,0.0,0.0,0.30000000000000004,0.0
maximum_sharpe_band_500bp,2025-09-02,0.3499999999999964,0.349999999999999,0.0,0.0,0.0,0.0,0.0,0.3000000000000011,0.0
maximum_sharpe_band_500bp,2025-10-01,0.34999999999999853,0.34999999999999953,0.0,0.0,0.0,0.0,0.0,0.3000000000000012,0.0
maximum_sharpe_band_500bp,2025-11-03,0.35,0.35,0.0,0.0,0.0,0.0,0.0,0.30000000000000077,0.0
maximum_sharpe_band_500bp,2025-12-01,0.35,0.35,0.0,0.0,0.0012954214729407147,0.0,0.0,0.2987045785270597,0.0
maximum_sharpe_band_750bp,2011-01-03,0.15333226949274362,0.20623670531135435,0.35,0.17568334601823374,0.05841263641307445,0.0,0.056335042764593286,0.0,0.0
maximum_sharpe_band_750bp,2011-02-01,0.1799232182511732,0.1711329981631288,0.35,0.18527109424896832,0.0504426991911413,0.0,0.06322999014558807,0.0,0.0
maximum_sharpe_band_750bp,2011-03-01,0.14686806324990054,0.17303389930562532,0.3499999999999993,0.2114487546105881,0.05261423849670233,0.0,0.06603504433718418,0.0,0.0
maximum_sharpe_band_750bp,2011-04-01,0.046297337766503216,0.24017758120580815,0.35,0.22971463539047715,0.0740377965078707,0.0,0.05977264912934084,0.0,0.0
maximum_sharpe_band_750bp,2011-05-02,0.04632639600818755,0.2489065462187785,0.34999999999999953,0.19730936439091715,0.10056127961958683,0.0,0.056896413762528984,0.0,0.0
maximum_sharpe_band_750bp,2011-06-01,0.14534259043354614,0.19434168397884055,0.34999999999999887,0.19759445004647916,0.0640384683665203,0.0,0.048682807174612604,0.0,0.0
maximum_sharpe_band_750bp,2011-07-01,0.14190987292448723,0.17529097553745004,0.35,0.2060439016603322,0.07334892325182693,0.0,0.05340632662590405,0.0,0.0
maximum_sharpe_band_750bp,2011-08-01,0.07533222998068885,0.19526705281102927,0.3499999999999998,0.19788472608856084,0.13287373865557184,0.0,0.04864225246414846,0.0,0.0
maximum_sharpe_band_750bp,2011-09-01,0.1070641508749782,0.26076879518678975,0.34999999999999987,0.18913814887771946,0.048303053477565874,0.0,0.03864784312850579,0.0,0.006078008454440428
maximum_sharpe_band_750bp,2011-10-03,0.06934546613518303,0.17129400233904024,0.32665661235421234,0.35,0.04547453250482692,0.0,0.027124100016266247,0.0,0.010105286650471274
maximum_sharpe_band_750bp,2011-11-01,0.11783960652832315,0.14917472380441407,0.0974455629828205,0.35,0.21428121199916111,0.0,0.005636434977107271,0.04672525591167009,0.01889720379650434
maximum_sharpe_band_750bp,2011-12-01,0.03179186624676825,0.18394100737519642,0.0,0.327977069298729,0.35,0.0,0.021885787460216192,0.05789243988389771,0.02651182973519247
maximum_sharpe_band_750bp,2012-01-03,0.14356986804500127,0.11273171424770258,0.056510421766892714,0.21644637286130405,0.34999999999999987,0.0,0.0,0.11885648174333993,0.001885141335758852
maximum_sharpe_band_750bp,2012-02-01,0.03384487539616544,0.10208672002258613,0.15488572100379483,0.20697716245380682,0.35,0.0,0.006397306969435305,0.12162529603617532,0.024182918118036575
maximum_sharpe_band_750bp,2012-03-01,0.01832773623943134,0.07285834125732493,0.05883665638716378,0.3407791935472572,0.34241836501454276,0.0,0.0022469653602035203,0.16453274219407715,0.0
maximum_sharpe_band_750bp,2012-04-02,0.144189084565315,0.07018036058974907,0.028043413497066207,0.35,0.2744347777229068,0.0,0.03354261268081057,0.09960975094415275,0.0
maximum_sharpe_band_750bp,2012-05-01,0.03089670380849972,0.07672636821403035,0.08571013765712696,0.3243524800890891,0.33262180555399823,0.0,0.02793391672616528,0.12175858795109018,0.0
maximum_sharpe_band_750bp,2012-06-01,0.009020217932820315,0.04325193567401764,0.32076123456498656,0.1855429682296676,0.2731478656846573,0.0,0.07032633647298465,0.09794944144086319,0.0
maximum_sharpe_band_750bp,2012-07-02,0.04591583059658934,0.0525850974686062,0.34999999999999976,0.14640367178548294,0.23066307137879763,0.0,0.07521369802639316,0.09921863074413521,0.0
maximum_sharpe_band_750bp,2012-08-01,0.03223555817904802,0.0501966508397403,0.34999999999999976,0.11412762032012493,0.28421108049953525,0.0,0.0853201965850158,0.08390889357653838,0.0
maximum_sharpe_band_750bp,2012-09-04,0.02641881883986652,0.05499201723926256,0.35,0.12476224971733701,0.26563147271875664,0.0,0.06687622808780855,0.11131921339697255,0.0
maximum_sharpe_band_750bp,2012-10-01,0.029077516432443915,0.06483697531415207,0.3499999999999999,0.14635276613690662,0.23416641647560266,0.0,0.036064661075974794,0.1395016645649214,0.0
maximum_sharpe_band_750bp,2012-11-01,0.01952180514416178,0.0517746236910383,0.2951024973237882,0.2612765518138539,0.20846259654124785,0.0,0.049565298023373214,0.11429662746253495,0.0
maximum_sharpe_band_750bp,2012-12-03,0.01763362742637676,0.032941175517945245,0.34703977195175517,0.20659809930274217,0.21531362005050753,0.0,0.051208828349245894,0.12926487740142995,0.0
maximum_sharpe_band_750bp,2013-01-02,0.06411412885654742,0.040208739908817105,0.35,0.20756592331131582,0.1735375549572995,0.0,0.030452754846242953,0.13412089811977498,0.0
maximum_sharpe_band_750bp,2013-02-01,0.08692509725612205,0.04250313737018952,0.35,0.16861330991863904,0.16999303179669464,0.0,0.03184077068713423,0.15012465297121586,0.0
maximum_sharpe_band_750bp,2013-03-01,0.05260890440984382,0.022490568838098666,0.35,0.17120035892397997,0.21567127484564963,0.0,0.023697345788669298,0.16433154719375911,0.0
maximum_sharpe_band_750bp,2013-04-01,0.09863444999668904,0.024705097940048344,0.3499999999999989,0.13525538964711672,0.21154386089222438,0.0,0.0,0.17986120152392251,0.0
maximum_sharpe_band_750bp,2013-05-01,0.11149163796273609,0.0,0.34999999999999987,0.17828415703200942,0.1844307436074808,0.0,0.004530070006784762,0.17126339139099056,0.0
maximum_sharpe_band_750bp,2013-06-03,0.060648829493032054,0.0,0.35,0.23011073116118289,0.1421896542878688,0.0,0.0,0.21705078505792222,0.0
maximum_sharpe_band_750bp,2013-07-01,0.17354880212356485,0.0,0.35,0.14433597815461663,0.10762261341169031,0.0,0.0,0.22449260631016724,0.0
maximum_sharpe_band_750bp,2013-08-01,0.12059961589052953,4.6753137860201625e-12,0.34999999998777587,0.07779101463759815,0.19585521860001207,5.503654071381276e-12,5.314685459301485e-12,0.25575415086167724,6.913544925077602e-12
maximum_sharpe_band_750bp,2013-09-03,0.11864759878000683,0.0,0.35,0.04196057850038011,0.19691157471789875,0.0,0.0,0.2924802480054335,0.0
maximum_sharpe_band_750bp,2013-10-01,0.14671556053325804,0.0,0.35,0.04030799896055054,0.1861938008804781,0.0,0.0,0.2767826396262957,0.0
maximum_sharpe_band_750bp,2013-11-01,0.18440547374557165,0.0,0.35,0.13701169592676968,0.07254907162016608,0.0,0.0,0.25603375870721606,0.0
maximum_sharpe_band_750bp,2013-12-02,0.14526888932801688,0.0,0.35,0.18148181741049418,0.06327807054002252,0.0,0.0,0.25997122274280515,0.0
maximum_sharpe_band_750bp,2014-01-02,0.15192389328466147,0.0,0.35,0.2214041548721817,0.04131889306566845,0.0,0.0,0.23535305880301155,0.0
maximum_sharpe_band_750bp,2014-02-03,0.16584410710874076,5.866842734146343e-12,0.3499999999891027,0.22374601013716255,0.04697291027047179,7.286382075770339e-12,7.2315366687187004e-12,0.21343697246565096,8.486405375223447e-12
maximum_sharpe_band_750bp,2014-03-03,0.2033954104045181,0.0,0.35,0.23620632815782067,0.007362248095601389,0.0,0.0,0.20303601336345245,0.0
maximum_sharpe_band_750bp,2014-04-01,0.1978990544745983,3.8215283293798006e-12,0.3499999999918388,0.24362979807254662,7.534213772070371e-12,4.642712062168683e-12,4.603229400101613e-12,0.2084711474351043,5.310331587979854e-12
maximum_sharpe_band_750bp,2014-05-01,0.18332418445957394,0.0,0.35,0.26302790031037915,0.0,0.0,0.0,0.20364791528041734,0.0
maximum_sharpe_band_750bp,2014-06-02,0.17006877755386074,0.0,0.35,0.2633943060436078,0.0,0.0,0.0,0.21653691648252413,0.0
maximum_sharpe_band_750bp,2014-07-01,0.13487711036499078,0.0,0.35,0.2748109135278972,0.0,0.0,0.0,0.2403119761171829,0.0
maximum_sharpe_band_750bp,2014-08-01,0.1507822342774781,1.7188828756609792e-12,0.34999999999688086,0.2653499969049101,2.1465486899356796e-11,2.0360054516898457e-12,1.7940838701810402e-12,0.2338677687914511,2.265387950470786e-12
maximum_sharpe_band_750bp,2014-09-02,0.03916122760584172,0.0,0.3073081312281086,0.3499999999996497,0.0,0.0,0.0,0.30353064116525513,0.0
maximum_sharpe_band_750bp,2014-10-01,0.019811492000420563,0.0,0.3107128277730884,0.31970301349657854,0.0,0.0,0.0,0.34977266672993435,0.0
maximum_sharpe_band_750bp,2014-11-03,0.16339184746954233,0.0,0.349999999999896,0.18255518355126557,0.0,0.0,0.0,0.3040529689786058,0.0
maximum_sharpe_band_750bp,2014-12-01,0.09682071919005938,0.0,0.2126626304724298,0.35,0.0,0.0,0.0,0.34051665033752676,0.0
maximum_sharpe_band_750bp,2015-01-02,0.09684488644169818,0.0,0.20787754899951633,0.3452775645587699,0.0,0.0,0.0,0.3499999999999967,0.0
maximum_sharpe_band_750bp,2015-02-02,0.015264919420928226,0.0,0.3133958904555864,0.33186708457546577,0.0,0.0,0.0,0.3394721055480385,0.0
maximum_sharpe_band_750bp,2015-03-02,0.07398688520423073,0.0,0.30047864515749245,0.27553446963831524,0.0,0.0,0.0,0.35,0.0
maximum_sharpe_band_750bp,2015-04-01,0.04784697820853601,0.0,0.34999999999996934,0.2552466546759012,0.0,0.0,0.0,0.34690636711555173,0.0
maximum_sharpe_band_750bp,2015-05-01,0.10658353234363205,0.0,0.2843106066350803,0.2591058610214073,0.0,0.0,0.0,0.35,0.0
maximum_sharpe_band_750bp,2015-06-01,0.19096284300562297,0.0,0.19177890794375257,0.2672582490505793,0.0,0.0,0.0,0.34999999999999776,0.0
maximum_sharpe_band_750bp,2015-07-01,0.2981253108866787,0.0,0.1817311521839286,0.17014353692947734,0.0,0.0,0.0,0.35,0.0
maximum_sharpe_band_750bp,2015-08-03,0.33290422907061684,0.0,0.31709577092629565,1.8695251459253806e-12,0.0,0.0,0.0,0.35,0.0
maximum_sharpe_band_750bp,2015-09-01,0.3000000000000757,0.0,0.34999999999999537,0.0,0.0,0.0,0.0,0.34999999999999876,0.0
maximum_sharpe_band_750bp,2015-10-01,0.316618010094359,0.0,0.35,0.0052565896482919365,0.0,0.0,0.0,0.32812540025731274,0.0
maximum_sharpe_band_750bp,2015-11-02,0.3097311321288113,0.0,0.3499999999942735,1.1236295074616026e-11,0.0,3.169635828624692e-12,4.748377746060454e-12,0.34026886785728677,0.0
maximum_sharpe_band_750bp,2015-12-01,0.2999999999979258,0.0,0.34999999999982245,1.1325610588253099e-12,0.0,0.0,0.0,0.3499999999999787,0.0
maximum_sharpe_band_750bp,2016-01-04,0.2999999999902719,0.0,0.34999999999615883,9.605496953390968e-12,0.0,1.5911560263814906e-12,2.1160816154885964e-12,0.34999999999993786,0.0
maximum_sharpe_band_750bp,2016-02-01,0.3499999999999974,0.0,0.34999999999999815,0.031774456288936014,0.0,0.0,0.0,0.2682255437110562,0.0
maximum_sharpe_band_750bp,2016-03-01,0.3499999999999931,0.0,0.34999999999999165,0.04151876500078018,0.0,0.0,0.0,0.25848123499920983,0.0
maximum_sharpe_band_750bp,2016-04-01,0.2562756395302079,0.0,0.34999999999988646,0.1164241936254838,0.0,0.0,0.0,0.2773001668442208,0.0
maximum_sharpe_band_750bp,2016-05-02,0.20840318117778545,0.0,0.35,0.13743704957742195,0.0,0.0,0.0,0.30415976924477733,0.0
maximum_sharpe_band_750bp,2016-06-01,0.233717068787717,0.0,0.34999999999997466,0.16289138321377467,0.0,0.0,0.0,0.2533915479984816,0.0
maximum_sharpe_band_750bp,2016-07-01,0.09322861048569017,0.0,0.3499999999999957,0.31875012866335345,0.0,0.0,0.0,0.23802126085095304,0.0
maximum_sharpe_band_750bp,2016-08-01,0.10540022136398118,0.0,0.3499999999999999,0.3178567746551684,0.0,0.0,0.003982895496260557,0.2227601084845889,0.0
maximum_sharpe_band_750bp,2016-09-01,0.06381724832600895,0.0,0.35,0.34069834578978825,0.0,0.0,0.020003745738176208,0.22548066014602805,0.0
maximum_sharpe_band_750bp,2016-10-03,0.07858526628949727,0.0,0.35,0.35,0.0,0.0,0.004734730580414931,0.21668000313008837,0.0
maximum_sharpe_band_750bp,2016-11-01,0.07894755730078992,0.0,0.35,0.35,0.0,0.0,0.0,0.22105244269921495,0.0
maximum_sharpe_band_750bp,2016-12-01,0.0114214536556712,0.0,0.349999999999999,0.34675963275536575,0.0,0.0,0.043122403085922065,0.24869651050303707,0.0
maximum_sharpe_band_750bp,2017-01-03,0.1551404737275938,0.0,0.3499999999999997,0.2373056986363387,0.0,0.0,0.06986222102601752,0.18769160661004552,0.0
maximum_sharpe_band_750bp,2017-02-01,0.12259138713144746,0.0,0.35,0.24582332018507502,0.0,0.0,0.019863416218088542,0.2617218764653871,0.0
maximum_sharpe_band_750bp,2017-03-01,0.13207889402234138,0.0,0.3499999999999977,0.239033859258804,0.0,0.0,0.010687293908078675,0.2681999528107735,0.0
maximum_sharpe_band_750bp,2017-04-03,0.21440746570023075,0.0,0.349999999999991,0.191630576143315,0.0,0.0,0.0,0.2439619581564551,0.0
maximum_sharpe_band_750bp,2017-05-01,0.2646144757963198,0.0,0.3499999999998952,0.14483736695039098,0.0,0.0,0.0,0.24054815725320614,0.0
maximum_sharpe_band_750bp,2017-06-01,0.19523618168367748,0.0,0.3499999999991266,0.19206576526544886,0.0,0.0,0.0,0.26269805305025024,0.0
maximum_sharpe_band_750bp,2017-07-03,0.07460137438323475,0.0,0.35,0.29584435602521153,0.0,0.0,0.0,0.2795542695915573,0.0
maximum_sharpe_band_750bp,2017-08-01,0.08527129015752068,0.0,0.35,0.2803948091933295,0.0,0.0,0.0,0.2843339006497994,0.0
maximum_sharpe_band_750bp,2017-09-01,0.17304040019094924,1.0073490435899557e-12,0.3499999999967842,0.22080934616552306,1.5016023092919578e-12,1.7822776132540852e-12,2.4143770750023608e-12,0.25615025363814625,1.891713755043309e-12
maximum_sharpe_band_750bp,2017-10-02,0.051154688050136066,0.0,0.29589096404305615,0.3499999999999989,0.0,0.0,0.0,0.3029543479068058,0.0
maximum_sharpe_band_750bp,2017-11-01,0.12606614499306118,0.009493540998798731,0.21002326049552603,0.34999999999849085,0.0,0.0,0.0,0.3044170535110406,0.0
maximum_sharpe_band_750bp,2017-12-01,0.17754844288249852,0.009204480838122055,0.16616886169039058,0.34999999999617903,2.6330631316110907e-12,1.886993841821653e-12,1.972838115338023e-12,0.29707821458427647,2.04053836375367e-12
maximum_sharpe_band_750bp,2018-01-02,0.29124164025117083,0.033438188391456,0.0711884373337681,0.34999999999990167,0.0,0.0,0.0,0.25413173402342415,0.0
maximum_sharpe_band_750bp,2018-02-01,0.2818666022540693,0.04748642125532725,0.0,0.3206469764906119,0.0,0.0,0.0,0.35,0.0
maximum_sharpe_band_750bp,2018-03-01,0.24097807853033673,0.097623279122365,0.0,0.3113986423473098,0.0,0.0,0.0,0.35,0.0
maximum_sharpe_band_750bp,2018-04-02,0.16913442329328224,0.13086557670671772,0.0,0.35,0.0,0.0,0.0,0.3499999999999995,0.0
maximum_sharpe_band_750bp,2018-05-01,0.1853633794077943,0.11463662059222102,0.0,0.34999999999993575,0.0,0.0,0.0,0.3499999999999796,0.0
maximum_sharpe_band_750bp,2018-06-01,0.2121779073065101,0.07990643458131531,0.0,0.35,0.05287755246372299,0.0,0.0,0.30503810564981126,0.0
maximum_sharpe_band_750bp,2018-07-02,0.13895520827649735,0.037422987192209614,0.03665107384892834,0.34999999999997056,0.12833408107207148,0.0,0.0,0.3086366496102725,0.0
maximum_sharpe_band_750bp,2018-08-01,0.28973452705539415,0.08493805598003744,0.0,0.35,0.0,0.0,0.0,0.27532741696457846,0.0
maximum_sharpe_band_750bp,2018-09-04,0.1390743283606838,0.012918442869401676,0.0,0.3073662623235001,0.19064096644633466,0.0,0.0,0.34999999999994347,0.0
maximum_sharpe_band_750bp,2018-10-01,0.22309904527318444,0.031830187179589645,0.0,0.21902331504274322,0.1760474525047778,0.0,0.0,0.35,0.0
maximum_sharpe_band_750bp,2018-11-01,0.27392802392174526,0.07734348618580911,0.0,0.23533362436399824,0.06339486552896727,0.0,0.0,0.35,0.0
maximum_sharpe_band_750bp,2018-12-03,0.3323970969104973,0.16390005032200358,0.0,0.0031792797240113983,0.15052357304348785,0.0,0.0,0.35,0.0
maximum_sharpe_band_750bp,2019-01-02,0.057267679830553496,0.21802644987331274,0.0,0.3499999999999996,0.06149919493414867,0.0,0.0,0.3132066753619854,0.0
maximum_sharpe_band_750bp,2019-02-01,0.22921291201697191,0.12360823375301493,0.0,0.35,0.0,0.0,0.0,0.29717885423001306,0.0
maximum_sharpe_band_750bp,2019-03-01,0.27487639930287966,0.04300835745623796,0.0,0.3499999999999988,0.009170266703069842,0.0,0.0,0.3229449765378115,0.0
maximum_sharpe_band_750bp,2019-04-01,0.24973572453239448,0.0052340519754254826,0.030641945442516905,0.35,0.052350330404483295,0.0,0.0,0.3120379476451909,0.0
maximum_sharpe_band_750bp,2019-05-01,0.1756945898796692,0.0,0.0,0.34999999999999143,0.12430541012033647,0.0,0.0,0.35,0.0
maximum_sharpe_band_750bp,2019-06-03,0.12096748283960312,0.007226000413032964,0.09122260443638672,0.35,0.14034294344967543,0.0,0.0,0.29024096886130446,0.0
maximum_sharpe_band_750bp,2019-07-01,0.2993231737079795,0.0,0.0,0.35,0.0589180786153152,0.0,0.0,0.29175874767670745,0.0
maximum_sharpe_band_750bp,2019-08-01,0.3004085871807201,0.0,0.0,0.34999999999988934,0.05023852470799257,0.0,0.0,0.29935288811086663,0.0
maximum_sharpe_band_750bp,2019-09-03,0.129247419749976,0.036834647487041725,0.22144497236139812,0.34999999999935866,0.0,0.0,0.0,0.2624729604008734,0.0
maximum_sharpe_band_750bp,2019-10-01,0.22547423516146023,0.011641974367880382,0.15046840843084552,0.35,0.0,0.0,0.0,0.2624153820399017,0.0
maximum_sharpe_band_750bp,2019-11-01,0.13412120481590054,0.06462404703890111,0.17552678870208682,0.35,0.0,0.0,0.0,0.2757279594431134,0.0
maximum_sharpe_band_750bp,2019-12-02,0.1864923093242983,0.044769973539831094,0.20153198076907153,0.35,0.0,0.0,0.0,0.2172057363668011,0.0
maximum_sharpe_band_750bp,2020-01-02,0.16665949203453878,0.12140345536793148,0.13895493454707966,0.35,0.0,0.0,0.0,0.22298211805045057,0.0
maximum_sharpe_band_750bp,2020-02-03,0.07529471363925898,0.0867106192216701,0.26859530076061305,0.35,0.0,0.0,0.0,0.21939936637845667,0.0
maximum_sharpe_band_750bp,2020-03-02,0.09815794901266438,0.037659346536093284,0.3499999999999997,0.34999999999999976,0.0,0.0,0.0,0.16418270445124117,0.0
maximum_sharpe_band_750bp,2020-04-01,0.299805071928518,0.15612407295459405,0.35,0.028604520370866044,0.057611193730716846,0.0,0.0,0.10785514101530379,0.0
maximum_sharpe_band_750bp,2020-05-01,0.24965845901441064,0.1675341634787479,0.35,0.008242657513849337,0.09525755146773235,0.0,0.0,0.1293071685252639,0.0
maximum_sharpe_band_750bp,2020-06-01,0.22940098478190782,0.17870303174398644,0.3499999999999987,0.001852634884658899,0.10404210630508683,0.0,0.0,0.13600124228435992,0.0
maximum_sharpe_band_750bp,2020-07-01,0.20052481879943332,0.20413346396780285,0.35,0.0,0.11106777113491129,0.0,0.0,0.13427394609785262,0.0
maximum_sharpe_band_750bp,2020-08-03,0.15671650855561756,0.23714920011391885,0.3499999999999993,0.0,0.1212490959941155,0.0,0.0,0.13488519533634796,0.0
maximum_sharpe_band_750bp,2020-09-01,0.13244692801526656,0.19445455682577928,0.35,0.0,0.16260493863685668,0.0,0.0,0.16049357652210494,0.0
maximum_sharpe_band_750bp,2020-10-01,0.17331233807364066,0.17105919726985747,0.35,0.0,0.17097190146438934,0.0,0.0,0.13465656319211267,0.0
maximum_sharpe_band_750bp,2020-11-02,0.16139113550987946,0.1932306469233884,0.35,0.0,0.16772539310602577,0.0,0.0,0.12765282446070728,0.0
maximum_sharpe_band_750bp,2020-12-01,0.1754652524941841,0.11505105169742484,0.35,0.0,0.2140067142228555,0.0,0.0,0.14547698158553635,0.0
maximum_sharpe_band_750bp,2021-01-04,0.15947379012657117,0.14555380105072635,0.3499999999999994,0.0,0.19882051797923306,0.0,0.0,0.14615189084346886,0.0
maximum_sharpe_band_750bp,2021-02-01,0.16789314570214942,0.09735754605431957,0.3499999999999996,0.0,0.25242834914484313,0.0,0.0,0.13232095909868907,0.0
maximum_sharpe_band_750bp,2021-03-01,0.1706882785778562,0.06673189343232501,0.35,0.0,0.2604321525918976,0.0,0.0,0.15214767539792234,0.0
maximum_sharpe_band_750bp,2021-04-01,0.127943706613764,0.0732101711338639,0.34999999999999937,0.0,0.260765839431548,0.0,0.0,0.18808028282082323,0.0
maximum_sharpe_band_750bp,2021-05-03,0.14155382752713383,0.07833653806888159,0.35,0.0,0.2500826460416076,0.0,0.0,0.1800269883623778,0.0
maximum_sharpe_band_750bp,2021-06-01,0.08425613925662617,0.1401938862357269,0.34999999999999964,0.0,0.2460308874927653,0.0,0.0,0.17951908701488087,0.0
maximum_sharpe_band_750bp,2021-07-01,0.12101116886164195,0.10432013727395593,0.3499999999999998,0.0,0.24970165622422716,0.0,0.0,0.17496703764017488,0.0
maximum_sharpe_band_750bp,2021-08-02,0.10922247765948147,0.10521473971366953,0.34999999999999915,0.0,0.27814748843936427,0.0,0.0,0.15741529418748443,0.0
maximum_sharpe_band_750bp,2021-09-01,0.09365161489520431,0.12358425088965813,0.35,0.0,0.27103191816805106,0.0,0.0,0.16173221604708612,0.0
maximum_sharpe_band_750bp,2021-10-01,0.07338103030492144,0.11686719733362337,0.35,0.0,0.3019697427995855,0.0,0.0,0.1577820295618697,0.0
maximum_sharpe_band_750bp,2021-11-01,0.05127482837430903,0.07990268946512602,0.3499999999999999,0.0,0.33027434834083536,0.0,0.0,0.18854813381972957,0.0
maximum_sharpe_band_750bp,2021-12-01,0.0453836045243024,0.07648040069877057,0.34999999999999976,0.0,0.3499999999999998,0.0,0.0,0.1781359947769275,0.0
maximum_sharpe_band_750bp,2022-01-03,0.022138116926511076,0.06958442568976121,0.33911056887611996,0.0,0.34999999999999976,0.0,0.0,0.21916688850760618,0.0
maximum_sharpe_band_750bp,2022-02-01,0.050237981015002216,0.08695730027197855,0.3033203949577753,0.0,0.35,0.0,0.0,0.20948432375524426,0.0
maximum_sharpe_band_750bp,2022-03-01,0.07635440743401158,0.14477897130354414,0.2468715164932224,0.0,0.35,0.0,0.0,0.18199510476922154,0.0
maximum_sharpe_band_750bp,2022-04-01,0.14254310194768055,0.25126720462872215,0.04944382188590021,0.0,0.34999999999999926,0.0,0.0,0.20674587153769644,0.0
maximum_sharpe_band_750bp,2022-05-02,0.13822704567306976,0.32387911751437287,0.0,0.0,0.34999999999999887,0.0,0.0,0.18789383681255578,0.0
maximum_sharpe_band_750bp,2022-06-01,0.06789516361523086,0.3291829644863297,0.0,0.0,0.34999999999999987,0.0,0.0,0.2529218718984401,0.0
maximum_sharpe_band_750bp,2022-07-01,0.10954588950884925,0.3499999999999992,0.0,0.0,0.31901951918271787,0.0,0.0,0.22143459130843235,0.0
maximum_sharpe_band_750bp,2022-08-01,0.25364329421170234,0.190290088103792,0.0,0.0,0.35,0.0,0.0,0.20606661768450937,0.0
maximum_sharpe_band_750bp,2022-09-01,0.16178905246954062,0.1500157765407998,0.0,0.0,0.35,0.0,0.0,0.3381951709896587,0.0
maximum_sharpe_band_750bp,2022-10-03,0.32331749805072585,0.3266825019494179,0.0,0.0,0.0,0.0,0.0,0.35,0.0
maximum_sharpe_band_750bp,2022-11-01,0.3272341859245721,0.17056752713089784,0.0,0.0,0.15219828694456358,0.0,0.0,0.35,0.0
maximum_sharpe_band_750bp,2022-12-01,0.2774988603062362,0.35,0.0,0.0,0.055495032730608185,0.0,0.0,0.31700610696317183,0.0
maximum_sharpe_band_750bp,2023-01-03,0.35,0.35,0.0,0.0,0.030880368778851072,0.0,0.0,0.2691196312211349,0.0
maximum_sharpe_band_750bp,2023-02-01,0.35,0.35,0.0,0.0,0.010232618313450093,0.0,0.0,0.2897673816865465,0.0
maximum_sharpe_band_750bp,2023-03-01,0.35,0.2999999999999986,0.0,0.0,0.0,0.0,0.0,0.34999999999999964,0.0
maximum_sharpe_band_750bp,2023-04-03,0.35,0.2660847302479477,0.0,0.0,0.0,0.03391526975205217,0.0,0.34999999999999987,0.0
maximum_sharpe_band_750bp,2023-05-01,0.34999999999999787,0.16969071335992805,0.0,0.0,0.0,0.13030928664007357,0.0,0.35,0.0
maximum_sharpe_band_750bp,2023-06-01,0.35,0.20974431208845118,0.0,0.0,0.0,0.09025568791152794,0.0,0.35,0.0
maximum_sharpe_band_750bp,2023-07-03,0.35,0.1312412030845312,0.0,0.0,0.0,0.16875879690793016,0.0,0.35,0.0
maximum_sharpe_band_750bp,2023-08-01,0.3499999999999994,0.0,0.0,0.0,0.0,0.2999999999999991,0.0,0.35,0.0
maximum_sharpe_band_750bp,2023-09-01,0.349999999999991,0.0,0.0,0.0,0.0,0.30000000000000215,0.0,0.34999999999999976,0.0
maximum_sharpe_band_750bp,2023-10-02,0.35,0.0,0.0,0.0,0.0,0.30000000000000115,0.0,0.35,0.0
maximum_sharpe_band_750bp,2023-11-01,0.35,0.1396571902199842,0.0,0.0,0.0,0.16034280976104787,0.0,0.35,0.0
maximum_sharpe_band_750bp,2023-12-01,0.35,0.3000000000000453,0.0,0.0,0.0,0.0,0.0,0.35,0.0
maximum_sharpe_band_750bp,2024-01-02,0.3499999999999326,0.2405229263531849,0.0,0.0,0.0,0.0,0.05947707364684093,0.34999999999999937,0.0
maximum_sharpe_band_750bp,2024-02-01,0.34999999999997444,0.29999999999997934,0.0,0.0,0.0,0.0,0.0,0.34999999999999903,0.0
maximum_sharpe_band_750bp,2024-03-01,0.35,0.3000000000000185,0.0,0.0,0.0,0.0,0.0,0.35,0.0
maximum_sharpe_band_750bp,2024-04-01,0.3499999999948977,0.34999999999985887,0.0,0.0,0.0,2.240055363422755e-12,0.0,0.30000000000249183,0.0
maximum_sharpe_band_750bp,2024-05-01,0.3499999999987581,0.3499999999999185,0.0,0.0,0.0,1.2017817296872124e-12,0.0,0.299999999999949,0.0
maximum_sharpe_band_750bp,2024-06-03,0.3278585932600698,0.35,0.0,0.0,0.0,0.0,0.0,0.3221414067400255,0.0
maximum_sharpe_band_750bp,2024-07-01,0.35,0.35,0.0,0.0,0.0,0.0,0.0,0.300000000000051,0.0
maximum_sharpe_band_750bp,2024-08-01,0.35,0.35,0.0,0.0,0.0,0.0,0.0,0.3000000000000643,0.0
maximum_sharpe_band_750bp,2024-09-03,0.3499999999991809,0.34999999999994497,0.0,0.0,0.0,0.0,0.0,0.30000000000008076,0.0
maximum_sharpe_band_750bp,2024-10-01,0.35,0.35,0.0,0.0,0.0,0.0,0.0,0.3000000000000042,0.0
maximum_sharpe_band_750bp,2024-11-01,0.3499999999999833,0.349999999999994,0.0,0.0,0.0,0.0,0.0,0.2999999999999948,0.0
maximum_sharpe_band_750bp,2024-12-02,0.3499999999999923,0.3499999999999967,0.0,0.0,0.0,0.0,0.0,0.3000000000000024,0.0
maximum_sharpe_band_750bp,2025-01-02,0.35,0.35,0.0,0.0,0.0,0.0,0.0,0.3000000000000024,0.0
maximum_sharpe_band_750bp,2025-02-03,0.3499999999999891,0.34999999999999626,0.0,0.0,0.0,0.0,0.0,0.29999999999999877,0.0
maximum_sharpe_band_750bp,2025-03-03,0.3499999999989889,0.3499999999999427,0.0,0.0,0.0,0.0,0.0,0.3000000000002598,0.0
maximum_sharpe_band_750bp,2025-04-01,0.34999999999999837,0.3499999999999996,0.0,0.0,0.0,0.0,0.0,0.3000000000000019,0.0
maximum_sharpe_band_750bp,2025-05-01,0.35,0.35,0.015584562931053736,0.0,0.0,0.0,0.0,0.284415437068153,0.0
maximum_sharpe_band_750bp,2025-06-02,0.35,0.35,0.0,0.0,0.0,0.0,0.0,0.29999999999999877,0.0
maximum_sharpe_band_750bp,2025-07-01,0.3499999999999982,0.34999999999999976,0.0,0.0,0.0,0.0,0.0,0.29999999999999993,0.0
maximum_sharpe_band_750bp,2025-08-01,0.3499999999999932,0.3499999999999984,0.0,0.0,0.0,0.0,0.0,0.30000000000000004,0.0
maximum_sharpe_band_750bp,2025-09-02,0.3499999999999964,0.349999999999999,0.0,0.0,0.0,0.0,0.0,0.3000000000000011,0.0
maximum_sharpe_band_750bp,2025-10-01,0.34999999999999853,0.34999999999999953,0.0,0.0,0.0,0.0,0.0,0.3000000000000012,0.0
maximum_sharpe_band_750bp,2025-11-03,0.35,0.35,0.0,0.0,0.0,0.0,0.0,0.30000000000000077,0.0
maximum_sharpe_band_750bp,2025-12-01,0.35,0.35,0.0,0.0,0.0012954214729407147,0.0,0.0,0.2987045785270597,0.0
